{"content":[{"id":"117e147b","settings":{"background_background":"classic","__globals__":{"background_color":"globals\/colors?id=7fcabb5"},"content_width":{"unit":"px","size":1024,"sizes":[]}},"elements":[{"id":"375ede16","settings":{"_column_size":100,"_inline_size":null},"elements":[{"id":"540353d1","settings":{"align_items":"center","submenu_icon":{"value":"fas fa-angle-down","library":"fa-solid"},"dropdown":"mobile","text_align":"center","menu_typography_typography":"custom","menu_typography_font_family":"Montserrat","menu_typography_font_weight":"600","color_menu_item":"#8DACA6","color_menu_item_hover":"#8DACA6","pointer_color_menu_item_hover":"#8DACA6","color_menu_item_active":"#8DACA6","pointer_color_menu_item_active":"#FFFFFF","dropdown_typography_typography":"custom","dropdown_typography_font_family":"Montserrat","dropdown_typography_font_size":{"unit":"px","size":16,"sizes":[]},"dropdown_typography_font_weight":"500","__globals__":{"menu_typography_typography":"globals\/typography?id=primary","color_menu_item":"globals\/colors?id=primary","color_menu_item_hover":"globals\/colors?id=primary","pointer_color_menu_item_hover":"globals\/colors?id=6e40ef7","color_menu_item_active":"globals\/colors?id=primary","pointer_color_menu_item_active":"globals\/colors?id=primary","dropdown_typography_typography":"","color_dropdown_item":"globals\/colors?id=7fcabb5","color_dropdown_item_hover":"globals\/colors?id=primary","background_color_dropdown_item_hover":"globals\/colors?id=6e40ef7","color_dropdown_item_active":"globals\/colors?id=6e40ef7","background_color_dropdown_item_active":"globals\/colors?id=primary","toggle_color":"globals\/colors?id=7fcabb5","toggle_background_color":"globals\/colors?id=secondary","toggle_color_hover":"globals\/colors?id=primary","toggle_background_color_hover":"globals\/colors?id=secondary","background_color_dropdown_item":"globals\/colors?id=primary"},"_z_index_mobile":1,"animation_line":"grow","toggle_size_mobile":{"unit":"px","size":20,"sizes":[]},"toggle_border_width_mobile":{"unit":"px","size":3,"sizes":[]},"toggle_border_radius_mobile":{"unit":"px","size":2,"sizes":[]}},"elements":[],"isInner":false,"widgetType":"nav-menu","elType":"widget"}],"isInner":false,"elType":"column"}],"isInner":false,"elType":"section"},{"id":"5f27f8eb","settings":[],"elements":[{"id":"7ee43d8","settings":{"_column_size":100,"_inline_size":null},"elements":[{"id":"2fc2a588","settings":{"galleries":[{"gallery_title":"New Gallery","_id":"635cb48"}],"columns":3,"thumbnail_image_size":"medium_large","show_all_galleries_label":"All","overlay_title":"caption","image_hover_animation":"grow"},"elements":[],"isInner":false,"widgetType":"gallery","elType":"widget"}],"isInner":false,"elType":"column"}],"isInner":false,"elType":"section"}],"settings":{"eael_ext_toc_title":"Table of Contents"},"metadata":[]}