{"content":[{"id":"778f5e0a","settings":{"content_width":{"unit":"px","size":1024},"content_position":"middle","structure":"20","padding":{"unit":"px","top":"70","right":"0","bottom":"50","left":"0","isLinked":""},"padding_tablet":{"unit":"px","top":"30","right":"30","bottom":"60","left":"30","isLinked":""},"reverse_order_mobile":"reverse-mobile","_title":"Coming soon","custom_css":"selector .eael-countdown-label{\n    padding-top: 7px;\n}","padding_mobile":{"unit":"px","top":"30","right":"0","bottom":"10","left":"0","isLinked":false}},"elements":[{"id":"56049bfb","settings":{"_column_size":"50"},"elements":[{"id":"6f724905","settings":{"image":{"id":2058,"url":"https:\/\/www.rozvedcik-volejbal.cz\/wp-content\/uploads\/2021\/08\/poster_2022hobby_small.png","alt":"","source":"library"},"image_border_border":"solid","image_border_width":{"unit":"px","top":"0","right":"0","bottom":"0","left":"0","isLinked":"1"},"image_border_color":"#ffffff","image_box_shadow_box_shadow_type":"yes","image_box_shadow_box_shadow":{"horizontal":"10","vertical":"10","blur":"20","spread":"0","inset":"","color":"rgba(0,0,0,0.12)"},"_padding_mobile":{"unit":"px","top":"0","right":"0","bottom":"30","left":"0","isLinked":""},"_attributes":"loading|lazy"},"elements":[],"isInner":false,"widgetType":"image","elType":"widget"}],"isInner":false,"elType":"column"},{"id":"f167cf8","settings":{"_column_size":"50","padding":{"unit":"px","top":"0","right":"0","bottom":"0","left":"60","isLinked":""},"padding_mobile":{"unit":"px","top":"0","right":"0","bottom":"9","left":"0","isLinked":""}},"elements":[{"id":"6a15537c","settings":{"title":"Nenechte si uj\u00edt...","header_size":"h3","align_mobile":"center","title_color":"#8daca6","__globals__":{"typography_typography":"globals\/typography?id=primary"},"_padding_mobile":{"unit":"px","top":"0","right":"3","bottom":"0","left":"3","isLinked":false}},"elements":[],"isInner":false,"widgetType":"heading","elType":"widget"},{"id":"4fc02c6f","settings":{"editor":"<p><span style=\"color: var( --e-global-color-text ); font-family: var( --e-global-typography-primary-font-family ), Sans-serif; font-weight: var( --e-global-typography-primary-font-weight ); font-size: var(--global--font-size-base);\">Hobby turnaj 2022 se bude konat 6.&nbsp;8.&nbsp;2022! Rezervujte si svoje m\u00edsto co nejd\u0159\u00edve.<\/span><\/p>","align_mobile":"center","__globals__":{"typography_typography":"globals\/typography?id=primary"},"_padding_mobile":{"unit":"px","top":"0","right":"3","bottom":"0","left":"3","isLinked":false}},"elements":[],"isInner":false,"widgetType":"text-editor","elType":"widget"},{"id":"4a0210bc","settings":{"look":"line_icon","text":"Odd\u011blova\u010d","icon":{"value":"fas fa-volleyball-ball","library":"fa-solid"},"weight":{"unit":"px","size":2,"sizes":[]},"gap":{"unit":"px","size":2,"sizes":[]},"__globals__":{"color":"globals\/colors?id=secondary"},"hide_mobile":"hidden-mobile"},"elements":[],"isInner":false,"widgetType":"divider","elType":"widget"},{"id":"4eefe401","settings":{"editor":"<p>Do za\u010d\u00e1tku zb\u00fdv\u00e1:<\/p>","__globals__":{"typography_typography":"globals\/typography?id=primary"},"align_mobile":"center","align":"center"},"elements":[],"isInner":false,"widgetType":"text-editor","elType":"widget"},{"id":"a7359d1","settings":{"eael_countdown_due_time":"2022-08-06 08:30","eael_countdown_days_label":"Dn\u00ed","eael_countdown_hours_label":"Hodin","eael_countdown_minutes_label":"Minut","eael_countdown_seconds_label":"Sekund","countdown_expiry_text_title":"Countdown is finished!","countdown_expiry_redirection":"#","eael_countdown_background":"#7A7A7A","eael_countdown_spacing":{"unit":"px","size":3,"sizes":[]},"eael_countdown_digits_color":"#FFFFFF","eael_countdown_digit_typography_typography":"custom","eael_countdown_digit_typography_font_family":"Montserrat","eael_countdown_digit_typography_font_weight":"500","eael_countdown_label_typography_typography":"custom","eael_countdown_label_typography_font_family":"Montserrat","eael_countdown_label_typography_font_size":{"unit":"px","size":16,"sizes":[]},"eael_countdown_label_typography_font_weight":"400","eael_countdown_label_typography_text_transform":"uppercase","__globals__":{"eael_countdown_background":"globals\/colors?id=text","eael_countdown_digits_color":"globals\/colors?id=primary","eael_countdown_digit_typography_typography":"","eael_countdown_label_typography_typography":""},"eael_countdown_label_view_tablet":"eael-countdown-label-block","eael_countdown_label_view_mobile":"eael-countdown-label-block","eael_countdown_separator_position_left":{"unit":"%","size":97,"sizes":[]},"eael_countdown_spacing_tablet":{"unit":"px","size":0,"sizes":[]},"eael_countdown_digit_typography_font_size_tablet":{"unit":"px","size":40,"sizes":[]},"eael_countdown_digit_typography_font_size_mobile":{"unit":"px","size":40,"sizes":[]},"eael_countdown_label_typography_font_size_tablet":{"unit":"px","size":11,"sizes":[]},"eael_countdown_label_typography_font_size_mobile":{"unit":"px","size":11,"sizes":[]},"eael_countdown_box_padding":{"unit":"px","top":"20","right":"10","bottom":"20","left":"10","isLinked":false},"eael_countdown_digit_typography_font_size":{"unit":"px","size":50,"sizes":[]},"_padding_mobile":{"unit":"px","top":"0","right":"10","bottom":"0","left":"10","isLinked":false}},"elements":[],"isInner":false,"widgetType":"eael-countdown","elType":"widget"},{"id":"47e136ec","settings":{"text":"V\u00edce o turnaji","align":"left","align_mobile":"center","size":"md","icon":"fa fa-angle-double-right","icon_align":"right","background_color":"#e4bc36","button_background_hover_color":"#8daca6","border_radius":{"unit":"px","top":"2","right":"2","bottom":"2","left":"2","isLinked":"1"},"selected_icon":{"value":"fas fa-angle-right","library":"fa-solid"},"__fa4_migrated":{"selected_icon":true},"__globals__":{"typography_typography":"globals\/typography?id=primary"},"link":{"url":"https:\/\/www.rozvedcik-volejbal.cz\/upcoming\/","is_external":"","nofollow":"","custom_attributes":""},"icon_indent":{"unit":"px","size":15,"sizes":[]}},"elements":[],"isInner":false,"widgetType":"button","elType":"widget"}],"isInner":false,"elType":"column"}],"isInner":"","elType":"section"}],"settings":{"eael_ext_toc_title":"Table of Contents","custom_css":"@media(max-width: 767px){\n    .flex-reversed-section > div{\n        flex-direction: column-reverse;\n    }\n}"},"metadata":[],"location":""}