{"content":[{"id":"5245b861","settings":{"background_background":"classic","__globals__":{"background_color":"globals\/colors?id=7fcabb5"},"content_width":{"unit":"px","size":1024,"sizes":[]},"_element_id":"page-top"},"elements":[{"id":"64d65953","settings":{"_column_size":100,"_inline_size":null},"elements":[{"id":"1ff7dc7f","settings":{"align_items":"center","submenu_icon":{"value":"fas fa-angle-down","library":"fa-solid"},"dropdown":"mobile","text_align":"center","menu_typography_typography":"custom","menu_typography_font_family":"Montserrat","menu_typography_font_weight":"600","color_menu_item":"#8DACA6","color_menu_item_hover":"#8DACA6","pointer_color_menu_item_hover":"#8DACA6","color_menu_item_active":"#8DACA6","pointer_color_menu_item_active":"#FFFFFF","dropdown_typography_typography":"custom","dropdown_typography_font_family":"Montserrat","dropdown_typography_font_size":{"unit":"px","size":16,"sizes":[]},"dropdown_typography_font_weight":"500","__globals__":{"menu_typography_typography":"globals\/typography?id=primary","color_menu_item":"globals\/colors?id=primary","color_menu_item_hover":"globals\/colors?id=primary","pointer_color_menu_item_hover":"globals\/colors?id=6e40ef7","color_menu_item_active":"globals\/colors?id=primary","pointer_color_menu_item_active":"globals\/colors?id=primary","dropdown_typography_typography":"","color_dropdown_item":"globals\/colors?id=7fcabb5","color_dropdown_item_hover":"globals\/colors?id=primary","background_color_dropdown_item_hover":"globals\/colors?id=6e40ef7","color_dropdown_item_active":"globals\/colors?id=6e40ef7","background_color_dropdown_item_active":"globals\/colors?id=primary","toggle_color":"globals\/colors?id=7fcabb5","toggle_background_color":"globals\/colors?id=secondary","toggle_color_hover":"globals\/colors?id=primary","toggle_background_color_hover":"globals\/colors?id=secondary","background_color_dropdown_item":"globals\/colors?id=primary"},"_z_index_mobile":1,"animation_line":"grow","toggle_size_mobile":{"unit":"px","size":20,"sizes":[]},"toggle_border_width_mobile":{"unit":"px","size":3,"sizes":[]},"toggle_border_radius_mobile":{"unit":"px","size":2,"sizes":[]}},"elements":[],"isInner":false,"widgetType":"nav-menu","elType":"widget"}],"isInner":false,"elType":"column"}],"isInner":false,"elType":"section"},{"id":"ed71143","settings":{"background_background":"classic","__globals__":{"background_color":"globals\/colors?id=7fcabb5"},"content_width":{"unit":"px","size":1024,"sizes":[]}},"elements":[{"id":"4edcac7b","settings":{"_column_size":100,"_inline_size":null},"elements":[{"id":"259c3525","settings":{"title":"2022&nbsp;-&nbsp;hobby","align":"center","__globals__":{"title_color":"globals\/colors?id=primary","typography_typography":""},"title_color":"#FFFFFF","typography_typography":"custom","typography_font_family":"Montserrat","typography_font_weight":"400","typography_text_transform":"uppercase"},"elements":[],"isInner":false,"widgetType":"heading","elType":"widget"}],"isInner":false,"elType":"column"}],"isInner":false,"elType":"section"},{"id":"28ed4799","settings":{"structure":"20","background_background":"classic","__globals__":{"background_color_b":"globals\/colors?id=primary","background_color":"globals\/colors?id=secondary"},"content_width":{"unit":"px","size":1024,"sizes":[]}},"elements":[{"id":"31a2e25c","settings":{"_column_size":50,"_inline_size":null,"content_position":"top","padding":{"unit":"px","top":"15","right":"0","bottom":"15","left":"0","isLinked":false},"custom_css":"selector .elementor-widget-wrap {\r\n        flex-direction: column;\r\n}\r\n\r\nselector .elementor-widget-wrap .align-to-bottom {\r\n        margin-top: auto;\r\n}"},"elements":[{"id":"1724e96","settings":{"icon_list":[{"text":"6.&nbsp;8.&nbsp;2022","selected_icon":{"value":"far fa-calendar-alt","library":"fa-regular"},"_id":"7a469eb"},{"text":"35 hr\u00e1\u010d\u016f","selected_icon":{"value":"fas fa-users","library":"fa-solid"},"_id":"d7dca6f"},{"text":"Losov\u00e1n\u00ed: N\u00e1hodn\u00e9","selected_icon":{"value":"fas fa-dice","library":"fa-solid"},"_id":"68ad138"},{"_id":"834d463","text":"Syst\u00e9m: <span style=\"white-space: normal;\">2 skupiny po 3 t\u00fdmech a play-off<\/span>","selected_icon":{"value":"fas fa-table","library":"fa-solid"}}],"icon_align":"left","icon_self_align":"center","_padding":{"unit":"%","top":"0","right":"5","bottom":"0","left":"5","isLinked":false},"__globals__":{"icon_typography_typography":"","icon_color":"globals\/colors?id=7fcabb5","text_color":""},"icon_align_mobile":"left","_padding_mobile":{"unit":"px","top":"0","right":"0","bottom":"0","left":"15","isLinked":false},"view":"","space_between":{"unit":"px","size":4,"sizes":[]},"icon_color":"#003E53","icon_size":{"unit":"px","size":25,"sizes":[]},"text_color":"#003E53","text_indent":{"unit":"px","size":18,"sizes":[]},"icon_typography_typography":"custom","icon_typography_font_family":"Montserrat","icon_typography_font_size":{"unit":"px","size":21,"sizes":[]},"icon_typography_font_weight":"600"},"elements":[],"isInner":false,"widgetType":"icon-list","elType":"widget"},{"id":"54adca07","settings":{"content_width":{"unit":"px","size":500,"sizes":[]},"structure":"20","custom_css":"@media(max-width: 767px){\n    selector .elementor-button-wrapper {\n        padding: 0 20%;\n    }\n}\n\n@media(max-width: 450px){\n    selector .elementor-button-wrapper {\n        padding: 0 10%;\n    }\n}","css_classes":"align-to-bottom"},"elements":[{"id":"4e80977","settings":{"_column_size":50,"_inline_size":null},"elements":[{"id":"6226f84d","settings":{"text":"Turnaj 2022 - PROFI","link":{"url":"https:\/\/www.rozvedcik-volejbal.cz\/previous\/2022-profi\/","is_external":"","nofollow":"","custom_attributes":""},"align":"justify","selected_icon":{"value":"fas fa-angle-double-left","library":"fa-solid"},"border_radius":{"unit":"px","top":"2","right":"2","bottom":"2","left":"2","isLinked":true},"__globals__":{"typography_typography":"globals\/typography?id=primary","button_text_color":"globals\/colors?id=7fcabb5","background_color":"globals\/colors?id=a2c7b92","hover_color":"globals\/colors?id=primary"},"align_mobile":"justify","_z_index":1,"icon_indent":{"unit":"px","size":10,"sizes":[]},"_element_vertical_align":"flex-end","_margin":{"unit":"px","top":"-1","right":"-1","bottom":"-1","left":"-1","isLinked":true}},"elements":[],"isInner":false,"widgetType":"button","elType":"widget"}],"isInner":true,"elType":"column"},{"id":"6cdb12b1","settings":{"_column_size":50,"_inline_size":null},"elements":[{"id":"7066d46","settings":{"text":"Turnaj 2022 - BEACH","link":{"url":"https:\/\/www.rozvedcik-volejbal.cz\/upcoming\/","is_external":"","nofollow":"","custom_attributes":""},"align":"justify","selected_icon":{"value":"fas fa-angle-double-right","library":"fa-solid"},"icon_align":"right","border_radius":{"unit":"px","top":"2","right":"2","bottom":"2","left":"2","isLinked":true},"__globals__":{"typography_typography":"globals\/typography?id=primary","button_text_color":"","background_color":"globals\/colors?id=a2c7b92","hover_color":"globals\/colors?id=primary"},"align_mobile":"justify","icon_indent":{"unit":"px","size":8,"sizes":[]},"_element_custom_width":{"unit":"px","size":235,"sizes":[]},"_element_vertical_align":"flex-start","typography_typography":"custom","typography_font_family":"Montserrat","typography_font_weight":"600","button_text_color":"#406470","background_color":"#789E97","hover_color":"#FFFFFF","_margin":{"unit":"px","top":"-1","right":"-1","bottom":"-1","left":"-1","isLinked":true}},"elements":[],"isInner":false,"widgetType":"button","elType":"widget"}],"isInner":true,"elType":"column"}],"isInner":true,"elType":"section"}],"isInner":false,"elType":"column"},{"id":"297b8fed","settings":{"_column_size":50,"_inline_size":null,"custom_css":"@media (max-width: 767px){\r\n.eael-data-table-wrap {\r\n    overflow-x: scroll !important;\r\n    padding-bottom: 5px;\r\n}\r\n}","content_position":"space-between","padding":{"unit":"px","top":"15","right":"0","bottom":"15","left":"0","isLinked":false}},"elements":[{"id":"7a52d233","settings":{"carousel":[{"id":4750,"url":"https:\/\/www.rozvedcik-volejbal.cz\/wp-content\/uploads\/2022\/08\/20220806_195728-scaled.jpg"},{"id":4744,"url":"https:\/\/www.rozvedcik-volejbal.cz\/wp-content\/uploads\/2022\/08\/20220806_183850-scaled.jpg"},{"id":4719,"url":"https:\/\/www.rozvedcik-volejbal.cz\/wp-content\/uploads\/2022\/08\/20220806_163724-scaled.jpg"}],"thumbnail_size":"large","slides_to_show":"1"},"elements":[],"isInner":false,"widgetType":"image-carousel","elType":"widget"},{"id":"3eac6eff","settings":[],"elements":[{"id":"23306b30","settings":{"_column_size":100,"_inline_size":null},"elements":[{"id":"4b30d05","settings":{"text":"V\u0161echny fotky","align":"center","selected_icon":{"value":"fas fa-angle-right","library":"fa-solid"},"icon_align":"right","border_radius":{"unit":"px","top":"2","right":"2","bottom":"2","left":"2","isLinked":true},"__globals__":{"typography_typography":"globals\/typography?id=primary","button_text_color":"globals\/colors?id=7fcabb5","background_color":"globals\/colors?id=a2c7b92","hover_color":"globals\/colors?id=primary"},"icon_indent":{"unit":"px","size":8,"sizes":[]},"link":{"url":"https:\/\/www.rozvedcik-volejbal.cz\/gallery\/galerie-2022-hobby\/","is_external":"","nofollow":"","custom_attributes":""}},"elements":[],"isInner":false,"widgetType":"button","elType":"widget"}],"isInner":true,"elType":"column"}],"isInner":true,"elType":"section"}],"isInner":false,"elType":"column"}],"isInner":false,"elType":"section"},{"id":"37865e46","settings":{"custom_height":{"unit":"px","size":200,"sizes":[]},"column_position":"top","background_background":"classic","__globals__":{"background_color":"globals\/colors?id=secondary"},"content_width":{"unit":"px","size":1024,"sizes":[]}},"elements":[{"id":"7019e355","settings":{"_column_size":100,"_inline_size":null},"elements":[{"id":"2ecd4b90","settings":{"look":"line_icon","text":"Odd\u011blova\u010d","icon":{"value":"fas fa-volleyball-ball","library":"fa-solid"},"weight":{"unit":"px","size":3,"sizes":[]},"gap":{"unit":"px","size":10,"sizes":[]},"icon_size":{"unit":"px","size":60,"sizes":[]},"icon_spacing":{"unit":"px","size":25,"sizes":[]},"rotate":{"unit":"deg","size":"","sizes":[]},"__globals__":{"color":"globals\/colors?id=7fcabb5","primary_color":"globals\/colors?id=7fcabb5"}},"elements":[],"isInner":false,"widgetType":"divider","elType":"widget"}],"isInner":false,"elType":"column"}],"isInner":false,"elType":"section"},{"id":"157b0cdc","settings":{"content_width":{"unit":"px","size":1024,"sizes":[]},"padding":{"unit":"px","top":"0","right":"0","bottom":"10","left":"0","isLinked":false}},"elements":[{"id":"c4179cd","settings":{"_column_size":100,"_inline_size":null},"elements":[{"id":"1282e714","settings":{"editor":"Turnaje se \u00fa\u010dastnilo 6 nalosovan\u00fdch t\u00fdm\u016f. Vytvo\u0159ily se 2 skupiny po 3 t\u00fdmech, kde se hr\u00e1lo syst\u00e9mem ka\u017ed\u00fd s ka\u017ed\u00fdm. D\u00e1le se hr\u00e1lo play-off, v\u00edt\u011bzov\u00e9 skupin byli nasazeni rovnou do semifin\u00e1le. \u010ctvrtfin\u00e1le si zahr\u00e1li druz\u00ed proti t\u0159et\u00edm z&nbsp;opa\u010dn\u00e9 skupiny. Dohr\u00e1valy se z\u00e1pasy jak o 3.&nbsp;tak o 5.&nbsp;m\u00edsto.\n<br><br>\nZ\u00e1pasy ve skupin\u00e1ch se hr\u00e1ly na&nbsp;2 hran\u00e9 sety do&nbsp;25 (o&nbsp;2) od stavu&nbsp;5:5. Z\u00e1pasy v play-off v\u010detn\u011b fin\u00e1le na dva v\u00edt\u011bzn\u00e9 sety do&nbsp;25 (o&nbsp;2) od stavu&nbsp;8:8 a tiebreak do&nbsp;15 (o&nbsp;2) od stavu&nbsp;0:0. Z\u00e1pasy se ve skupin\u00e1ch se bodovaly setov\u00fdm syst\u00e9mem \u2013 za v\u00edt\u011bzstv\u00ed&nbsp;2:0\u00a0dva body, za\u00a0rem\u00edzu&nbsp;1:1\u00a0jeden bod a za prohru&nbsp;0:2\u00a0nula bod\u016f.<\/span>\n<br><br>\nO po\u0159ad\u00ed ve skupin\u00e1ch rozhodovalo postupn\u011b:\u00a0po\u010det bod\u016f, po\u010det v\u00fdher&nbsp;2:0, pom\u011br m\u00ed\u010d\u016f, po\u010det bod\u016f ze vz\u00e1jemn\u00e9ho z\u00e1pasu, pom\u011br m\u00ed\u010d\u016f ze vz\u00e1jemn\u00e9ho z\u00e1pasu, ni\u017e\u0161\u00ed sou\u010det v\u00fd\u0161ky v\u0161ech hr\u00e1\u010d\u016f, vy\u0161\u0161\u00ed sou\u010det v\u00e1hy v\u0161ech hr\u00e1\u010d\u016f, v\u00fd\u0161e nezi\u0161tn\u00e9ho daru organiz\u00e1tor\u016fm (p\u0159i\u010dem\u017e l\u00e9pe je hodnocen dar vy\u0161\u0161\u00ed).","text_color":"#003E53","typography_typography":"custom","typography_font_family":"Montserrat","typography_font_weight":"500","__globals__":{"text_color":"globals\/colors?id=7fcabb5","typography_typography":""},"align":"justify","custom_css":"@media(max-width: 410px){\n    selector .elementor-widget-container {\n        text-align: center;\n    }\n}"},"elements":[],"isInner":false,"widgetType":"text-editor","elType":"widget"},{"id":"4a239fda","settings":{"image":{"url":"https:\/\/www.rozvedcik-volejbal.cz\/wp-content\/uploads\/2022\/08\/20220806_150822-scaled.jpg","id":4762,"alt":"","source":"library"},"title_text":"<img draggable=\"false\" role=\"img\" class=\"emoji\" alt=\"\ud83e\udd47\" src=\"https:\/\/s.w.org\/images\/core\/emoji\/13.1.0\/svg\/1f947.svg\">&nbsp;1.&nbsp;m\u00edsto&nbsp;- Blue Lagoon&nbsp;<img draggable=\"false\" role=\"img\" class=\"emoji\" alt=\"\ud83e\udd47\" src=\"https:\/\/s.w.org\/images\/core\/emoji\/13.1.0\/svg\/1f947.svg\">","description_text":"Zleva: <i>P\u00e9\u0165a&nbsp;V., Kuba&nbsp;T., Mat\u011bj&nbsp;N., Mark\u00e9ta&nbsp;K., Karel&nbsp;M.<\/i>","image_size":{"unit":"%","size":60,"sizes":[]},"title_bottom_space":{"unit":"px","size":20,"sizes":[]},"title_color":"#003E53","description_color":"#003E53","description_typography_typography":"custom","description_typography_font_family":"Montserrat","description_typography_font_weight":"500","__globals__":{"title_color":"globals\/colors?id=7fcabb5","description_typography_typography":"","description_color":"globals\/colors?id=7fcabb5"},"image_size_mobile":{"unit":"%","size":100,"sizes":[]},"_padding":{"unit":"px","top":"0","right":"0","bottom":"20","left":"0","isLinked":false},"_margin":{"unit":"px","top":"0","right":"0","bottom":"20","left":"0","isLinked":false}},"elements":[],"isInner":false,"widgetType":"image-box","elType":"widget"},{"id":"7494348a","settings":{"image":{"url":"https:\/\/www.rozvedcik-volejbal.cz\/wp-content\/uploads\/2022\/08\/20220806_141528-scaled.jpg","id":4759,"alt":"","source":"library"},"title_text":"<img draggable=\"false\" role=\"img\" class=\"emoji\" alt=\"\ud83e\udd48\" src=\"https:\/\/s.w.org\/images\/core\/emoji\/13.1.0\/svg\/1f948.svg\">&nbsp;2.&nbsp;m\u00edsto&nbsp;- Pi\u00f1a Colada&nbsp;<img draggable=\"false\" role=\"img\" class=\"emoji\" alt=\"\ud83e\udd48\" src=\"https:\/\/s.w.org\/images\/core\/emoji\/13.1.0\/svg\/1f948.svg\">","description_text":"Zleva: <i>Michal&nbsp;H., Ondra&nbsp;H., Ondra&nbsp;N., Mat\u011bj&nbsp;Z., Naty&nbsp;V., Simi&nbsp;Z.<\/i>","image_size":{"unit":"%","size":60,"sizes":[]},"title_bottom_space":{"unit":"px","size":20,"sizes":[]},"title_color":"#003E53","description_color":"#003E53","description_typography_typography":"custom","description_typography_font_family":"Montserrat","description_typography_font_weight":"500","__globals__":{"title_color":"globals\/colors?id=7fcabb5","description_typography_typography":"","description_color":"globals\/colors?id=7fcabb5"},"image_size_mobile":{"unit":"%","size":100,"sizes":[]},"_padding":{"unit":"px","top":"0","right":"0","bottom":"20","left":"0","isLinked":false},"_margin":{"unit":"px","top":"0","right":"0","bottom":"20","left":"0","isLinked":false}},"elements":[],"isInner":false,"widgetType":"image-box","elType":"widget"},{"id":"40ccae22","settings":{"image":{"url":"https:\/\/www.rozvedcik-volejbal.cz\/wp-content\/uploads\/2022\/08\/20220806_1601480-scaled.jpg","id":4763,"alt":"","source":"library"},"title_text":"<img draggable=\"false\" role=\"img\" class=\"emoji\" alt=\"\ud83e\udd49\" src=\"https:\/\/s.w.org\/images\/core\/emoji\/13.1.0\/svg\/1f949.svg\">&nbsp;3. m\u00edsto&nbsp;- Mojito&nbsp;<img draggable=\"false\" role=\"img\" class=\"emoji\" alt=\"\ud83e\udd49\" src=\"https:\/\/s.w.org\/images\/core\/emoji\/13.1.0\/svg\/1f949.svg\">","description_text":"Zleva: <i>Zel\u00ed, Kuba&nbsp;Cho., Hanka&nbsp;V., Ji\u0159\u00edk&nbsp;N., Kali, Mike<\/i>","image_size":{"unit":"%","size":60,"sizes":[]},"title_bottom_space":{"unit":"px","size":20,"sizes":[]},"title_color":"#003E53","description_color":"#003E53","description_typography_typography":"custom","description_typography_font_family":"Montserrat","description_typography_font_weight":"500","__globals__":{"title_color":"globals\/colors?id=7fcabb5","description_typography_typography":"","description_color":"globals\/colors?id=7fcabb5"},"image_size_mobile":{"unit":"%","size":100,"sizes":[]},"_padding":{"unit":"px","top":"0","right":"0","bottom":"20","left":"0","isLinked":false}},"elements":[],"isInner":false,"widgetType":"image-box","elType":"widget"},{"id":"621b077f","settings":{"image":{"url":"https:\/\/www.rozvedcik-volejbal.cz\/wp-content\/uploads\/2022\/08\/20220806_163445-scaled.jpg","id":4764,"alt":"","source":"library"},"title_text":"<img draggable=\"false\" role=\"img\" class=\"emoji\" alt=\"\ud83c\udfc5\" src=\"https:\/\/s.w.org\/images\/core\/emoji\/13.1.0\/svg\/1f3c5.svg\">&nbsp;4. m\u00edsto&nbsp;- Sex on the&nbsp;Beach&nbsp;<img draggable=\"false\" role=\"img\" class=\"emoji\" alt=\"\ud83c\udfc5\" src=\"https:\/\/s.w.org\/images\/core\/emoji\/13.1.0\/svg\/1f3c5.svg\">","description_text":"Zleva: <i> Tade\u00e1\u0161&nbsp;Br., Mazy, B\u00e1ra, Arek&nbsp;A., Ka\u010dka&nbsp;\u0160., Honza&nbsp;M.<\/i>","image_size":{"unit":"%","size":60,"sizes":[]},"title_bottom_space":{"unit":"px","size":20,"sizes":[]},"title_color":"#003E53","description_color":"#003E53","description_typography_typography":"custom","description_typography_font_family":"Montserrat","description_typography_font_weight":"500","__globals__":{"title_color":"globals\/colors?id=7fcabb5","description_typography_typography":"","description_color":"globals\/colors?id=7fcabb5"},"image_size_mobile":{"unit":"%","size":100,"sizes":[]},"_padding":{"unit":"px","top":"0","right":"0","bottom":"20","left":"0","isLinked":false},"_margin":{"unit":"px","top":"0","right":"0","bottom":"20","left":"0","isLinked":false}},"elements":[],"isInner":false,"widgetType":"image-box","elType":"widget"},{"id":"36ec60","settings":{"image":{"url":"https:\/\/www.rozvedcik-volejbal.cz\/wp-content\/uploads\/2022\/08\/20220806_150728-scaled.jpg","id":4761,"alt":"","source":"library"},"title_text":"<img draggable=\"false\" role=\"img\" class=\"emoji\" alt=\"\ud83c\udfc5\" src=\"https:\/\/s.w.org\/images\/core\/emoji\/13.1.0\/svg\/1f3c5.svg\">&nbsp;5. m\u00edsto&nbsp;- Cuba Libre&nbsp;<img draggable=\"false\" role=\"img\" class=\"emoji\" alt=\"\ud83c\udfc5\" src=\"https:\/\/s.w.org\/images\/core\/emoji\/13.1.0\/svg\/1f3c5.svg\">","description_text":"Zleva: <i>Medv\u011bd, Kuna, Martin&nbsp;K., Luk\u00e1\u0161&nbsp;S.<\/i><br>Zleva dole: <i>Zuzka&nbsp;\u010c., Eva&nbsp;\u0160.<\/i>","image_size":{"unit":"%","size":60,"sizes":[]},"title_bottom_space":{"unit":"px","size":20,"sizes":[]},"title_color":"#003E53","description_color":"#003E53","description_typography_typography":"custom","description_typography_font_family":"Montserrat","description_typography_font_weight":"500","__globals__":{"title_color":"globals\/colors?id=7fcabb5","description_typography_typography":"","description_color":"globals\/colors?id=7fcabb5"},"image_size_mobile":{"unit":"%","size":100,"sizes":[]},"_padding":{"unit":"px","top":"0","right":"0","bottom":"20","left":"0","isLinked":false},"_margin":{"unit":"px","top":"0","right":"0","bottom":"20","left":"0","isLinked":false}},"elements":[],"isInner":false,"widgetType":"image-box","elType":"widget"},{"id":"2241c1be","settings":{"image":{"url":"https:\/\/www.rozvedcik-volejbal.cz\/wp-content\/uploads\/2022\/08\/20220806_141554-scaled.jpg","id":4760,"alt":"","source":"library"},"title_text":"<img draggable=\"false\" role=\"img\" class=\"emoji\" alt=\"\ud83c\udfc5\" src=\"https:\/\/s.w.org\/images\/core\/emoji\/13.1.0\/svg\/1f3c5.svg\">&nbsp;6. m\u00edsto&nbsp;- Cosmopolitan&nbsp;<img draggable=\"false\" role=\"img\" class=\"emoji\" alt=\"\ud83c\udfc5\" src=\"https:\/\/s.w.org\/images\/core\/emoji\/13.1.0\/svg\/1f3c5.svg\">","description_text":"Zleva: <i> Vojta&nbsp;Hu., Hanka&nbsp;J., He\u0159mi, Pavel&nbsp;J.<\/i><br>Zleva dole: <i>B\u00ed\u010fa, B\u00e1ra&nbsp;J.<\/i>","image_size":{"unit":"%","size":60,"sizes":[]},"title_bottom_space":{"unit":"px","size":20,"sizes":[]},"title_color":"#003E53","description_color":"#003E53","description_typography_typography":"custom","description_typography_font_family":"Montserrat","description_typography_font_weight":"500","__globals__":{"title_color":"globals\/colors?id=7fcabb5","description_typography_typography":"","description_color":"globals\/colors?id=7fcabb5"},"image_size_mobile":{"unit":"%","size":100,"sizes":[]},"_padding":{"unit":"px","top":"0","right":"0","bottom":"20","left":"0","isLinked":false},"_margin":{"unit":"px","top":"0","right":"0","bottom":"20","left":"0","isLinked":false}},"elements":[],"isInner":false,"widgetType":"image-box","elType":"widget"},{"id":"229e425c","settings":{"ea_adv_data_table_static_html":"<thead><tr><th>Skupina A<\/th><th>Blue Lagoon<\/th><th>Pi\u00f1a Colada<\/th><th>Mojito<\/th><th>Body<\/th><th>M\u00ed\u010de<\/th><th>Po\u0159ad\u00ed<\/th><\/tr><\/thead><tbody><tr><td>Blue Lagoon<\/td><td>-<\/td><td><b><span style='font-size: 1.1em;'>1:1<\/span><\/b><br><i>25:21<\/i><br><i>23:25<\/i><\/td><td><b><span style='font-size: 1.1em;'>0:2<\/span><\/b><br><i>26:28<\/i><br><i>21:25<\/i><\/td><td>1<\/td><td>95:99<\/td><td>2.<\/td><\/tr><tr><td>Pi\u00f1a Colada<\/td><td><b><span style='font-size: 1.1em;'>1:1<\/span><\/b><br><i>21:25<\/i><br><i>25:23<\/i><\/td><td>-<\/td><td><b><span style='font-size: 1.1em;'>0:2<\/span><\/b><br><i>21:25<\/i><br><i>21:25<\/i><\/td><td>1<\/td><td>88:98<\/td><td>3.<\/td><\/tr><tr><td>Mojito<\/td><td><b><span style='font-size: 1.1em;'>2:0<\/span><\/b><br><i>28:26<\/i><br><i>25:21<\/i><\/td><td><b><span style='font-size: 1.1em;'>2:0<\/span><\/b><br><i>25:21<\/i><br><i>25:21<\/i><\/td><td>-<\/td><td>4<\/td><td>103:89<\/td><td>1.<\/td><\/tr><\/tbody>","ea_adv_data_table_sort":"","ea_adv_data_table_search":"","ea_adv_data_table_search_placeholder":"Search","ea_adv_data_table_pagination":"","ea_adv_data_table_head_typography_typography":"custom","ea_adv_data_table_head_typography_font_family":"Montserrat","ea_adv_data_table_head_typography_font_size":{"unit":"px","size":20,"sizes":[]},"ea_adv_data_table_head_typography_font_weight":"600","ea_adv_data_table_head_horizontal_alignment":"center","ea_adv_data_table_head_color":"#FFFFFF","ea_adv_data_table_body_typography_typography":"custom","ea_adv_data_table_body_typography_font_family":"Montserrat","ea_adv_data_table_body_typography_font_size":{"unit":"px","size":18,"sizes":[]},"ea_adv_data_table_body_typography_font_weight":"500","ea_adv_data_table_body_horizontal_alignment":"center","ea_adv_data_table_body_color":"#003E53","ea_adv_data_table_body_background":"#FFFFFF","custom_css":"selector td {\n    min-width: 100px;\n}\n\nselector th {\n    font-size: 18px;\n}\n\nselector td:first-child {\n    background-color: #003E53 !important;\n    color: #ffffff;\n    font-weight: 600;\n}\n\nselector td:last-child {\n    font-weight: bold;\n}\n\nselector td:nth-last-child(4) {\n    border-right-color: #003E53;\n}\n\nselector td:nth-last-child(-n+3){\n    min-width: 90px;\n    background-color: #F8F8F8\n        !important;\n}\n\nselector th:first-child {\n    background-color: #13627D !important;\n    font-weight: normal;\n}\n    ","__globals__":{"ea_adv_data_table_body_color":"","ea_adv_data_table_body_background":"globals\/colors?id=primary","ea_adv_data_table_body_typography_typography":"","ea_adv_data_table_head_color":"globals\/colors?id=primary","ea_adv_data_table_head_background":"globals\/colors?id=7fcabb5","ea_adv_data_table_head_typography_typography":"globals\/typography?id=primary"},"_margin":{"unit":"px","top":"0","right":"0","bottom":"50","left":"0","isLinked":false}},"elements":[],"isInner":false,"widgetType":"eael-advanced-data-table","elType":"widget"},{"id":"7be2eb75","settings":{"ea_adv_data_table_static_html":"<thead><tr><th>Skupina B<\/th><th>Cuba Libre<\/th><th>Sex on the Beach<\/th><th>Cosmopolitan<\/th><th>Body<\/th><th>M\u00ed\u010de<\/th><th>Po\u0159ad\u00ed<\/th><\/tr><\/thead><tbody><tr><td>Cuba Libre<\/td><td>-<\/td><td><b><span style=\"font-size: 1.1em;\">1:1<\/span><\/b><br><i>25:22<\/i><br><i>23:25<\/i><\/td><td><b><span style=\"font-size: 1.1em;\">0:2<\/span><\/b><br><i>25:27<\/i><br><i>22:25<\/i><\/td><td>1<\/td><td>95:99<\/td><td>3.<\/td><\/tr><tr><td>Sex on the Beach<\/td><td><b><span style=\"font-size: 1.1em;\">1:1<\/span><\/b><br><i>22:25<\/i><br><i>25:23<\/i><\/td><td>-<\/td><td><b><span style=\"font-size: 1.1em;\">2:0<\/span><\/b><br><i>25:19<\/i><br><i>25:20<\/i><\/td><td>3<\/td><td>97:87<\/td><td>1.<\/td><\/tr><tr><td>Cosmopolitan<\/td><td><b><span style=\"font-size: 1.1em;\">2:0<\/span><\/b><br><i>27:25<\/i><br><i>25:22<\/i><\/td><td><b><span style=\"font-size: 1.1em;\">0:2<\/span><\/b><br><i>19:25<\/i><br><i>20:25<\/i><\/td><td>-<\/td><td>2<\/td><td>91:97<\/td><td>2.<\/td><\/tr><\/tbody>","ea_adv_data_table_sort":"","ea_adv_data_table_search":"","ea_adv_data_table_search_placeholder":"Search","ea_adv_data_table_pagination":"","ea_adv_data_table_head_typography_typography":"custom","ea_adv_data_table_head_typography_font_family":"Montserrat","ea_adv_data_table_head_typography_font_size":{"unit":"px","size":20,"sizes":[]},"ea_adv_data_table_head_typography_font_weight":"600","ea_adv_data_table_head_horizontal_alignment":"center","ea_adv_data_table_head_color":"#FFFFFF","ea_adv_data_table_body_typography_typography":"custom","ea_adv_data_table_body_typography_font_family":"Montserrat","ea_adv_data_table_body_typography_font_size":{"unit":"px","size":18,"sizes":[]},"ea_adv_data_table_body_typography_font_weight":"500","ea_adv_data_table_body_horizontal_alignment":"center","ea_adv_data_table_body_color":"#003E53","ea_adv_data_table_body_background":"#FFFFFF","custom_css":"selector td {\n    min-width: 100px;\n}\n\nselector th {\n    font-size: 18px;\n}\n\nselector td:first-child {\n    background-color: #003E53 !important;\n    color: #ffffff;\n    font-weight: 600;\n}\n\nselector td:last-child {\n    font-weight: bold;\n}\n\nselector td:nth-last-child(4) {\n    border-right-color: #003E53;\n}\n\nselector td:nth-last-child(-n+3){\n    min-width: 90px;\n    background-color: #F8F8F8\n        !important;\n}\n\nselector th:first-child {\n    background-color: #13627D !important;\n    font-weight: normal;\n}\n    ","__globals__":{"ea_adv_data_table_body_color":"","ea_adv_data_table_body_background":"globals\/colors?id=primary","ea_adv_data_table_body_typography_typography":"","ea_adv_data_table_head_color":"globals\/colors?id=primary","ea_adv_data_table_head_background":"globals\/colors?id=7fcabb5","ea_adv_data_table_head_typography_typography":"globals\/typography?id=primary"},"_margin":{"unit":"px","top":"0","right":"0","bottom":"50","left":"0","isLinked":false}},"elements":[],"isInner":false,"widgetType":"eael-advanced-data-table","elType":"widget"},{"id":"4003d364","settings":{"image":{"url":"https:\/\/www.rozvedcik-volejbal.cz\/wp-content\/uploads\/2022\/08\/H22.svg","id":4854,"alt":"","source":"library"},"image_size":"custom","image_custom_dimension":{"width":"1024","height":""},"align":"center"},"elements":[],"isInner":false,"widgetType":"image","elType":"widget"}],"isInner":false,"elType":"column"}],"isInner":false,"elType":"section"},{"id":"48d54be4","settings":{"layout":"full_width","margin":{"unit":"px","top":"0","right":0,"bottom":"0","left":0,"isLinked":false},"padding":{"unit":"px","top":"0","right":"0","bottom":"0","left":"0","isLinked":false}},"elements":[{"id":"37161f20","settings":{"_column_size":100,"_inline_size":null,"margin":{"unit":"px","top":"0","right":"0","bottom":"0","left":"0","isLinked":false},"padding":{"unit":"px","top":"0","right":"0","bottom":"0","left":"0","isLinked":false}},"elements":[{"id":"60324be6","settings":{"selected_icon":{"value":{"url":"https:\/\/www.rozvedcik-volejbal.cz\/wp-content\/uploads\/2022\/06\/chevron-up-circle-outline.svg","id":4402},"library":"svg"},"link":{"url":"#page-top","is_external":"","nofollow":"","custom_attributes":""},"align":"right","size":{"unit":"px","size":55,"sizes":[]},"_margin":{"unit":"px","top":"-20","right":"20","bottom":"0","left":"0","isLinked":false},"_padding":{"unit":"px","top":"0","right":"0","bottom":"0","left":"0","isLinked":true},"motion_fx_motion_fx_scrolling":"yes","motion_fx_translateY_effect":"yes","motion_fx_translateY_speed":{"unit":"px","size":2.5,"sizes":[]},"motion_fx_translateY_affectedRange":{"unit":"%","size":"","sizes":{"start":50,"end":100}},"motion_fx_opacity_range":{"unit":"%","size":"","sizes":{"start":0,"end":57}},"sticky":"bottom","sticky_offset":10,"__globals__":{"hover_primary_color":"globals\/colors?id=primary","primary_color":"globals\/colors?id=7fcabb5"}},"elements":[],"isInner":false,"widgetType":"icon","elType":"widget"}],"isInner":false,"elType":"column"}],"isInner":false,"elType":"section"}],"settings":{"eael_ext_toc_title":"Table of Contents","background_background":"classic","__globals__":{"background_color":"globals\/colors?id=secondary"}},"metadata":[]}