{"content":[{"id":"29b4681","settings":{"background_background":"classic","__globals__":{"background_color":"globals\/colors?id=7fcabb5"},"content_width":{"unit":"px","size":1024,"sizes":[]}},"elements":[{"id":"203ab66e","settings":{"_column_size":100,"_inline_size":null},"elements":[{"id":"f7c447c","settings":{"align_items":"center","submenu_icon":{"value":"fas fa-angle-down","library":"fa-solid"},"dropdown":"mobile","text_align":"center","menu_typography_typography":"custom","menu_typography_font_family":"Montserrat","menu_typography_font_weight":"600","color_menu_item":"#8DACA6","color_menu_item_hover":"#8DACA6","pointer_color_menu_item_hover":"#8DACA6","color_menu_item_active":"#8DACA6","pointer_color_menu_item_active":"#FFFFFF","dropdown_typography_typography":"custom","dropdown_typography_font_family":"Montserrat","dropdown_typography_font_size":{"unit":"px","size":16,"sizes":[]},"dropdown_typography_font_weight":"500","__globals__":{"menu_typography_typography":"globals\/typography?id=primary","color_menu_item":"globals\/colors?id=primary","color_menu_item_hover":"globals\/colors?id=primary","pointer_color_menu_item_hover":"globals\/colors?id=6e40ef7","color_menu_item_active":"globals\/colors?id=primary","pointer_color_menu_item_active":"globals\/colors?id=primary","dropdown_typography_typography":"","color_dropdown_item":"globals\/colors?id=7fcabb5","color_dropdown_item_hover":"globals\/colors?id=primary","background_color_dropdown_item_hover":"globals\/colors?id=6e40ef7","color_dropdown_item_active":"globals\/colors?id=6e40ef7","background_color_dropdown_item_active":"globals\/colors?id=primary","toggle_color":"globals\/colors?id=7fcabb5","toggle_background_color":"globals\/colors?id=secondary","toggle_color_hover":"globals\/colors?id=primary","toggle_background_color_hover":"globals\/colors?id=secondary","background_color_dropdown_item":"globals\/colors?id=primary"},"_z_index_mobile":1,"animation_line":"grow","toggle_size_mobile":{"unit":"px","size":20,"sizes":[]},"toggle_border_width_mobile":{"unit":"px","size":3,"sizes":[]},"toggle_border_radius_mobile":{"unit":"px","size":2,"sizes":[]}},"elements":[],"isInner":false,"widgetType":"nav-menu","elType":"widget"}],"isInner":false,"elType":"column"}],"isInner":false,"elType":"section"},{"id":"3d01e77f","settings":{"content_width":{"unit":"px","size":1024,"sizes":[]},"background_background":"classic","background_image":{"url":"","id":"","alt":"","source":"library"},"background_overlay_background":"classic","background_overlay_opacity":{"unit":"px","size":0,"sizes":[]},"__globals__":{"background_color":"globals\/colors?id=primary","background_overlay_color":"globals\/colors?id=primary","background_color_b":"globals\/colors?id=primary","background_overlay_color_b":"globals\/colors?id=primary"},"padding":{"unit":"px","top":"20","right":"0","bottom":"0","left":"0","isLinked":false},"background_color":"#FFFFFF","eae_slider_delay":"5000","gradient_color_list":[{"eae_animated_gradient_color":"#00a6d8","_id":"2ac9eb3"},{"eae_animated_gradient_color":"#b800c9","_id":"6790fcf"},{"eae_animated_gradient_color":"#e57600","_id":"ad644dc"}],"background_color_b":"#FFFFFF"},"elements":[{"id":"466334f3","settings":{"_column_size":100,"_inline_size":null,"eae_slider_delay":"5000","gradient_color_list":[{"eae_animated_gradient_color":"#00a6d8","_id":"238fc46"},{"eae_animated_gradient_color":"#b800c9","_id":"805e542"},{"eae_animated_gradient_color":"#e57600","_id":"34eb032"}]},"elements":[{"id":"5d8efc45","settings":{"eae_slider_delay":"5000","gradient_color_list":[{"eae_animated_gradient_color":"#00a6d8","_id":"4d04d4e"},{"eae_animated_gradient_color":"#b800c9","_id":"a732bff"},{"eae_animated_gradient_color":"#e57600","_id":"b2098ab"}]},"elements":[{"id":"26538c52","settings":{"_column_size":100,"_inline_size":null,"custom_css":"selector .button-picture .elementor-slide-heading {\n    text-shadow: 0px 0px 10px rgb(0 0 0 \/ 100%);\n}\n\nselector .button-picture .swiper-slide div {\n    transition: transform 0.3s ease-out;\n}\n\nselector .button-picture .swiper-slide:hover div {\n    transform: scale(1.1);\n    transition: transform 0.3s ease-out;\n}\n\n@media(max-width: 400px){\n    selector .elementor-slide-heading {\n        font-size: 30px;\n    }\n}","eae_slider_delay":"5000","gradient_color_list":[{"eae_animated_gradient_color":"#00a6d8","_id":"729b0f7"},{"eae_animated_gradient_color":"#b800c9","_id":"2da8852"},{"eae_animated_gradient_color":"#e57600","_id":"1546e69"}]},"elements":[{"id":"1ff20761","settings":{"slides":[{"heading":"Rozv\u011bd\u010d\u00edk 2022&nbsp;-&nbsp;HOBBY","description":"","button_text":"","_id":"e743050","background_image":{"url":"https:\/\/www.rozvedcik-volejbal.cz\/wp-content\/uploads\/2022\/08\/20220806_195728-scaled.jpg","id":4750,"alt":"","source":"library"},"link":{"url":"https:\/\/www.rozvedcik-volejbal.cz\/gallery\/galerie-2022-hobby\/","is_external":"","nofollow":"","custom_attributes":""},"__globals__":{"background_color":"globals\/colors?id=primary"}}],"slides_height":{"unit":"px","size":350,"sizes":[]},"content_animation":"","content_max_width":{"unit":"%","size":66,"sizes":[]},"content_max_width_mobile":{"unit":"%","size":100,"sizes":[]},"slides_padding_mobile":{"unit":"px","top":"0","right":"0","bottom":"0","left":"0","isLinked":true},"heading_typography_typography":"custom","heading_typography_font_family":"Montserrat","heading_typography_font_size":{"unit":"px","size":40,"sizes":[]},"heading_typography_font_weight":"600","button_border_width":{"unit":"px","size":0,"sizes":[]},"button_border_radius":{"unit":"px","size":2,"sizes":[]},"_margin":{"unit":"px","top":"0","right":"0","bottom":"0","left":"0","isLinked":true},"_padding":{"unit":"px","top":"10","right":"10","bottom":"10","left":"10","isLinked":true},"_css_classes":"button-picture","_element_width":"initial","_element_width_mobile":"inherit","_element_custom_width":{"unit":"%","size":50,"sizes":[]},"__globals__":{"heading_typography_typography":"","heading_color":"globals\/colors?id=primary","button_typography_typography":"globals\/typography?id=primary","button_text_color":"globals\/colors?id=primary","button_background_color":"globals\/colors?id=6e40ef7","button_hover_background_color":"globals\/colors?id=secondary","button_hover_text_color":"globals\/colors?id=primary"}},"elements":[],"isInner":false,"widgetType":"slides","elType":"widget"},{"id":"4943b0c2","settings":{"slides":[{"heading":"Rozv\u011bd\u010d\u00edk 2022&nbsp;-&nbsp;PROFI","description":"","button_text":"","_id":"e743050","background_image":{"url":"https:\/\/www.rozvedcik-volejbal.cz\/wp-content\/uploads\/2022\/06\/IMG_5574-scaled.jpg","id":4099,"alt":"","source":"library"},"link":{"url":"https:\/\/www.rozvedcik-volejbal.cz\/gallery\/2022-profi\/","is_external":"","nofollow":"","custom_attributes":""},"__globals__":{"background_color":"globals\/colors?id=primary"}}],"slides_height":{"unit":"px","size":350,"sizes":[]},"content_animation":"","content_max_width":{"unit":"%","size":66,"sizes":[]},"content_max_width_mobile":{"unit":"%","size":100,"sizes":[]},"slides_padding_mobile":{"unit":"px","top":"0","right":"0","bottom":"0","left":"0","isLinked":true},"heading_typography_typography":"custom","heading_typography_font_family":"Montserrat","heading_typography_font_size":{"unit":"px","size":40,"sizes":[]},"heading_typography_font_weight":"600","button_border_width":{"unit":"px","size":0,"sizes":[]},"button_border_radius":{"unit":"px","size":2,"sizes":[]},"_margin":{"unit":"px","top":"0","right":"0","bottom":"0","left":"0","isLinked":true},"_padding":{"unit":"px","top":"10","right":"10","bottom":"10","left":"10","isLinked":true},"_css_classes":"button-picture","_element_width":"initial","_element_width_mobile":"inherit","_element_custom_width":{"unit":"%","size":50,"sizes":[]},"__globals__":{"heading_typography_typography":"","heading_color":"globals\/colors?id=primary","button_typography_typography":"globals\/typography?id=primary","button_text_color":"globals\/colors?id=primary","button_background_color":"globals\/colors?id=6e40ef7","button_hover_background_color":"globals\/colors?id=secondary","button_hover_text_color":"globals\/colors?id=primary"}},"elements":[],"isInner":false,"widgetType":"slides","elType":"widget"},{"id":"26e45eb8","settings":{"slides":[{"heading":"Rozv\u011bd\u010d\u00edk 2021&nbsp;-&nbsp;BEACH","description":"","button_text":"","_id":"e743050","background_image":{"url":"https:\/\/www.rozvedcik-volejbal.cz\/wp-content\/uploads\/2021\/12\/20211218_165149-scaled.jpg","id":3751,"alt":"","source":"library"},"link":{"url":"https:\/\/www.rozvedcik-volejbal.cz\/gallery\/2021-beach\/","is_external":"","nofollow":"","custom_attributes":""},"__globals__":{"background_color":"globals\/colors?id=primary"}}],"slides_height":{"unit":"px","size":350,"sizes":[]},"content_animation":"","content_max_width":{"unit":"%","size":66,"sizes":[]},"content_max_width_mobile":{"unit":"%","size":100,"sizes":[]},"slides_padding_mobile":{"unit":"px","top":"0","right":"0","bottom":"0","left":"0","isLinked":true},"heading_typography_typography":"custom","heading_typography_font_family":"Montserrat","heading_typography_font_size":{"unit":"px","size":40,"sizes":[]},"heading_typography_font_weight":"600","button_border_width":{"unit":"px","size":0,"sizes":[]},"button_border_radius":{"unit":"px","size":2,"sizes":[]},"_margin":{"unit":"px","top":"0","right":"0","bottom":"0","left":"0","isLinked":true},"_padding":{"unit":"px","top":"10","right":"10","bottom":"10","left":"10","isLinked":true},"_css_classes":"button-picture","_element_width":"initial","_element_width_mobile":"inherit","_element_custom_width":{"unit":"%","size":50,"sizes":[]},"__globals__":{"heading_typography_typography":"","heading_color":"globals\/colors?id=primary","button_typography_typography":"globals\/typography?id=primary","button_text_color":"globals\/colors?id=primary","button_background_color":"globals\/colors?id=6e40ef7","button_hover_background_color":"globals\/colors?id=secondary","button_hover_text_color":"globals\/colors?id=primary"}},"elements":[],"isInner":false,"widgetType":"slides","elType":"widget"},{"id":"6f51453f","settings":{"slides":[{"heading":"Rozv\u011bd\u010d\u00edk 2021&nbsp;-&nbsp;HOBBY","description":"","button_text":"","_id":"e743050","background_image":{"url":"https:\/\/www.rozvedcik-volejbal.cz\/wp-content\/uploads\/2021\/08\/IMG_6128-scaled.jpg","id":3092,"alt":"","source":"library"},"link":{"url":"https:\/\/www.rozvedcik-volejbal.cz\/gallery\/2021-hobby\/","is_external":"","nofollow":"","custom_attributes":""},"__globals__":{"background_color":"globals\/colors?id=primary"}}],"slides_height":{"unit":"px","size":350,"sizes":[]},"content_animation":"","content_max_width":{"unit":"%","size":66,"sizes":[]},"content_max_width_mobile":{"unit":"%","size":100,"sizes":[]},"slides_padding_mobile":{"unit":"px","top":"0","right":"0","bottom":"0","left":"0","isLinked":true},"heading_typography_typography":"custom","heading_typography_font_family":"Montserrat","heading_typography_font_size":{"unit":"px","size":40,"sizes":[]},"heading_typography_font_weight":"600","button_border_width":{"unit":"px","size":0,"sizes":[]},"button_border_radius":{"unit":"px","size":2,"sizes":[]},"_margin":{"unit":"px","top":"0","right":"0","bottom":"0","left":"0","isLinked":true},"_padding":{"unit":"px","top":"10","right":"10","bottom":"10","left":"10","isLinked":true},"_css_classes":"button-picture","_element_width":"initial","_element_width_mobile":"inherit","_element_custom_width":{"unit":"%","size":50,"sizes":[]},"__globals__":{"heading_typography_typography":"","heading_color":"globals\/colors?id=primary","button_typography_typography":"globals\/typography?id=primary","button_text_color":"globals\/colors?id=primary","button_background_color":"globals\/colors?id=6e40ef7","button_hover_background_color":"globals\/colors?id=secondary","button_hover_text_color":"globals\/colors?id=primary"}},"elements":[],"isInner":false,"widgetType":"slides","elType":"widget"},{"id":"121cc607","settings":{"slides":[{"heading":"Rozv\u011bd\u010d\u00edk 2021&nbsp;-&nbsp;PROFI","description":"","button_text":"","_id":"e743050","background_image":{"url":"https:\/\/www.rozvedcik-volejbal.cz\/wp-content\/uploads\/2021\/08\/IMG_5438-scaled.jpg","id":2680,"alt":"","source":"library"},"link":{"url":"https:\/\/www.rozvedcik-volejbal.cz\/gallery\/2021-profi\/","is_external":"","nofollow":"","custom_attributes":""},"__globals__":{"background_color":"globals\/colors?id=primary"}}],"slides_height":{"unit":"px","size":350,"sizes":[]},"content_animation":"","content_max_width":{"unit":"%","size":66,"sizes":[]},"content_max_width_mobile":{"unit":"%","size":100,"sizes":[]},"slides_padding_mobile":{"unit":"px","top":"0","right":"0","bottom":"0","left":"0","isLinked":true},"heading_typography_typography":"custom","heading_typography_font_family":"Montserrat","heading_typography_font_size":{"unit":"px","size":40,"sizes":[]},"heading_typography_font_weight":"600","button_border_width":{"unit":"px","size":0,"sizes":[]},"button_border_radius":{"unit":"px","size":2,"sizes":[]},"_margin":{"unit":"px","top":"0","right":"0","bottom":"0","left":"0","isLinked":true},"_padding":{"unit":"px","top":"10","right":"10","bottom":"10","left":"10","isLinked":true},"_css_classes":"button-picture","_element_width":"initial","_element_width_mobile":"inherit","_element_custom_width":{"unit":"%","size":50,"sizes":[]},"__globals__":{"heading_typography_typography":"","heading_color":"globals\/colors?id=primary","button_typography_typography":"globals\/typography?id=primary","button_text_color":"globals\/colors?id=primary","button_background_color":"globals\/colors?id=6e40ef7","button_hover_background_color":"globals\/colors?id=secondary","button_hover_text_color":"globals\/colors?id=primary"}},"elements":[],"isInner":false,"widgetType":"slides","elType":"widget"},{"id":"2eaef461","settings":{"slides":[{"heading":"Rozv\u011bd\u010d\u00edk 2020","description":"","button_text":"","_id":"e743050","background_image":{"url":"https:\/\/www.rozvedcik-volejbal.cz\/wp-content\/uploads\/2021\/08\/20200718_184629-scaled.jpg","id":2565,"alt":"","source":"library"},"link":{"url":"https:\/\/www.rozvedcik-volejbal.cz\/gallery\/2020-all\/","is_external":"","nofollow":"","custom_attributes":""},"__globals__":{"background_color":"globals\/colors?id=primary"}}],"slides_height":{"unit":"px","size":350,"sizes":[]},"content_animation":"","content_max_width_mobile":{"unit":"%","size":100,"sizes":[]},"slides_padding_mobile":{"unit":"px","top":"0","right":"0","bottom":"0","left":"0","isLinked":true},"heading_typography_typography":"custom","heading_typography_font_family":"Montserrat","heading_typography_font_size":{"unit":"px","size":40,"sizes":[]},"heading_typography_font_weight":"600","button_border_width":{"unit":"px","size":0,"sizes":[]},"button_border_radius":{"unit":"px","size":2,"sizes":[]},"_padding":{"unit":"px","top":"10","right":"10","bottom":"10","left":"10","isLinked":true},"_css_classes":"button-picture","_element_width":"initial","_element_width_mobile":"inherit","_element_custom_width":{"unit":"%","size":50,"sizes":[]},"__globals__":{"heading_typography_typography":"","heading_color":"globals\/colors?id=primary","button_typography_typography":"globals\/typography?id=primary","button_text_color":"globals\/colors?id=primary","button_background_color":"globals\/colors?id=6e40ef7","button_hover_background_color":"globals\/colors?id=secondary","button_hover_text_color":"globals\/colors?id=primary"}},"elements":[],"isInner":false,"widgetType":"slides","elType":"widget"},{"id":"1ea3fb5a","settings":{"slides":[{"heading":"Rozv\u011bd\u010d\u00edk 2019","description":"","button_text":"","_id":"e743050","background_image":{"url":"https:\/\/www.rozvedcik-volejbal.cz\/wp-content\/uploads\/2021\/08\/226592827_164500555772544_327427443796302630_n-2.jpg","id":2466,"alt":"","source":"library"},"zoom_direction":"out","link":{"url":"https:\/\/www.rozvedcik-volejbal.cz\/gallery\/2019-all\/","is_external":"","nofollow":"","custom_attributes":""},"__globals__":{"background_color":"globals\/colors?id=primary"}}],"slides_height":{"unit":"px","size":350,"sizes":[]},"content_animation":"","content_max_width_mobile":{"unit":"%","size":100,"sizes":[]},"slides_padding_mobile":{"unit":"px","top":"0","right":"0","bottom":"0","left":"0","isLinked":true},"heading_typography_typography":"custom","heading_typography_font_family":"Montserrat","heading_typography_font_size":{"unit":"px","size":40,"sizes":[]},"heading_typography_font_weight":"600","button_border_width":{"unit":"px","size":0,"sizes":[]},"button_border_radius":{"unit":"px","size":2,"sizes":[]},"_padding":{"unit":"px","top":"10","right":"10","bottom":"10","left":"10","isLinked":true},"_css_classes":"button-picture","_element_width":"initial","_element_width_mobile":"inherit","_element_custom_width":{"unit":"%","size":50,"sizes":[]},"__globals__":{"heading_typography_typography":"","heading_color":"globals\/colors?id=primary","button_typography_typography":"globals\/typography?id=primary","button_text_color":"globals\/colors?id=primary","button_background_color":"globals\/colors?id=6e40ef7","button_hover_background_color":"globals\/colors?id=secondary","button_hover_text_color":"globals\/colors?id=primary"}},"elements":[],"isInner":false,"widgetType":"slides","elType":"widget"}],"isInner":true,"elType":"column"}],"isInner":true,"elType":"section"}],"isInner":false,"elType":"column"}],"isInner":false,"elType":"section"}],"settings":{"template":"default","eael_ext_toc_title":"Table of Contents","background_background":"classic","background_image":{"url":"","id":"","alt":"","source":"library"},"background_color":"#FFFFFF","background_color_b":"#8DACA6","__globals__":{"background_color_b":"","background_color":"globals\/colors?id=primary"}},"metadata":[]}