{"content":[{"id":"1f91e1c8","settings":{"background_background":"classic","__globals__":{"background_color":"globals\/colors?id=7fcabb5"},"content_width":{"unit":"px","size":1024,"sizes":[]},"_element_id":"page-top"},"elements":[{"id":"3f30118f","settings":{"_column_size":100,"_inline_size":null},"elements":[{"id":"3a339ad9","settings":{"align_items":"center","submenu_icon":{"value":"fas fa-angle-down","library":"fa-solid"},"dropdown":"mobile","text_align":"center","menu_typography_typography":"custom","menu_typography_font_family":"Montserrat","menu_typography_font_weight":"600","color_menu_item":"#8DACA6","color_menu_item_hover":"#8DACA6","pointer_color_menu_item_hover":"#8DACA6","color_menu_item_active":"#8DACA6","pointer_color_menu_item_active":"#FFFFFF","dropdown_typography_typography":"custom","dropdown_typography_font_family":"Montserrat","dropdown_typography_font_size":{"unit":"px","size":16,"sizes":[]},"dropdown_typography_font_weight":"500","__globals__":{"menu_typography_typography":"globals\/typography?id=primary","color_menu_item":"globals\/colors?id=primary","color_menu_item_hover":"globals\/colors?id=primary","pointer_color_menu_item_hover":"globals\/colors?id=6e40ef7","color_menu_item_active":"globals\/colors?id=primary","pointer_color_menu_item_active":"globals\/colors?id=primary","dropdown_typography_typography":"","color_dropdown_item":"globals\/colors?id=7fcabb5","color_dropdown_item_hover":"globals\/colors?id=primary","background_color_dropdown_item_hover":"globals\/colors?id=6e40ef7","color_dropdown_item_active":"globals\/colors?id=6e40ef7","background_color_dropdown_item_active":"globals\/colors?id=primary","toggle_color":"globals\/colors?id=7fcabb5","toggle_background_color":"globals\/colors?id=secondary","toggle_color_hover":"globals\/colors?id=primary","toggle_background_color_hover":"globals\/colors?id=secondary","background_color_dropdown_item":"globals\/colors?id=primary"},"_z_index_mobile":1,"animation_line":"grow","toggle_size_mobile":{"unit":"px","size":20,"sizes":[]},"toggle_border_width_mobile":{"unit":"px","size":3,"sizes":[]},"toggle_border_radius_mobile":{"unit":"px","size":2,"sizes":[]}},"elements":[],"isInner":false,"widgetType":"nav-menu","elType":"widget"}],"isInner":false,"elType":"column"}],"isInner":false,"elType":"section"},{"id":"5236be14","settings":{"content_width":{"unit":"px","size":1024,"sizes":[]},"background_background":"classic","background_image":{"url":"https:\/\/www.rozvedcik-volejbal.cz\/wp-content\/uploads\/2021\/07\/what-the-hex.png","id":822,"alt":"","source":"library"},"background_overlay_background":"classic","background_overlay_color":"#414141","background_overlay_opacity":{"unit":"px","size":0.6999999999999999555910790149937383830547332763671875,"sizes":[]},"padding":{"unit":"px","top":"40","right":"0","bottom":"40","left":"0","isLinked":false}},"elements":[{"id":"57ef5c4d","settings":{"_column_size":100,"_inline_size":null},"elements":[{"id":"71b2e6a4","settings":{"editor":"B\u011bhem p\u011bti ro\u010dn\u00edk\u016f turnaje si zahr\u00e1lo celkem 89&nbsp;hr\u00e1\u010d\u016f od reprezentant\u016f a\u017e po osadn\u00edky. Statistiky o nich naleznete zde. N\u00ed\u017ee pak najdete <a style=\"color: #003e53; text-decoration: underline;\" href=\"#table\">vlastn\u00ed&nbsp;historickou&nbsp;tabulku<\/a>, kter\u00e1 zaznamen\u00e1v\u00e1 ka\u017ed\u00fd odehran\u00fd bal\u00f3n. Podle statistik je aktu\u00e1ln\u011b nejlep\u0161\u00edm hr\u00e1\u010dem Pavel&nbsp;J., kter\u00fd m\u00e1 dv\u011b zlat\u00e9 a jednu st\u0159\u00edbrnou medaili. Nejv\u00edce medail\u00ed&nbsp;(5) m\u00e1 Zel\u00ed a nejlep\u0161\u00ed pom\u011br bal\u00f3n\u016f&nbsp;(521:426) m\u00e1 Mates&nbsp;K.<br><br>\nO po\u0159ad\u00ed rozhoduje nejprve medailov\u00e9 po\u0159ad\u00ed (olympijsk\u00fd syst\u00e9m, medaile z&nbsp;turnaj\u016f dvojic maj\u00ed v&nbsp;p\u0159\u00edpad\u011b shody v\u011bt\u0161\u00ed v\u00e1hu), pot\u00e9 pom\u011br m\u00ed\u010d\u016f.","align":"justify","typography_typography":"custom","typography_font_family":"Montserrat","typography_font_weight":"600","__globals__":{"text_color":"globals\/colors?id=primary","typography_typography":"globals\/typography?id=primary"},"custom_css":"@media(max-width: 600px){\n    selector .elementor-widget-container {\n        text-align: center;\n    }\n}"},"elements":[],"isInner":false,"widgetType":"text-editor","elType":"widget"}],"isInner":false,"elType":"column"}],"isInner":false,"elType":"section"},{"id":"676ff363","settings":{"content_width":{"unit":"px","size":1024,"sizes":[]},"background_background":"classic","background_overlay_background":"classic","padding":{"unit":"px","top":"050","right":"0","bottom":"025","left":"0","isLinked":false},"__globals__":{"background_color":"","heading_color":"","color_text":""}},"elements":[{"id":"e599c18","settings":{"_column_size":100,"_inline_size":null,"border_border":"solid","border_width":{"unit":"px","top":"0","right":"0","bottom":"0","left":"03","isLinked":false},"__globals__":{"border_color":"globals\/colors?id=7fcabb5"},"custom_css":"@media(max-width: 767px){\n    selector .elementor-icon-box-wrapper{\n        margin: 20px 0;\n    }\n    \n    selector .elementor-icon-box-icon{\n        margin-bottom: 0;\n    }\n}"},"elements":[{"id":"68e38cee","settings":{"selected_icon":{"value":"fas fa-users","library":"fa-solid"},"title_text":"Hr\u00e1\u010d\u016f: <b>89<\/b>","description_text":"","position":"left","icon_size":{"unit":"px","size":40,"sizes":[]},"__globals__":{"primary_color":"globals\/colors?id=7fcabb5","title_color":"globals\/colors?id=7fcabb5","title_typography_typography":"globals\/typography?id=41de06e"}},"elements":[],"isInner":false,"widgetType":"icon-box","elType":"widget"},{"id":"38cc6123","settings":{"selected_icon":{"value":"fas fa-flag","library":"fa-solid"},"title_text":"N\u00e1rodnost\u00ed: <b>6 ( &#127464;&#127487; | &#127480;&#127472;  | &#127470;&#127481; |   &#127462;&#127482; | &#127482;&#127462;  | \ud83c\udde6\ud83c\uddf7)<\/b>","description_text":"","position":"left","icon_size":{"unit":"px","size":40,"sizes":[]},"__globals__":{"primary_color":"globals\/colors?id=7fcabb5","title_color":"globals\/colors?id=7fcabb5","title_typography_typography":"globals\/typography?id=41de06e"}},"elements":[],"isInner":false,"widgetType":"icon-box","elType":"widget"},{"id":"60bc3d7a","settings":{"selected_icon":{"value":"far fa-calendar-minus","library":"fa-regular"},"title_text":"Nejmlad\u0161\u00ed hr\u00e1\u010d: <b>Zuzka&nbsp;\u010c. (18 let, 268 dn\u00ed)<\/b>","description_text":"","position":"left","icon_size":{"unit":"px","size":40,"sizes":[]},"__globals__":{"primary_color":"globals\/colors?id=7fcabb5","title_color":"globals\/colors?id=7fcabb5","description_typography_typography":"globals\/typography?id=41de06e","title_typography_typography":"globals\/typography?id=41de06e"}},"elements":[],"isInner":false,"widgetType":"icon-box","elType":"widget"},{"id":"76e1ee11","settings":{"title_text":"Nejstar\u0161\u00ed hr\u00e1\u010d: <b>Tom\u00e1\u0161&nbsp;H. (56 let, 344 dn\u00ed)","description_text":"","position":"left","icon_size":{"unit":"px","size":40,"sizes":[]},"__globals__":{"primary_color":"globals\/colors?id=7fcabb5","title_color":"globals\/colors?id=7fcabb5","title_typography_typography":"globals\/typography?id=41de06e"},"selected_icon":{"value":"far fa-calendar-plus","library":"fa-regular"}},"elements":[],"isInner":false,"widgetType":"icon-box","elType":"widget"}],"isInner":false,"elType":"column"}],"isInner":false,"elType":"section"},{"id":"325b50d3","settings":{"content_width":{"unit":"px","size":1024,"sizes":[]},"padding":{"unit":"px","top":"025","right":"0","bottom":"050","left":"0","isLinked":false},"__globals__":{"background_color":""}},"elements":[{"id":"609baf21","settings":{"_column_size":100,"_inline_size":null,"border_border":"solid","border_width":{"unit":"px","top":"0","right":"3","bottom":"0","left":"0","isLinked":false},"border_radius":{"unit":"px","top":"0","right":"0","bottom":"0","left":"0","isLinked":false},"__globals__":{"border_color":"globals\/colors?id=7fcabb5"},"custom_css":"@media(max-width: 767px){\n    selector .elementor-icon-box-wrapper{\n        margin: 20px 0;\n    }\n    \n    selector .elementor-icon-box-icon{\n        margin-bottom: 0;\n    }\n}"},"elements":[{"id":"550db2b6","settings":{"selected_icon":{"value":"fas fa-check","library":"fa-solid"},"title_text":"Nejv\u00edce \u00fa\u010dast\u00ed: <b>B\u00e1ra (7)<\/b>","description_text":"","position":"right","icon_size":{"unit":"px","size":40,"sizes":[]},"__globals__":{"primary_color":"globals\/colors?id=7fcabb5","title_color":"globals\/colors?id=7fcabb5","title_typography_typography":"globals\/typography?id=41de06e"}},"elements":[],"isInner":false,"widgetType":"icon-box","elType":"widget"},{"id":"48cc4f47","settings":{"selected_icon":{"value":"fas fa-volleyball-ball","library":"fa-solid"},"title_text":"Nejv\u00edce odehran\u00fdch m\u00ed\u010d\u016f: <span style=\"font-weight: 700;\">B\u00e1ra (2572)<\/span>","description_text":"","position":"right","icon_size":{"unit":"px","size":40,"sizes":[]},"__globals__":{"primary_color":"globals\/colors?id=7fcabb5","title_color":"globals\/colors?id=7fcabb5","title_typography_typography":"globals\/typography?id=41de06e"}},"elements":[],"isInner":false,"widgetType":"icon-box","elType":"widget"},{"id":"58aca2da","settings":{"selected_icon":{"value":"fas fa-trophy","library":"fa-solid"},"title_text":"Nejv\u00edce v\u00edt\u011bzstv\u00ed: <span style=\"font-weight: 700;\">Pavel J., Pajmi\u010d (2)<\/span>","description_text":"","position":"right","icon_size":{"unit":"px","size":40,"sizes":[]},"__globals__":{"primary_color":"globals\/colors?id=7fcabb5","title_color":"globals\/colors?id=7fcabb5","title_typography_typography":"globals\/typography?id=41de06e"}},"elements":[],"isInner":false,"widgetType":"icon-box","elType":"widget"},{"id":"7cfe0205","settings":{"selected_icon":{"value":"fas fa-medal","library":"fa-solid"},"title_text":"Nejlep\u0161\u00ed hr\u00e1\u010d: <b>Pavel&nbsp;J. (2-1-0, 826:691)<\/b>","description_text":"","position":"right","icon_size":{"unit":"px","size":40,"sizes":[]},"__globals__":{"primary_color":"globals\/colors?id=7fcabb5","title_color":"globals\/colors?id=7fcabb5","title_typography_typography":"globals\/typography?id=41de06e"}},"elements":[],"isInner":false,"widgetType":"icon-box","elType":"widget"}],"isInner":false,"elType":"column"}],"isInner":false,"elType":"section"},{"id":"41468c31","settings":{"section_layout":"","content_width":{"unit":"px","size":1024},"custom_height":{"unit":"px","size":600},"section_background":"","background_overlay_title":"","background_overlay_opacity":{"unit":"px","size":0.6999999999999999555910790149937383830547332763671875},"section_border":"","box_shadow_box_shadow":{"horizontal":"0","vertical":"0","blur":"10","spread":"0","inset":"","color":"rgba(0,0,0,0.5)"},"section_typo":"","section_advanced":"","margin":{"unit":"px","top":"0","right":0,"bottom":"0","left":0,"isLinked":""},"_section_responsive":"","responsive_description":"","margin_mobile":{"unit":"px","top":"0","right":"0","bottom":"0","left":"0","isLinked":"1"},"padding_tablet":{"unit":"px","top":"50","right":"50","bottom":"50","left":"50","isLinked":"1"},"padding_mobile":{"unit":"px","top":"0","right":"0","bottom":"0","left":"0","isLinked":false},"heading_visibility":"","_title":"video and feutres","height":"min-height","column_position":"top","background_background":"classic","background_image":{"url":"https:\/\/www.rozvedcik-volejbal.cz\/wp-content\/uploads\/2021\/07\/what-the-hex.png","id":822,"alt":"","source":"library"},"background_overlay_background":"classic","background_overlay_color":"#5C8880","padding":{"unit":"px","top":"40","right":"0","bottom":"0","left":"0","isLinked":false},"__globals__":{"background_color":"globals\/colors?id=primary"}},"elements":[{"id":"4de412c","settings":{"_column_size":"100","section_style":"","box_shadow_box_shadow":{"horizontal":"0","vertical":"0","blur":"10","spread":"0","inset":"","color":"rgba(0,0,0,0.5)"},"section_typo":"","section_advanced":"","section_responsive":"","screen_sm":"default","screen_sm_width":"100","screen_xs":"default","screen_xs_width":"100","margin_mobile":{"unit":"px","top":"0","right":"0","bottom":"0","left":"0","isLinked":""},"padding_tablet":{"unit":"px","top":"0","right":"0","bottom":"0","left":"0","isLinked":"1"},"padding_mobile":{"unit":"px","top":"30","right":"30","bottom":"30","left":"30","isLinked":"1"}},"elements":[{"id":"4dc9c86c","settings":{"ea_adv_data_table_static_html":"<tbody><tr><td>Legenda<\/td><\/tr><tr><td><span style='font-size:25px; background-color: #d1ada8; border-radius: 2px;'>&#129351;<\/span> <span style='font-size:25px; background-color: #d1ada8; border-radius: 2px;'>&#129352;<\/span> <span style='font-size:25px; background-color: #d1ada8; border-radius: 2px;'>&#129353;<\/span><\/td><td>Medaile z turnaje dvojic (volejbal)<\/td><\/tr><tr><td><span style='font-size:25px; background-color: #8DACA6; border-radius: 2px;'>&#129351;<\/span> <span style='font-size:25px; background-color: #8DACA6; border-radius: 2px;'>&#129352;<\/span> <span style='font-size:25px; background-color: #8DACA6; border-radius: 2px;'>&#129353;<\/span><\/td><td>Medaile z turnaje t\u00fdm\u016f (volejbal)<\/td><\/tr><tr><td><span style='font-size:25px; background-color: #FFE66D; border-radius: 2px;'>&#129351;<\/span> <span style='font-size:25px; background-color: #FFE66D; border-radius: 2px;'>&#129352;<\/span> <span style='font-size:25px; background-color: #FFE66D; border-radius: 2px;'>&#129353;<\/span><\/td><td>Medaile z beachvolleyballu<\/td><\/tr><\/tbody>","ea_adv_data_table_sort":"","ea_adv_data_table_search":"","ea_adv_data_table_search_placeholder":"Search","ea_adv_data_table_pagination":"","ea_adv_data_table_width":{"unit":"%","size":47,"sizes":[]},"ea_adv_data_table_border_border":"","ea_adv_data_table_border_color":"#003E53","ea_adv_data_table_width_box_shadow_box_shadow":{"horizontal":0,"vertical":0,"blur":10,"spread":0,"color":"rgba(170.99999999999997, 18.999999999999986, 18.999999999999986, 0.5)"},"ea_adv_data_table_head_color":"#FFFFFF","ea_adv_data_table_head_background":"#003E53","ea_adv_data_table_head_cell_border_width":{"unit":"px","top":"0","right":"0","bottom":"0","left":"0","isLinked":true},"ea_adv_data_table_head_cell_border_color":"#003E53","ea_adv_data_table_body_highlight":"e-row","ea_adv_data_table_body_e_col_highlight_background":"#F6F6F6","ea_adv_data_table_body_e_row_highlight_background":"#F6F6F6","_margin":{"unit":"px","top":"10","right":"0","bottom":"0","left":"0","isLinked":false},"_element_id":"table","ea_adv_data_table_head_typography_typography":"custom","ea_adv_data_table_head_typography_font_family":"Montserrat","ea_adv_data_table_head_typography_font_weight":"600","ea_adv_data_table_body_typography_typography":"custom","ea_adv_data_table_body_typography_font_family":"Montserrat","ea_adv_data_table_body_typography_font_size":{"unit":"px","size":18,"sizes":[]},"ea_adv_data_table_body_typography_font_weight":"500","__globals__":{"ea_adv_data_table_head_typography_typography":"globals\/typography?id=primary","ea_adv_data_table_body_typography_typography":""}},"elements":[],"isInner":false,"widgetType":"eael-advanced-data-table","elType":"widget"},{"id":"606b2af","settings":{"ea_adv_data_table_static_html":"<thead><tr><th>#<\/th><th>Hr\u00e1\u010d<\/th><th>Turnaje<\/th><th>Z\u00e1pasy<\/th><th>Sety<\/th><th>M\u00ed\u010de<\/th><th>Pom\u011br m\u00ed\u010d\u016f<\/th><th>Medaile<\/th><\/tr><\/thead><tbody><tr><td>1<\/td><td><span style=\"font-size: 0; color: #ffffff00\">Pavel J. | <\/span>Pavel J.<\/td><td>4<\/td><td>21<\/td><td>44<\/td><td><span style=\"font-size: 0; color: #ffffff00;\">Po\u0159ad\u00ed hr\u00e1\u010de 002, rozd\u00edl bal\u00f3n\u016f 135: <\/span>826:691<\/td><td>1.195<\/td><td><span style=\"font-size: 0; color: #ffffff00;\">Po\u0159ad\u00ed hr\u00e1\u010de 001: <\/span><span style=\"font-size: 28px; background-color: #8DACA6; border-radius: 2px;\"><img draggable=\"false\" role=\"img\" class=\"emoji\" alt=\"\ud83e\udd47\" src=\"https:\/\/s.w.org\/images\/core\/emoji\/14.0.0\/svg\/1f947.svg\"><\/span> <span style=\"font-size: 28px; background-color: #8DACA6; border-radius: 2px;\"><img draggable=\"false\" role=\"img\" class=\"emoji\" alt=\"\ud83e\udd47\" src=\"https:\/\/s.w.org\/images\/core\/emoji\/14.0.0\/svg\/1f947.svg\"><\/span> <span style=\"font-size: 28px; background-color: #8DACA6; border-radius: 2px;\"><img draggable=\"false\" role=\"img\" class=\"emoji\" alt=\"\ud83e\udd48\" src=\"https:\/\/s.w.org\/images\/core\/emoji\/14.0.0\/svg\/1f948.svg\"><\/span><\/td><\/tr><tr><td>2<\/td><td><span style=\"font-size: 0; color: #ffffff00\">Pajmic | <\/span>Pajmi\u010d<\/td><td>3<\/td><td>18<\/td><td>36<\/td><td><span style=\"font-size: 0; color: #ffffff00;\">Po\u0159ad\u00ed hr\u00e1\u010de 004, rozd\u00edl bal\u00f3n\u016f 86: <\/span>652:566<\/td><td>1.152<\/td><td><span style=\"font-size: 0; color: #ffffff00;\">Po\u0159ad\u00ed hr\u00e1\u010de 002: <\/span><span style=\"font-size: 28px; background-color: #8DACA6; border-radius: 2px;\"><img draggable=\"false\" role=\"img\" class=\"emoji\" alt=\"\ud83e\udd47\" src=\"https:\/\/s.w.org\/images\/core\/emoji\/14.0.0\/svg\/1f947.svg\"><\/span> <span style=\"font-size: 28px; background-color: #8DACA6; border-radius: 2px;\"><img draggable=\"false\" role=\"img\" class=\"emoji\" alt=\"\ud83e\udd47\" src=\"https:\/\/s.w.org\/images\/core\/emoji\/14.0.0\/svg\/1f947.svg\"><\/span><\/td><\/tr><tr><td>3<\/td><td><span style=\"font-size: 0; color: #ffffff00\">Zeli | <\/span>Zel\u00ed<\/td><td>6<\/td><td>35<\/td><td>74<\/td><td><span style=\"font-size: 0; color: #ffffff00;\">Po\u0159ad\u00ed hr\u00e1\u010de 001, rozd\u00edl bal\u00f3n\u016f 143: <\/span>1213:1070<\/td><td>1.134<\/td><td><span style=\"font-size: 0; color: #ffffff00;\">Po\u0159ad\u00ed hr\u00e1\u010de 003: <\/span><span style=\"font-size: 28px; background-color: #8DACA6; border-radius: 2px;\"><img draggable=\"false\" role=\"img\" class=\"emoji\" alt=\"\ud83e\udd47\" src=\"https:\/\/s.w.org\/images\/core\/emoji\/14.0.0\/svg\/1f947.svg\"><\/span> <span style=\"font-size: 28px; background-color: #D1ADA8; border-radius: 2px;\"><img draggable=\"false\" role=\"img\" class=\"emoji\" alt=\"\ud83e\udd48\" src=\"https:\/\/s.w.org\/images\/core\/emoji\/14.0.0\/svg\/1f948.svg\"><\/span> <span style=\"font-size: 28px; background-color: #8DACA6; border-radius: 2px;\"><img draggable=\"false\" role=\"img\" class=\"emoji\" alt=\"\ud83e\udd48\" src=\"https:\/\/s.w.org\/images\/core\/emoji\/14.0.0\/svg\/1f948.svg\"><\/span> <span style=\"font-size: 28px; background-color: #8DACA6; border-radius: 2px;\"><img draggable=\"false\" role=\"img\" class=\"emoji\" alt=\"\ud83e\udd48\" src=\"https:\/\/s.w.org\/images\/core\/emoji\/14.0.0\/svg\/1f948.svg\"><\/span> <span style=\"font-size: 28px; background-color: #8DACA6; border-radius: 2px;\"><img draggable=\"false\" role=\"img\" class=\"emoji\" alt=\"\ud83e\udd49\" src=\"https:\/\/s.w.org\/images\/core\/emoji\/14.0.0\/svg\/1f949.svg\"><\/span><\/td><\/tr><tr><td>4<\/td><td><span style=\"font-size: 0; color: #ffffff00\">Hanka V. | <\/span>Hanka V.<\/td><td>4<\/td><td>22<\/td><td>45<\/td><td><span style=\"font-size: 0; color: #ffffff00;\">Po\u0159ad\u00ed hr\u00e1\u010de 005, rozd\u00edl bal\u00f3n\u016f 59: <\/span>784:725<\/td><td>1.081<\/td><td><span style=\"font-size: 0; color: #ffffff00;\">Po\u0159ad\u00ed hr\u00e1\u010de 004: <\/span><span style=\"font-size: 28px; background-color: #D1ADA8; border-radius: 2px;\"><img draggable=\"false\" role=\"img\" class=\"emoji\" alt=\"\ud83e\udd47\" src=\"https:\/\/s.w.org\/images\/core\/emoji\/14.0.0\/svg\/1f947.svg\"><\/span> <span style=\"font-size: 28px; background-color: #8DACA6; border-radius: 2px;\"><img draggable=\"false\" role=\"img\" class=\"emoji\" alt=\"\ud83e\udd48\" src=\"https:\/\/s.w.org\/images\/core\/emoji\/14.0.0\/svg\/1f948.svg\"><\/span> <span style=\"font-size: 28px; background-color: #8DACA6; border-radius: 2px;\"><img draggable=\"false\" role=\"img\" class=\"emoji\" alt=\"\ud83e\udd49\" src=\"https:\/\/s.w.org\/images\/core\/emoji\/14.0.0\/svg\/1f949.svg\"><\/span><\/td><\/tr><tr><td>5<\/td><td><span style=\"font-size: 0; color: #ffffff00\">Mates K. | <\/span>Mates K.<\/td><td>3<\/td><td>14<\/td><td>28<\/td><td><span style=\"font-size: 0; color: #ffffff00;\">Po\u0159ad\u00ed hr\u00e1\u010de 003, rozd\u00edl bal\u00f3n\u016f 95: <\/span>521:426<\/td><td>1.223<\/td><td><span style=\"font-size: 0; color: #ffffff00;\">Po\u0159ad\u00ed hr\u00e1\u010de 005: <\/span><span style=\"font-size: 28px; background-color: #8DACA6; border-radius: 2px;\"><img draggable=\"false\" role=\"img\" class=\"emoji\" alt=\"\ud83e\udd47\" src=\"https:\/\/s.w.org\/images\/core\/emoji\/14.0.0\/svg\/1f947.svg\"><\/span> <span style=\"font-size: 28px; background-color: #8DACA6; border-radius: 2px;\"><img draggable=\"false\" role=\"img\" class=\"emoji\" alt=\"\ud83e\udd48\" src=\"https:\/\/s.w.org\/images\/core\/emoji\/14.0.0\/svg\/1f948.svg\"><\/span> <span style=\"font-size: 28px; background-color: #8DACA6; border-radius: 2px;\"><img draggable=\"false\" role=\"img\" class=\"emoji\" alt=\"\ud83e\udd49\" src=\"https:\/\/s.w.org\/images\/core\/emoji\/14.0.0\/svg\/1f949.svg\"><\/span><\/td><\/tr><tr><td>6<\/td><td><span style=\"font-size: 0; color: #ffffff00\">Marketa K. | <\/span>Mark\u00e9ta K.<\/td><td>3<\/td><td>14<\/td><td>29<\/td><td><span style=\"font-size: 0; color: #ffffff00;\">Po\u0159ad\u00ed hr\u00e1\u010de 045, rozd\u00edl bal\u00f3n\u016f 1: <\/span>491:490<\/td><td>1.002<\/td><td><span style=\"font-size: 0; color: #ffffff00;\">Po\u0159ad\u00ed hr\u00e1\u010de 006: <\/span><span style=\"font-size: 28px; background-color: #8DACA6; border-radius: 2px;\"><img draggable=\"false\" role=\"img\" class=\"emoji\" alt=\"\ud83e\udd47\" src=\"https:\/\/s.w.org\/images\/core\/emoji\/14.0.0\/svg\/1f947.svg\"><\/span> <span style=\"font-size: 28px; background-color: #8DACA6; border-radius: 2px;\"><img draggable=\"false\" role=\"img\" class=\"emoji\" alt=\"\ud83e\udd48\" src=\"https:\/\/s.w.org\/images\/core\/emoji\/14.0.0\/svg\/1f948.svg\"><\/span> <span style=\"font-size: 28px; background-color: #8DACA6; border-radius: 2px;\"><img draggable=\"false\" role=\"img\" class=\"emoji\" alt=\"\ud83e\udd49\" src=\"https:\/\/s.w.org\/images\/core\/emoji\/14.0.0\/svg\/1f949.svg\"><\/span><\/td><\/tr><tr><td>7<\/td><td><span style=\"font-size: 0; color: #ffffff00\">Roman H. | <\/span>Roman H.<\/td><td>3<\/td><td>15<\/td><td>32<\/td><td><span style=\"font-size: 0; color: #ffffff00;\">Po\u0159ad\u00ed hr\u00e1\u010de 008, rozd\u00edl bal\u00f3n\u016f 38: <\/span>484:446<\/td><td>1.085<\/td><td><span style=\"font-size: 0; color: #ffffff00;\">Po\u0159ad\u00ed hr\u00e1\u010de 007: <\/span><span style=\"font-size: 28px; background-color: #FFE66D; border-radius: 2px;\"><img draggable=\"false\" role=\"img\" class=\"emoji\" alt=\"\ud83e\udd47\" src=\"https:\/\/s.w.org\/images\/core\/emoji\/14.0.0\/svg\/1f947.svg\"><\/span> <span style=\"font-size: 28px; background-color: #8DACA6; border-radius: 2px;\"><img draggable=\"false\" role=\"img\" class=\"emoji\" alt=\"\ud83e\udd48\" src=\"https:\/\/s.w.org\/images\/core\/emoji\/14.0.0\/svg\/1f948.svg\"><\/span> <span style=\"font-size: 28px; background-color: #8DACA6; border-radius: 2px;\"><img draggable=\"false\" role=\"img\" class=\"emoji\" alt=\"\ud83e\udd49\" src=\"https:\/\/s.w.org\/images\/core\/emoji\/14.0.0\/svg\/1f949.svg\"><\/span><\/td><\/tr><tr><td>8<\/td><td><span style=\"font-size: 0; color: #ffffff00\">Hermi | <\/span>He\u0159mi<\/td><td>5<\/td><td>28<\/td><td>60<\/td><td><span style=\"font-size: 0; color: #ffffff00;\">Po\u0159ad\u00ed hr\u00e1\u010de 007, rozd\u00edl bal\u00f3n\u016f 42: <\/span>935:893<\/td><td>1.047<\/td><td><span style=\"font-size: 0; color: #ffffff00;\">Po\u0159ad\u00ed hr\u00e1\u010de 008: <\/span><span style=\"font-size: 28px; background-color: #8DACA6; border-radius: 2px;\"><img draggable=\"false\" role=\"img\" class=\"emoji\" alt=\"\ud83e\udd47\" src=\"https:\/\/s.w.org\/images\/core\/emoji\/14.0.0\/svg\/1f947.svg\"><\/span> <span style=\"font-size: 28px; background-color: #8DACA6; border-radius: 2px;\"><img draggable=\"false\" role=\"img\" class=\"emoji\" alt=\"\ud83e\udd48\" src=\"https:\/\/s.w.org\/images\/core\/emoji\/14.0.0\/svg\/1f948.svg\"><\/span><\/td><\/tr><tr><td>9<\/td><td><span style=\"font-size: 0; color: #ffffff00\">Bara | <\/span>B\u00e1ra<\/td><td>7<\/td><td>38<\/td><td>80<\/td><td><span style=\"font-size: 0; color: #ffffff00;\">Po\u0159ad\u00ed hr\u00e1\u010de 015, rozd\u00edl bal\u00f3n\u016f 26: <\/span>1299:1273<\/td><td>1.020<\/td><td><span style=\"font-size: 0; color: #ffffff00;\">Po\u0159ad\u00ed hr\u00e1\u010de 009: <\/span><span style=\"font-size: 28px; background-color: #8DACA6; border-radius: 2px;\"><img draggable=\"false\" role=\"img\" class=\"emoji\" alt=\"\ud83e\udd47\" src=\"https:\/\/s.w.org\/images\/core\/emoji\/14.0.0\/svg\/1f947.svg\"><\/span> <span style=\"font-size: 28px; background-color: #8DACA6; border-radius: 2px;\"><img draggable=\"false\" role=\"img\" class=\"emoji\" alt=\"\ud83e\udd48\" src=\"https:\/\/s.w.org\/images\/core\/emoji\/14.0.0\/svg\/1f948.svg\"><\/span><\/td><\/tr><tr><td>10<\/td><td><span style=\"font-size: 0; color: #ffffff00\">Matej N. | <\/span>Mat\u011bj N.<\/td><td>4<\/td><td>18<\/td><td>38<\/td><td><span style=\"font-size: 0; color: #ffffff00;\">Po\u0159ad\u00ed hr\u00e1\u010de 088, rozd\u00edl bal\u00f3n\u016f -72: <\/span>621:693<\/td><td>0.896<\/td><td><span style=\"font-size: 0; color: #ffffff00;\">Po\u0159ad\u00ed hr\u00e1\u010de 010: <\/span><span style=\"font-size: 28px; background-color: #8DACA6; border-radius: 2px;\"><img draggable=\"false\" role=\"img\" class=\"emoji\" alt=\"\ud83e\udd47\" src=\"https:\/\/s.w.org\/images\/core\/emoji\/14.0.0\/svg\/1f947.svg\"><\/span> <span style=\"font-size: 28px; background-color: #8DACA6; border-radius: 2px;\"><img draggable=\"false\" role=\"img\" class=\"emoji\" alt=\"\ud83e\udd48\" src=\"https:\/\/s.w.org\/images\/core\/emoji\/14.0.0\/svg\/1f948.svg\"><\/span><\/td><\/tr><tr><td>11<\/td><td><span style=\"font-size: 0; color: #ffffff00\">Vojta | <\/span>Vojta<\/td><td>5<\/td><td>25<\/td><td>50<\/td><td><span style=\"font-size: 0; color: #ffffff00;\">Po\u0159ad\u00ed hr\u00e1\u010de 041, rozd\u00edl bal\u00f3n\u016f 3: <\/span>859:856<\/td><td>1.004<\/td><td><span style=\"font-size: 0; color: #ffffff00;\">Po\u0159ad\u00ed hr\u00e1\u010de 011: <\/span><span style=\"font-size: 28px; background-color: #8DACA6; border-radius: 2px;\"><img draggable=\"false\" role=\"img\" class=\"emoji\" alt=\"\ud83e\udd47\" src=\"https:\/\/s.w.org\/images\/core\/emoji\/14.0.0\/svg\/1f947.svg\"><\/span> <span style=\"font-size: 28px; background-color: #D1ADA8; border-radius: 2px;\"><img draggable=\"false\" role=\"img\" class=\"emoji\" alt=\"\ud83e\udd49\" src=\"https:\/\/s.w.org\/images\/core\/emoji\/14.0.0\/svg\/1f949.svg\"><\/span> <span style=\"font-size: 28px; background-color: #8DACA6; border-radius: 2px;\"><img draggable=\"false\" role=\"img\" class=\"emoji\" alt=\"\ud83e\udd49\" src=\"https:\/\/s.w.org\/images\/core\/emoji\/14.0.0\/svg\/1f949.svg\"><\/span><\/td><\/tr><tr><td>12<\/td><td><span style=\"font-size: 0; color: #ffffff00\">Anca | <\/span>An\u010da<\/td><td>6<\/td><td>33<\/td><td>67<\/td><td><span style=\"font-size: 0; color: #ffffff00;\">Po\u0159ad\u00ed hr\u00e1\u010de 025, rozd\u00edl bal\u00f3n\u016f 16: <\/span>1080:1064<\/td><td>1.015<\/td><td><span style=\"font-size: 0; color: #ffffff00;\">Po\u0159ad\u00ed hr\u00e1\u010de 012: <\/span><span style=\"font-size: 28px; background-color: #8DACA6; border-radius: 2px;\"><img draggable=\"false\" role=\"img\" class=\"emoji\" alt=\"\ud83e\udd47\" src=\"https:\/\/s.w.org\/images\/core\/emoji\/14.0.0\/svg\/1f947.svg\"><\/span> <span style=\"font-size: 28px; background-color: #8DACA6; border-radius: 2px;\"><img draggable=\"false\" role=\"img\" class=\"emoji\" alt=\"\ud83e\udd49\" src=\"https:\/\/s.w.org\/images\/core\/emoji\/14.0.0\/svg\/1f949.svg\"><\/span> <span style=\"font-size: 28px; background-color: #FFE66D; border-radius: 2px;\"><img draggable=\"false\" role=\"img\" class=\"emoji\" alt=\"\ud83e\udd49\" src=\"https:\/\/s.w.org\/images\/core\/emoji\/14.0.0\/svg\/1f949.svg\"><\/span><\/td><\/tr><tr><td>13<\/td><td><span style=\"font-size: 0; color: #ffffff00\">Kacka S. | <\/span>Ka\u010dka \u0160.<\/td><td>4<\/td><td>17<\/td><td>36<\/td><td><span style=\"font-size: 0; color: #ffffff00;\">Po\u0159ad\u00ed hr\u00e1\u010de 016, rozd\u00edl bal\u00f3n\u016f 25: <\/span>634:609<\/td><td>1.041<\/td><td><span style=\"font-size: 0; color: #ffffff00;\">Po\u0159ad\u00ed hr\u00e1\u010de 013: <\/span><span style=\"font-size: 28px; background-color: #8DACA6; border-radius: 2px;\"><img draggable=\"false\" role=\"img\" class=\"emoji\" alt=\"\ud83e\udd47\" src=\"https:\/\/s.w.org\/images\/core\/emoji\/14.0.0\/svg\/1f947.svg\"><\/span> <span style=\"font-size: 28px; background-color: #8DACA6; border-radius: 2px;\"><img draggable=\"false\" role=\"img\" class=\"emoji\" alt=\"\ud83e\udd49\" src=\"https:\/\/s.w.org\/images\/core\/emoji\/14.0.0\/svg\/1f949.svg\"><\/span><\/td><\/tr><tr><td>14<\/td><td><span style=\"font-size: 0; color: #ffffff00\">Tomas H. | <\/span>Tom\u00e1\u0161 H.<\/td><td>3<\/td><td>12<\/td><td>24<\/td><td><span style=\"font-size: 0; color: #ffffff00;\">Po\u0159ad\u00ed hr\u00e1\u010de 066, rozd\u00edl bal\u00f3n\u016f -23: <\/span>415:438<\/td><td>0.947<\/td><td><span style=\"font-size: 0; color: #ffffff00;\">Po\u0159ad\u00ed hr\u00e1\u010de 014: <\/span><span style=\"font-size: 28px; background-color: #8DACA6; border-radius: 2px;\"><img draggable=\"false\" role=\"img\" class=\"emoji\" alt=\"\ud83e\udd47\" src=\"https:\/\/s.w.org\/images\/core\/emoji\/14.0.0\/svg\/1f947.svg\"><\/span> <span style=\"font-size: 28px; background-color: #8DACA6; border-radius: 2px;\"><img draggable=\"false\" role=\"img\" class=\"emoji\" alt=\"\ud83e\udd49\" src=\"https:\/\/s.w.org\/images\/core\/emoji\/14.0.0\/svg\/1f949.svg\"><\/span><\/td><\/tr><tr><td>15<\/td><td><span style=\"font-size: 0; color: #ffffff00\">Karel M. | <\/span>Karel M.<\/td><td>3<\/td><td>13<\/td><td>27<\/td><td><span style=\"font-size: 0; color: #ffffff00;\">Po\u0159ad\u00ed hr\u00e1\u010de 084, rozd\u00edl bal\u00f3n\u016f -50: <\/span>435:485<\/td><td>0.897<\/td><td><span style=\"font-size: 0; color: #ffffff00;\">Po\u0159ad\u00ed hr\u00e1\u010de 015: <\/span><span style=\"font-size: 28px; background-color: #8DACA6; border-radius: 2px;\"><img draggable=\"false\" role=\"img\" class=\"emoji\" alt=\"\ud83e\udd47\" src=\"https:\/\/s.w.org\/images\/core\/emoji\/14.0.0\/svg\/1f947.svg\"><\/span> <span style=\"font-size: 28px; background-color: #8DACA6; border-radius: 2px;\"><img draggable=\"false\" role=\"img\" class=\"emoji\" alt=\"\ud83e\udd49\" src=\"https:\/\/s.w.org\/images\/core\/emoji\/14.0.0\/svg\/1f949.svg\"><\/span><\/td><\/tr><tr><td>16<\/td><td><span style=\"font-size: 0; color: #ffffff00\">Bara J. | <\/span>B\u00e1ra J.<\/td><td>4<\/td><td>23<\/td><td>49<\/td><td><span style=\"font-size: 0; color: #ffffff00;\">Po\u0159ad\u00ed hr\u00e1\u010de 044, rozd\u00edl bal\u00f3n\u016f 1: <\/span>700:699<\/td><td>1.001<\/td><td><span style=\"font-size: 0; color: #ffffff00;\">Po\u0159ad\u00ed hr\u00e1\u010de 016: <\/span><span style=\"font-size: 28px; background-color: #FFE66D; border-radius: 2px;\"><img draggable=\"false\" role=\"img\" class=\"emoji\" alt=\"\ud83e\udd47\" src=\"https:\/\/s.w.org\/images\/core\/emoji\/14.0.0\/svg\/1f947.svg\"><\/span> <span style=\"font-size: 28px; background-color: #8DACA6; border-radius: 2px;\"><img draggable=\"false\" role=\"img\" class=\"emoji\" alt=\"\ud83e\udd49\" src=\"https:\/\/s.w.org\/images\/core\/emoji\/14.0.0\/svg\/1f949.svg\"><\/span><\/td><\/tr><tr><td>17<\/td><td><span style=\"font-size: 0; color: #ffffff00\">Ziky | <\/span>Ziky<\/td><td>2<\/td><td>12<\/td><td>24<\/td><td><span style=\"font-size: 0; color: #ffffff00;\">Po\u0159ad\u00ed hr\u00e1\u010de 034, rozd\u00edl bal\u00f3n\u016f 10: <\/span>406:396<\/td><td>1.025<\/td><td><span style=\"font-size: 0; color: #ffffff00;\">Po\u0159ad\u00ed hr\u00e1\u010de 017: <\/span><span style=\"font-size: 28px; background-color: #D1ADA8; border-radius: 2px;\"><img draggable=\"false\" role=\"img\" class=\"emoji\" alt=\"\ud83e\udd47\" src=\"https:\/\/s.w.org\/images\/core\/emoji\/14.0.0\/svg\/1f947.svg\"><\/span><\/td><\/tr><tr><td>18<\/td><td><span style=\"font-size: 0; color: #ffffff00\">Tadeas Ba. | <\/span>Tade\u00e1\u0161 Ba.<\/td><td>1<\/td><td>5<\/td><td>11<\/td><td><span style=\"font-size: 0; color: #ffffff00;\">Po\u0159ad\u00ed hr\u00e1\u010de 006, rozd\u00edl bal\u00f3n\u016f 49: <\/span>219:170<\/td><td>1.288<\/td><td><span style=\"font-size: 0; color: #ffffff00;\">Po\u0159ad\u00ed hr\u00e1\u010de 018: <\/span><span style=\"font-size: 28px; background-color: #8DACA6; border-radius: 2px;\"><img draggable=\"false\" role=\"img\" class=\"emoji\" alt=\"\ud83e\udd47\" src=\"https:\/\/s.w.org\/images\/core\/emoji\/14.0.0\/svg\/1f947.svg\"><\/span><\/td><\/tr><tr><td>19<\/td><td><span style=\"font-size: 0; color: #ffffff00\">Jaky | <\/span>Jaky<\/td><td>1<\/td><td>4<\/td><td>8<\/td><td><span style=\"font-size: 0; color: #ffffff00;\">Po\u0159ad\u00ed hr\u00e1\u010de 018, rozd\u00edl bal\u00f3n\u016f 22: <\/span>155:133<\/td><td>1.165<\/td><td><span style=\"font-size: 0; color: #ffffff00;\">Po\u0159ad\u00ed hr\u00e1\u010de 019: <\/span><span style=\"font-size: 28px; background-color: #8DACA6; border-radius: 2px;\"><img draggable=\"false\" role=\"img\" class=\"emoji\" alt=\"\ud83e\udd47\" src=\"https:\/\/s.w.org\/images\/core\/emoji\/14.0.0\/svg\/1f947.svg\"><\/span><\/td><\/tr><tr><td><span style=\"font-size: 0; color: #ffffff00\">19.1<\/span><\/td><td><span style=\"font-size: 0; color: #ffffff00\">Radek D. | <\/span>Radek D.<\/td><td>1<\/td><td>4<\/td><td>8<\/td><td><span style=\"font-size: 0; color: #ffffff00;\">Po\u0159ad\u00ed hr\u00e1\u010de 018, rozd\u00edl bal\u00f3n\u016f 22: <\/span>155:133<\/td><td>1.165<\/td><td><span style=\"font-size: 0; color: #ffffff00;\">Po\u0159ad\u00ed hr\u00e1\u010de 019: <\/span><span style=\"font-size: 28px; background-color: #8DACA6; border-radius: 2px;\"><img draggable=\"false\" role=\"img\" class=\"emoji\" alt=\"\ud83e\udd47\" src=\"https:\/\/s.w.org\/images\/core\/emoji\/14.0.0\/svg\/1f947.svg\"><\/span><\/td><\/tr><tr><td><span style=\"font-size: 0; color: #ffffff00\">19.2<\/span><\/td><td><span style=\"font-size: 0; color: #ffffff00\">Simona K. | <\/span>Simona K.<\/td><td>1<\/td><td>4<\/td><td>8<\/td><td><span style=\"font-size: 0; color: #ffffff00;\">Po\u0159ad\u00ed hr\u00e1\u010de 018, rozd\u00edl bal\u00f3n\u016f 22: <\/span>155:133<\/td><td>1.165<\/td><td><span style=\"font-size: 0; color: #ffffff00;\">Po\u0159ad\u00ed hr\u00e1\u010de 019: <\/span><span style=\"font-size: 28px; background-color: #8DACA6; border-radius: 2px;\"><img draggable=\"false\" role=\"img\" class=\"emoji\" alt=\"\ud83e\udd47\" src=\"https:\/\/s.w.org\/images\/core\/emoji\/14.0.0\/svg\/1f947.svg\"><\/span><\/td><\/tr><tr><td><span style=\"font-size: 0; color: #ffffff00\">19.3<\/span><\/td><td><span style=\"font-size: 0; color: #ffffff00\">Vendy P. | <\/span>Vendy P.<\/td><td>1<\/td><td>4<\/td><td>8<\/td><td><span style=\"font-size: 0; color: #ffffff00;\">Po\u0159ad\u00ed hr\u00e1\u010de 018, rozd\u00edl bal\u00f3n\u016f 22: <\/span>155:133<\/td><td>1.165<\/td><td><span style=\"font-size: 0; color: #ffffff00;\">Po\u0159ad\u00ed hr\u00e1\u010de 019: <\/span><span style=\"font-size: 28px; background-color: #8DACA6; border-radius: 2px;\"><img draggable=\"false\" role=\"img\" class=\"emoji\" alt=\"\ud83e\udd47\" src=\"https:\/\/s.w.org\/images\/core\/emoji\/14.0.0\/svg\/1f947.svg\"><\/span><\/td><\/tr><tr><td>23<\/td><td><span style=\"font-size: 0; color: #ffffff00\">Rony | <\/span>Rony<\/td><td>2<\/td><td>9<\/td><td>18<\/td><td><span style=\"font-size: 0; color: #ffffff00;\">Po\u0159ad\u00ed hr\u00e1\u010de 010, rozd\u00edl bal\u00f3n\u016f 36: <\/span>322:286<\/td><td>1.126<\/td><td><span style=\"font-size: 0; color: #ffffff00;\">Po\u0159ad\u00ed hr\u00e1\u010de 023: <\/span><span style=\"font-size: 28px; background-color: #8DACA6; border-radius: 2px;\"><img draggable=\"false\" role=\"img\" class=\"emoji\" alt=\"\ud83e\udd47\" src=\"https:\/\/s.w.org\/images\/core\/emoji\/14.0.0\/svg\/1f947.svg\"><\/span><\/td><\/tr><tr><td>24<\/td><td><span style=\"font-size: 0; color: #ffffff00\">Arek A. | <\/span>Arek A.<\/td><td>2<\/td><td>8<\/td><td>17<\/td><td><span style=\"font-size: 0; color: #ffffff00;\">Po\u0159ad\u00ed hr\u00e1\u010de 023, rozd\u00edl bal\u00f3n\u016f 20: <\/span>303:283<\/td><td>1.071<\/td><td><span style=\"font-size: 0; color: #ffffff00;\">Po\u0159ad\u00ed hr\u00e1\u010de 024: <\/span><span style=\"font-size: 28px; background-color: #8DACA6; border-radius: 2px;\"><img draggable=\"false\" role=\"img\" class=\"emoji\" alt=\"\ud83e\udd47\" src=\"https:\/\/s.w.org\/images\/core\/emoji\/14.0.0\/svg\/1f947.svg\"><\/span><\/td><\/tr><tr><td>25<\/td><td><span style=\"font-size: 0; color: #ffffff00\">Martina D. | <\/span>Martina D.<\/td><td>2<\/td><td>13<\/td><td>26<\/td><td><span style=\"font-size: 0; color: #ffffff00;\">Po\u0159ad\u00ed hr\u00e1\u010de 024, rozd\u00edl bal\u00f3n\u016f 19: <\/span>455:436<\/td><td>1.044<\/td><td><span style=\"font-size: 0; color: #ffffff00;\">Po\u0159ad\u00ed hr\u00e1\u010de 025: <\/span><span style=\"font-size: 28px; background-color: #8DACA6; border-radius: 2px;\"><img draggable=\"false\" role=\"img\" class=\"emoji\" alt=\"\ud83e\udd47\" src=\"https:\/\/s.w.org\/images\/core\/emoji\/14.0.0\/svg\/1f947.svg\"><\/span><\/td><\/tr><tr><td>26<\/td><td><span style=\"font-size: 0; color: #ffffff00\">Mazy | <\/span>Mazy<\/td><td>3<\/td><td>17<\/td><td>35<\/td><td><span style=\"font-size: 0; color: #ffffff00;\">Po\u0159ad\u00ed hr\u00e1\u010de 022, rozd\u00edl bal\u00f3n\u016f 20: <\/span>604:584<\/td><td>1.034<\/td><td><span style=\"font-size: 0; color: #ffffff00;\">Po\u0159ad\u00ed hr\u00e1\u010de 026: <\/span><span style=\"font-size: 28px; background-color: #8DACA6; border-radius: 2px;\"><img draggable=\"false\" role=\"img\" class=\"emoji\" alt=\"\ud83e\udd47\" src=\"https:\/\/s.w.org\/images\/core\/emoji\/14.0.0\/svg\/1f947.svg\"><\/span><\/td><\/tr><tr><td>27<\/td><td><span style=\"font-size: 0; color: #ffffff00\">Poky | <\/span>Poky<\/td><td>1<\/td><td>7<\/td><td>14<\/td><td><span style=\"font-size: 0; color: #ffffff00;\">Po\u0159ad\u00ed hr\u00e1\u010de 038, rozd\u00edl bal\u00f3n\u016f 6: <\/span>264:258<\/td><td>1.023<\/td><td><span style=\"font-size: 0; color: #ffffff00;\">Po\u0159ad\u00ed hr\u00e1\u010de 027: <\/span><span style=\"font-size: 28px; background-color: #8DACA6; border-radius: 2px;\"><img draggable=\"false\" role=\"img\" class=\"emoji\" alt=\"\ud83e\udd47\" src=\"https:\/\/s.w.org\/images\/core\/emoji\/14.0.0\/svg\/1f947.svg\"><\/span><\/td><\/tr><tr><td><span style=\"font-size: 0; color: #ffffff00\">27.1<\/span><\/td><td><span style=\"font-size: 0; color: #ffffff00\">Radka M. | <\/span>Radka M.<\/td><td>1<\/td><td>7<\/td><td>14<\/td><td><span style=\"font-size: 0; color: #ffffff00;\">Po\u0159ad\u00ed hr\u00e1\u010de 038, rozd\u00edl bal\u00f3n\u016f 6: <\/span>264:258<\/td><td>1.023<\/td><td><span style=\"font-size: 0; color: #ffffff00;\">Po\u0159ad\u00ed hr\u00e1\u010de 027: <\/span><span style=\"font-size: 28px; background-color: #8DACA6; border-radius: 2px;\"><img draggable=\"false\" role=\"img\" class=\"emoji\" alt=\"\ud83e\udd47\" src=\"https:\/\/s.w.org\/images\/core\/emoji\/14.0.0\/svg\/1f947.svg\"><\/span><\/td><\/tr><tr><td>29<\/td><td><span style=\"font-size: 0; color: #ffffff00\">Kuba T. | <\/span>Kuba T.<\/td><td>1<\/td><td>5<\/td><td>11<\/td><td><span style=\"font-size: 0; color: #ffffff00;\">Po\u0159ad\u00ed hr\u00e1\u010de 042, rozd\u00edl bal\u00f3n\u016f 2: <\/span>179:177<\/td><td>1.011<\/td><td><span style=\"font-size: 0; color: #ffffff00;\">Po\u0159ad\u00ed hr\u00e1\u010de 029: <\/span><span style=\"font-size: 28px; background-color: #8DACA6; border-radius: 2px;\"><img draggable=\"false\" role=\"img\" class=\"emoji\" alt=\"\ud83e\udd47\" src=\"https:\/\/s.w.org\/images\/core\/emoji\/14.0.0\/svg\/1f947.svg\"><\/span><\/td><\/tr><tr><td><span style=\"font-size: 0; color: #ffffff00\">29.1<\/span><\/td><td><span style=\"font-size: 0; color: #ffffff00\">Peta V. | <\/span>P\u00e9\u0165a V.<\/td><td>1<\/td><td>5<\/td><td>11<\/td><td><span style=\"font-size: 0; color: #ffffff00;\">Po\u0159ad\u00ed hr\u00e1\u010de 042, rozd\u00edl bal\u00f3n\u016f 2: <\/span>179:177<\/td><td>1.011<\/td><td><span style=\"font-size: 0; color: #ffffff00;\">Po\u0159ad\u00ed hr\u00e1\u010de 029: <\/span><span style=\"font-size: 28px; background-color: #8DACA6; border-radius: 2px;\"><img draggable=\"false\" role=\"img\" class=\"emoji\" alt=\"\ud83e\udd47\" src=\"https:\/\/s.w.org\/images\/core\/emoji\/14.0.0\/svg\/1f947.svg\"><\/span><\/td><\/tr><tr><td>31<\/td><td><span style=\"font-size: 0; color: #ffffff00\">Vojta Hu. | <\/span>Vojta Hu.<\/td><td>4<\/td><td>22<\/td><td>49<\/td><td><span style=\"font-size: 0; color: #ffffff00;\">Po\u0159ad\u00ed hr\u00e1\u010de 073, rozd\u00edl bal\u00f3n\u016f -29: <\/span>677:706<\/td><td>0.959<\/td><td><span style=\"font-size: 0; color: #ffffff00;\">Po\u0159ad\u00ed hr\u00e1\u010de 031: <\/span><span style=\"font-size: 28px; background-color: #8DACA6; border-radius: 2px;\"><img draggable=\"false\" role=\"img\" class=\"emoji\" alt=\"\ud83e\udd47\" src=\"https:\/\/s.w.org\/images\/core\/emoji\/14.0.0\/svg\/1f947.svg\"><\/span><\/td><\/tr><tr><td>32<\/td><td><span style=\"font-size: 0; color: #ffffff00\">Marta N. | <\/span>Mar\u0165a N.<\/td><td>4<\/td><td>22<\/td><td>44<\/td><td><span style=\"font-size: 0; color: #ffffff00;\">Po\u0159ad\u00ed hr\u00e1\u010de 009, rozd\u00edl bal\u00f3n\u016f 36: <\/span>689:653<\/td><td>1.055<\/td><td><span style=\"font-size: 0; color: #ffffff00;\">Po\u0159ad\u00ed hr\u00e1\u010de 032: <\/span><span style=\"font-size: 28px; background-color: #8DACA6; border-radius: 2px;\"><img draggable=\"false\" role=\"img\" class=\"emoji\" alt=\"\ud83e\udd48\" src=\"https:\/\/s.w.org\/images\/core\/emoji\/14.0.0\/svg\/1f948.svg\"><\/span> <span style=\"font-size: 28px; background-color: #8DACA6; border-radius: 2px;\"><img draggable=\"false\" role=\"img\" class=\"emoji\" alt=\"\ud83e\udd48\" src=\"https:\/\/s.w.org\/images\/core\/emoji\/14.0.0\/svg\/1f948.svg\"><\/span> <span style=\"font-size: 28px; background-color: #FFE66D; border-radius: 2px;\"><img draggable=\"false\" role=\"img\" class=\"emoji\" alt=\"\ud83e\udd48\" src=\"https:\/\/s.w.org\/images\/core\/emoji\/14.0.0\/svg\/1f948.svg\"><\/span> <span style=\"font-size: 28px; background-color: #8DACA6; border-radius: 2px;\"><img draggable=\"false\" role=\"img\" class=\"emoji\" alt=\"\ud83e\udd49\" src=\"https:\/\/s.w.org\/images\/core\/emoji\/14.0.0\/svg\/1f949.svg\"><\/span><\/td><\/tr><tr><td>33<\/td><td><span style=\"font-size: 0; color: #ffffff00\">Naty V. | <\/span>Naty V.<\/td><td>3<\/td><td>16<\/td><td>33<\/td><td><span style=\"font-size: 0; color: #ffffff00;\">Po\u0159ad\u00ed hr\u00e1\u010de 077, rozd\u00edl bal\u00f3n\u016f -35: <\/span>556:591<\/td><td>0.941<\/td><td><span style=\"font-size: 0; color: #ffffff00;\">Po\u0159ad\u00ed hr\u00e1\u010de 033: <\/span><span style=\"font-size: 28px; background-color: #8DACA6; border-radius: 2px;\"><img draggable=\"false\" role=\"img\" class=\"emoji\" alt=\"\ud83e\udd48\" src=\"https:\/\/s.w.org\/images\/core\/emoji\/14.0.0\/svg\/1f948.svg\"><\/span> <span style=\"font-size: 28px; background-color: #8DACA6; border-radius: 2px;\"><img draggable=\"false\" role=\"img\" class=\"emoji\" alt=\"\ud83e\udd48\" src=\"https:\/\/s.w.org\/images\/core\/emoji\/14.0.0\/svg\/1f948.svg\"><\/span><\/td><\/tr><tr><td>34<\/td><td><span style=\"font-size: 0; color: #ffffff00\">Ondra K. | <\/span>Ondra K.<\/td><td>2<\/td><td>11<\/td><td>23<\/td><td><span style=\"font-size: 0; color: #ffffff00;\">Po\u0159ad\u00ed hr\u00e1\u010de 070, rozd\u00edl bal\u00f3n\u016f -27: <\/span>396:423<\/td><td>0.936<\/td><td><span style=\"font-size: 0; color: #ffffff00;\">Po\u0159ad\u00ed hr\u00e1\u010de 034: <\/span><span style=\"font-size: 28px; background-color: #8DACA6; border-radius: 2px;\"><img draggable=\"false\" role=\"img\" class=\"emoji\" alt=\"\ud83e\udd48\" src=\"https:\/\/s.w.org\/images\/core\/emoji\/14.0.0\/svg\/1f948.svg\"><\/span> <span style=\"font-size: 28px; background-color: #8DACA6; border-radius: 2px;\"><img draggable=\"false\" role=\"img\" class=\"emoji\" alt=\"\ud83e\udd48\" src=\"https:\/\/s.w.org\/images\/core\/emoji\/14.0.0\/svg\/1f948.svg\"><\/span><\/td><\/tr><tr><td>35<\/td><td><span style=\"font-size: 0; color: #ffffff00\">Ondra N. | <\/span>Ondra N.<\/td><td>4<\/td><td>24<\/td><td>52<\/td><td><span style=\"font-size: 0; color: #ffffff00;\">Po\u0159ad\u00ed hr\u00e1\u010de 026, rozd\u00edl bal\u00f3n\u016f 16: <\/span>746:730<\/td><td>1.022<\/td><td><span style=\"font-size: 0; color: #ffffff00;\">Po\u0159ad\u00ed hr\u00e1\u010de 035: <\/span><span style=\"font-size: 28px; background-color: #8DACA6; border-radius: 2px;\"><img draggable=\"false\" role=\"img\" class=\"emoji\" alt=\"\ud83e\udd48\" src=\"https:\/\/s.w.org\/images\/core\/emoji\/14.0.0\/svg\/1f948.svg\"><\/span> <span style=\"font-size: 28px; background-color: #8DACA6; border-radius: 2px;\"><img draggable=\"false\" role=\"img\" class=\"emoji\" alt=\"\ud83e\udd49\" src=\"https:\/\/s.w.org\/images\/core\/emoji\/14.0.0\/svg\/1f949.svg\"><\/span><\/td><\/tr><tr><td>36<\/td><td><span style=\"font-size: 0; color: #ffffff00\">Peta J. | <\/span>P\u00e9\u0165a J.<\/td><td>3<\/td><td>13<\/td><td>27<\/td><td><span style=\"font-size: 0; color: #ffffff00;\">Po\u0159ad\u00ed hr\u00e1\u010de 051, rozd\u00edl bal\u00f3n\u016f -8: <\/span>471:479<\/td><td>0.983<\/td><td><span style=\"font-size: 0; color: #ffffff00;\">Po\u0159ad\u00ed hr\u00e1\u010de 036: <\/span><span style=\"font-size: 28px; background-color: #8DACA6; border-radius: 2px;\"><img draggable=\"false\" role=\"img\" class=\"emoji\" alt=\"\ud83e\udd48\" src=\"https:\/\/s.w.org\/images\/core\/emoji\/14.0.0\/svg\/1f948.svg\"><\/span> <span style=\"font-size: 28px; background-color: #8DACA6; border-radius: 2px;\"><img draggable=\"false\" role=\"img\" class=\"emoji\" alt=\"\ud83e\udd49\" src=\"https:\/\/s.w.org\/images\/core\/emoji\/14.0.0\/svg\/1f949.svg\"><\/span><\/td><\/tr><tr><td>37<\/td><td><span style=\"font-size: 0; color: #ffffff00\">Radim P. | <\/span>Radim P.<\/td><td>3<\/td><td>18<\/td><td>36<\/td><td><span style=\"font-size: 0; color: #ffffff00;\">Po\u0159ad\u00ed hr\u00e1\u010de 056, rozd\u00edl bal\u00f3n\u016f -11: <\/span>602:613<\/td><td>0.982<\/td><td><span style=\"font-size: 0; color: #ffffff00;\">Po\u0159ad\u00ed hr\u00e1\u010de 037: <\/span><span style=\"font-size: 28px; background-color: #8DACA6; border-radius: 2px;\"><img draggable=\"false\" role=\"img\" class=\"emoji\" alt=\"\ud83e\udd48\" src=\"https:\/\/s.w.org\/images\/core\/emoji\/14.0.0\/svg\/1f948.svg\"><\/span> <span style=\"font-size: 28px; background-color: #8DACA6; border-radius: 2px;\"><img draggable=\"false\" role=\"img\" class=\"emoji\" alt=\"\ud83e\udd49\" src=\"https:\/\/s.w.org\/images\/core\/emoji\/14.0.0\/svg\/1f949.svg\"><\/span><\/td><\/tr><tr><td>38<\/td><td><span style=\"font-size: 0; color: #ffffff00\">Michal H. | <\/span>Michal H.<\/td><td>4<\/td><td>22<\/td><td>45<\/td><td><span style=\"font-size: 0; color: #ffffff00;\">Po\u0159ad\u00ed hr\u00e1\u010de 065, rozd\u00edl bal\u00f3n\u016f -23: <\/span>739:762<\/td><td>0.970<\/td><td><span style=\"font-size: 0; color: #ffffff00;\">Po\u0159ad\u00ed hr\u00e1\u010de 038: <\/span><span style=\"font-size: 28px; background-color: #8DACA6; border-radius: 2px;\"><img draggable=\"false\" role=\"img\" class=\"emoji\" alt=\"\ud83e\udd48\" src=\"https:\/\/s.w.org\/images\/core\/emoji\/14.0.0\/svg\/1f948.svg\"><\/span> <span style=\"font-size: 28px; background-color: #8DACA6; border-radius: 2px;\"><img draggable=\"false\" role=\"img\" class=\"emoji\" alt=\"\ud83e\udd49\" src=\"https:\/\/s.w.org\/images\/core\/emoji\/14.0.0\/svg\/1f949.svg\"><\/span><\/td><\/tr><tr><td>39<\/td><td><span style=\"font-size: 0; color: #ffffff00\">Luke S. | <\/span>Luke S.<\/td><td>1<\/td><td>6<\/td><td>12<\/td><td><span style=\"font-size: 0; color: #ffffff00;\">Po\u0159ad\u00ed hr\u00e1\u010de 013, rozd\u00edl bal\u00f3n\u016f 31: <\/span>203:172<\/td><td>1.180<\/td><td><span style=\"font-size: 0; color: #ffffff00;\">Po\u0159ad\u00ed hr\u00e1\u010de 039: <\/span><span style=\"font-size: 28px; background-color: #D1ADA8; border-radius: 2px;\"><img draggable=\"false\" role=\"img\" class=\"emoji\" alt=\"\ud83e\udd48\" src=\"https:\/\/s.w.org\/images\/core\/emoji\/14.0.0\/svg\/1f948.svg\"><\/span><\/td><\/tr><tr><td>40<\/td><td><span style=\"font-size: 0; color: #ffffff00\">Michal N. | <\/span>Michal N.<\/td><td>1<\/td><td>7<\/td><td>14<\/td><td><span style=\"font-size: 0; color: #ffffff00;\">Po\u0159ad\u00ed hr\u00e1\u010de 012, rozd\u00edl bal\u00f3n\u016f 31: <\/span>263:232<\/td><td>1.134<\/td><td><span style=\"font-size: 0; color: #ffffff00;\">Po\u0159ad\u00ed hr\u00e1\u010de 040: <\/span><span style=\"font-size: 28px; background-color: #8DACA6; border-radius: 2px;\"><img draggable=\"false\" role=\"img\" class=\"emoji\" alt=\"\ud83e\udd48\" src=\"https:\/\/s.w.org\/images\/core\/emoji\/14.0.0\/svg\/1f948.svg\"><\/span><\/td><\/tr><tr><td>41<\/td><td><span style=\"font-size: 0; color: #ffffff00\">Marty | <\/span>M\u00e1rty<\/td><td>1<\/td><td>4<\/td><td>8<\/td><td><span style=\"font-size: 0; color: #ffffff00;\">Po\u0159ad\u00ed hr\u00e1\u010de 032, rozd\u00edl bal\u00f3n\u016f 12: <\/span>148:136<\/td><td>1.088<\/td><td><span style=\"font-size: 0; color: #ffffff00;\">Po\u0159ad\u00ed hr\u00e1\u010de 041: <\/span><span style=\"font-size: 28px; background-color: #8DACA6; border-radius: 2px;\"><img draggable=\"false\" role=\"img\" class=\"emoji\" alt=\"\ud83e\udd48\" src=\"https:\/\/s.w.org\/images\/core\/emoji\/14.0.0\/svg\/1f948.svg\"><\/span><\/td><\/tr><tr><td><span style=\"font-size: 0; color: #ffffff00\">41.1<\/span><\/td><td><span style=\"font-size: 0; color: #ffffff00\">Ala R. | <\/span>\u00c1la \u0158.<\/td><td>1<\/td><td>4<\/td><td>8<\/td><td><span style=\"font-size: 0; color: #ffffff00;\">Po\u0159ad\u00ed hr\u00e1\u010de 032, rozd\u00edl bal\u00f3n\u016f 12: <\/span>148:136<\/td><td>1.088<\/td><td><span style=\"font-size: 0; color: #ffffff00;\">Po\u0159ad\u00ed hr\u00e1\u010de 041: <\/span><span style=\"font-size: 28px; background-color: #8DACA6; border-radius: 2px;\"><img draggable=\"false\" role=\"img\" class=\"emoji\" alt=\"\ud83e\udd48\" src=\"https:\/\/s.w.org\/images\/core\/emoji\/14.0.0\/svg\/1f948.svg\"><\/span><\/td><\/tr><tr><td>43<\/td><td><span style=\"font-size: 0; color: #ffffff00\">Zuzka C. | <\/span>Zuzka \u010c.<\/td><td>5<\/td><td>29<\/td><td>62<\/td><td><span style=\"font-size: 0; color: #ffffff00;\">Po\u0159ad\u00ed hr\u00e1\u010de 054, rozd\u00edl bal\u00f3n\u016f -10: <\/span>900:910<\/td><td>0.989<\/td><td><span style=\"font-size: 0; color: #ffffff00;\">Po\u0159ad\u00ed hr\u00e1\u010de 043: <\/span><span style=\"font-size: 28px; background-color: #8DACA6; border-radius: 2px;\"><img draggable=\"false\" role=\"img\" class=\"emoji\" alt=\"\ud83e\udd48\" src=\"https:\/\/s.w.org\/images\/core\/emoji\/14.0.0\/svg\/1f948.svg\"><\/span><\/td><\/tr><tr><td>44<\/td><td><span style=\"font-size: 0; color: #ffffff00\">Buda | <\/span>B\u016f\u010fa<\/td><td>1<\/td><td>5<\/td><td>10<\/td><td><span style=\"font-size: 0; color: #ffffff00;\">Po\u0159ad\u00ed hr\u00e1\u010de 057, rozd\u00edl bal\u00f3n\u016f -11: <\/span>168:179<\/td><td>0.939<\/td><td><span style=\"font-size: 0; color: #ffffff00;\">Po\u0159ad\u00ed hr\u00e1\u010de 044: <\/span><span style=\"font-size: 28px; background-color: #8DACA6; border-radius: 2px;\"><img draggable=\"false\" role=\"img\" class=\"emoji\" alt=\"\ud83e\udd48\" src=\"https:\/\/s.w.org\/images\/core\/emoji\/14.0.0\/svg\/1f948.svg\"><\/span><\/td><\/tr><tr><td>45<\/td><td><span style=\"font-size: 0; color: #ffffff00\">Lena P. | <\/span>L\u00e9\u0148a P.<\/td><td>3<\/td><td>13<\/td><td>27<\/td><td><span style=\"font-size: 0; color: #ffffff00;\">Po\u0159ad\u00ed hr\u00e1\u010de 075, rozd\u00edl bal\u00f3n\u016f -34: <\/span>469:503<\/td><td>0.932<\/td><td><span style=\"font-size: 0; color: #ffffff00;\">Po\u0159ad\u00ed hr\u00e1\u010de 045: <\/span><span style=\"font-size: 28px; background-color: #8DACA6; border-radius: 2px;\"><img draggable=\"false\" role=\"img\" class=\"emoji\" alt=\"\ud83e\udd48\" src=\"https:\/\/s.w.org\/images\/core\/emoji\/14.0.0\/svg\/1f948.svg\"><\/span><\/td><\/tr><tr><td>46<\/td><td><span style=\"font-size: 0; color: #ffffff00\">Matej Z. | <\/span>Mat\u011bj Z.<\/td><td>1<\/td><td>5<\/td><td>11<\/td><td><span style=\"font-size: 0; color: #ffffff00;\">Po\u0159ad\u00ed hr\u00e1\u010de 059, rozd\u00edl bal\u00f3n\u016f -15: <\/span>171:186<\/td><td>0.919<\/td><td><span style=\"font-size: 0; color: #ffffff00;\">Po\u0159ad\u00ed hr\u00e1\u010de 046: <\/span><span style=\"font-size: 28px; background-color: #8DACA6; border-radius: 2px;\"><img draggable=\"false\" role=\"img\" class=\"emoji\" alt=\"\ud83e\udd48\" src=\"https:\/\/s.w.org\/images\/core\/emoji\/14.0.0\/svg\/1f948.svg\"><\/span><\/td><\/tr><tr><td>47<\/td><td><span style=\"font-size: 0; color: #ffffff00\">Valda | <\/span>Valda<\/td><td>2<\/td><td>13<\/td><td>26<\/td><td><span style=\"font-size: 0; color: #ffffff00;\">Po\u0159ad\u00ed hr\u00e1\u010de 085, rozd\u00edl bal\u00f3n\u016f -55: <\/span>410:465<\/td><td>0.882<\/td><td><span style=\"font-size: 0; color: #ffffff00;\">Po\u0159ad\u00ed hr\u00e1\u010de 047: <\/span><span style=\"font-size: 28px; background-color: #8DACA6; border-radius: 2px;\"><img draggable=\"false\" role=\"img\" class=\"emoji\" alt=\"\ud83e\udd48\" src=\"https:\/\/s.w.org\/images\/core\/emoji\/14.0.0\/svg\/1f948.svg\"><\/span><\/td><\/tr><tr><td>48<\/td><td><span style=\"font-size: 0; color: #ffffff00\">Ondra H. | <\/span>Ondra H.<\/td><td>3<\/td><td>16<\/td><td>33<\/td><td><span style=\"font-size: 0; color: #ffffff00;\">Po\u0159ad\u00ed hr\u00e1\u010de 089, rozd\u00edl bal\u00f3n\u016f -92: <\/span>489:581<\/td><td>0.842<\/td><td><span style=\"font-size: 0; color: #ffffff00;\">Po\u0159ad\u00ed hr\u00e1\u010de 048: <\/span><span style=\"font-size: 28px; background-color: #8DACA6; border-radius: 2px;\"><img draggable=\"false\" role=\"img\" class=\"emoji\" alt=\"\ud83e\udd48\" src=\"https:\/\/s.w.org\/images\/core\/emoji\/14.0.0\/svg\/1f948.svg\"><\/span><\/td><\/tr><tr><td>49<\/td><td><span style=\"font-size: 0; color: #ffffff00\">Simi Z. | <\/span>Simi Z.<\/td><td>2<\/td><td>9<\/td><td>19<\/td><td><span style=\"font-size: 0; color: #ffffff00;\">Po\u0159ad\u00ed hr\u00e1\u010de 086, rozd\u00edl bal\u00f3n\u016f -57: <\/span>288:345<\/td><td>0.835<\/td><td><span style=\"font-size: 0; color: #ffffff00;\">Po\u0159ad\u00ed hr\u00e1\u010de 049: <\/span><span style=\"font-size: 28px; background-color: #8DACA6; border-radius: 2px;\"><img draggable=\"false\" role=\"img\" class=\"emoji\" alt=\"\ud83e\udd48\" src=\"https:\/\/s.w.org\/images\/core\/emoji\/14.0.0\/svg\/1f948.svg\"><\/span><\/td><\/tr><tr><td>50<\/td><td><span style=\"font-size: 0; color: #ffffff00\">Kubo G. | <\/span>Kubo G.<\/td><td>1<\/td><td>8<\/td><td>16<\/td><td><span style=\"font-size: 0; color: #ffffff00;\">Po\u0159ad\u00ed hr\u00e1\u010de 017, rozd\u00edl bal\u00f3n\u016f 23: <\/span>213:190<\/td><td>1.121<\/td><td><span style=\"font-size: 0; color: #ffffff00;\">Po\u0159ad\u00ed hr\u00e1\u010de 050: <\/span><span style=\"font-size: 28px; background-color: #FFE66D; border-radius: 2px;\"><img draggable=\"false\" role=\"img\" class=\"emoji\" alt=\"\ud83e\udd48\" src=\"https:\/\/s.w.org\/images\/core\/emoji\/14.0.0\/svg\/1f948.svg\"><\/span><\/td><\/tr><tr><td>51<\/td><td><span style=\"font-size: 0; color: #ffffff00\">Mara Z. | <\/span>M\u00e1ra Z.<\/td><td>2<\/td><td>12<\/td><td>24<\/td><td><span style=\"font-size: 0; color: #ffffff00;\">Po\u0159ad\u00ed hr\u00e1\u010de 014, rozd\u00edl bal\u00f3n\u016f 29: <\/span>425:396<\/td><td>1.073<\/td><td><span style=\"font-size: 0; color: #ffffff00;\">Po\u0159ad\u00ed hr\u00e1\u010de 051: <\/span><span style=\"font-size: 28px; background-color: #D1ADA8; border-radius: 2px;\"><img draggable=\"false\" role=\"img\" class=\"emoji\" alt=\"\ud83e\udd49\" src=\"https:\/\/s.w.org\/images\/core\/emoji\/14.0.0\/svg\/1f949.svg\"><\/span><\/td><\/tr><tr><td>52<\/td><td><span style=\"font-size: 0; color: #ffffff00\">Kuba Cho. | <\/span>Kuba Cho.<\/td><td>1<\/td><td>4<\/td><td>9<\/td><td><span style=\"font-size: 0; color: #ffffff00;\">Po\u0159ad\u00ed hr\u00e1\u010de 031, rozd\u00edl bal\u00f3n\u016f 14: <\/span>158:144<\/td><td>1.097<\/td><td><span style=\"font-size: 0; color: #ffffff00;\">Po\u0159ad\u00ed hr\u00e1\u010de 052: <\/span><span style=\"font-size: 28px; background-color: #8DACA6; border-radius: 2px;\"><img draggable=\"false\" role=\"img\" class=\"emoji\" alt=\"\ud83e\udd49\" src=\"https:\/\/s.w.org\/images\/core\/emoji\/14.0.0\/svg\/1f949.svg\"><\/span><\/td><\/tr><tr><td>53<\/td><td><span style=\"font-size: 0; color: #ffffff00\">Kaja H. | <\/span>K\u00e1ja H.<\/td><td>1<\/td><td>4<\/td><td>8<\/td><td><span style=\"font-size: 0; color: #ffffff00;\">Po\u0159ad\u00ed hr\u00e1\u010de 035, rozd\u00edl bal\u00f3n\u016f 10: <\/span>144:134<\/td><td>1.075<\/td><td><span style=\"font-size: 0; color: #ffffff00;\">Po\u0159ad\u00ed hr\u00e1\u010de 053: <\/span><span style=\"font-size: 28px; background-color: #8DACA6; border-radius: 2px;\"><img draggable=\"false\" role=\"img\" class=\"emoji\" alt=\"\ud83e\udd49\" src=\"https:\/\/s.w.org\/images\/core\/emoji\/14.0.0\/svg\/1f949.svg\"><\/span><\/td><\/tr><tr><td><span style=\"font-size: 0; color: #ffffff00\">53.1<\/span><\/td><td><span style=\"font-size: 0; color: #ffffff00\">Vlasta K. | <\/span>Vlasta K.<\/td><td>1<\/td><td>4<\/td><td>8<\/td><td><span style=\"font-size: 0; color: #ffffff00;\">Po\u0159ad\u00ed hr\u00e1\u010de 035, rozd\u00edl bal\u00f3n\u016f 10: <\/span>144:134<\/td><td>1.075<\/td><td><span style=\"font-size: 0; color: #ffffff00;\">Po\u0159ad\u00ed hr\u00e1\u010de 053: <\/span><span style=\"font-size: 28px; background-color: #8DACA6; border-radius: 2px;\"><img draggable=\"false\" role=\"img\" class=\"emoji\" alt=\"\ud83e\udd49\" src=\"https:\/\/s.w.org\/images\/core\/emoji\/14.0.0\/svg\/1f949.svg\"><\/span><\/td><\/tr><tr><td>55<\/td><td><span style=\"font-size: 0; color: #ffffff00\">Mike | <\/span>Mike<\/td><td>1<\/td><td>6<\/td><td>14<\/td><td><span style=\"font-size: 0; color: #ffffff00;\">Po\u0159ad\u00ed hr\u00e1\u010de 027, rozd\u00edl bal\u00f3n\u016f 15: <\/span>227:212<\/td><td>1.071<\/td><td><span style=\"font-size: 0; color: #ffffff00;\">Po\u0159ad\u00ed hr\u00e1\u010de 055: <\/span><span style=\"font-size: 28px; background-color: #8DACA6; border-radius: 2px;\"><img draggable=\"false\" role=\"img\" class=\"emoji\" alt=\"\ud83e\udd49\" src=\"https:\/\/s.w.org\/images\/core\/emoji\/14.0.0\/svg\/1f949.svg\"><\/span><\/td><\/tr><tr><td>56<\/td><td><span style=\"font-size: 0; color: #ffffff00\">Jirik N. | <\/span>Ji\u0159\u00edk N.<\/td><td>2<\/td><td>13<\/td><td>31<\/td><td><span style=\"font-size: 0; color: #ffffff00;\">Po\u0159ad\u00ed hr\u00e1\u010de 060, rozd\u00edl bal\u00f3n\u016f -16: <\/span>372:388<\/td><td>0.959<\/td><td><span style=\"font-size: 0; color: #ffffff00;\">Po\u0159ad\u00ed hr\u00e1\u010de 056: <\/span><span style=\"font-size: 28px; background-color: #8DACA6; border-radius: 2px;\"><img draggable=\"false\" role=\"img\" class=\"emoji\" alt=\"\ud83e\udd49\" src=\"https:\/\/s.w.org\/images\/core\/emoji\/14.0.0\/svg\/1f949.svg\"><\/span><\/td><\/tr><tr><td>57<\/td><td><span style=\"font-size: 0; color: #ffffff00\">Kali | <\/span>Kali<\/td><td>3<\/td><td>11<\/td><td>23<\/td><td><span style=\"font-size: 0; color: #ffffff00;\">Po\u0159ad\u00ed hr\u00e1\u010de 072, rozd\u00edl bal\u00f3n\u016f -28: <\/span>376:404<\/td><td>0.931<\/td><td><span style=\"font-size: 0; color: #ffffff00;\">Po\u0159ad\u00ed hr\u00e1\u010de 057: <\/span><span style=\"font-size: 28px; background-color: #8DACA6; border-radius: 2px;\"><img draggable=\"false\" role=\"img\" class=\"emoji\" alt=\"\ud83e\udd49\" src=\"https:\/\/s.w.org\/images\/core\/emoji\/14.0.0\/svg\/1f949.svg\"><\/span><\/td><\/tr><tr><td>58<\/td><td><span style=\"font-size: 0; color: #ffffff00\">Aneta S. | <\/span>Aneta S.<\/td><td>2<\/td><td>9<\/td><td>18<\/td><td><span style=\"font-size: 0; color: #ffffff00;\">Po\u0159ad\u00ed hr\u00e1\u010de 078, rozd\u00edl bal\u00f3n\u016f -36: <\/span>295:331<\/td><td>0.891<\/td><td><span style=\"font-size: 0; color: #ffffff00;\">Po\u0159ad\u00ed hr\u00e1\u010de 058: <\/span><span style=\"font-size: 28px; background-color: #8DACA6; border-radius: 2px;\"><img draggable=\"false\" role=\"img\" class=\"emoji\" alt=\"\ud83e\udd49\" src=\"https:\/\/s.w.org\/images\/core\/emoji\/14.0.0\/svg\/1f949.svg\"><\/span><\/td><\/tr><tr><td>59<\/td><td><span style=\"font-size: 0; color: #ffffff00\">Simon S. | <\/span>\u0160imon S.<\/td><td>2<\/td><td>9<\/td><td>18<\/td><td><span style=\"font-size: 0; color: #ffffff00;\">Po\u0159ad\u00ed hr\u00e1\u010de 087, rozd\u00edl bal\u00f3n\u016f -69: <\/span>279:348<\/td><td>0.802<\/td><td><span style=\"font-size: 0; color: #ffffff00;\">Po\u0159ad\u00ed hr\u00e1\u010de 059: <\/span><span style=\"font-size: 28px; background-color: #8DACA6; border-radius: 2px;\"><img draggable=\"false\" role=\"img\" class=\"emoji\" alt=\"\ud83e\udd49\" src=\"https:\/\/s.w.org\/images\/core\/emoji\/14.0.0\/svg\/1f949.svg\"><\/span><\/td><\/tr><tr><td>60<\/td><td><span style=\"font-size: 0; color: #ffffff00\">Honza K. | <\/span>Honza K.<\/td><td>2<\/td><td>11<\/td><td>22<\/td><td><span style=\"font-size: 0; color: #ffffff00;\">Po\u0159ad\u00ed hr\u00e1\u010de 011, rozd\u00edl bal\u00f3n\u016f 34: <\/span>323:289<\/td><td>1.118<\/td><td><span style=\"font-size: 0; color: #ffffff00;\">Po\u0159ad\u00ed hr\u00e1\u010de 060: <\/span><span style=\"font-size: 28px; background-color: #FFE66D; border-radius: 2px;\"><img draggable=\"false\" role=\"img\" class=\"emoji\" alt=\"\ud83e\udd49\" src=\"https:\/\/s.w.org\/images\/core\/emoji\/14.0.0\/svg\/1f949.svg\"><\/span><\/td><\/tr><tr><td>61<\/td><td><span style=\"font-size: 0; color: #ffffff00\">Eva S. | <\/span>Eva \u0160.<\/td><td>1<\/td><td>4<\/td><td>9<\/td><td><span style=\"font-size: 0; color: #ffffff00;\">Po\u0159ad\u00ed hr\u00e1\u010de 028, rozd\u00edl bal\u00f3n\u016f 15: <\/span>153:138<\/td><td>1.109<\/td><td><span style=\"font-size: 0; color: #ffffff00;\">Po\u0159ad\u00ed hr\u00e1\u010de 061: <\/span><\/td><\/tr><tr><td><span style=\"font-size: 0; color: #ffffff00\">61.1<\/span><\/td><td><span style=\"font-size: 0; color: #ffffff00\">Martin K. | <\/span>Martin K.<\/td><td>1<\/td><td>4<\/td><td>9<\/td><td><span style=\"font-size: 0; color: #ffffff00;\">Po\u0159ad\u00ed hr\u00e1\u010de 028, rozd\u00edl bal\u00f3n\u016f 15: <\/span>153:138<\/td><td>1.109<\/td><td><span style=\"font-size: 0; color: #ffffff00;\">Po\u0159ad\u00ed hr\u00e1\u010de 061: <\/span><\/td><\/tr><tr><td><span style=\"font-size: 0; color: #ffffff00\">61.2<\/span><\/td><td><span style=\"font-size: 0; color: #ffffff00\">Medved | <\/span>Medv\u011bd<\/td><td>1<\/td><td>4<\/td><td>9<\/td><td><span style=\"font-size: 0; color: #ffffff00;\">Po\u0159ad\u00ed hr\u00e1\u010de 028, rozd\u00edl bal\u00f3n\u016f 15: <\/span>153:138<\/td><td>1.109<\/td><td><span style=\"font-size: 0; color: #ffffff00;\">Po\u0159ad\u00ed hr\u00e1\u010de 061: <\/span><\/td><\/tr><tr><td>64<\/td><td><span style=\"font-size: 0; color: #ffffff00\">Zum | <\/span>\u017dum<\/td><td>1<\/td><td>6<\/td><td>12<\/td><td><span style=\"font-size: 0; color: #ffffff00;\">Po\u0159ad\u00ed hr\u00e1\u010de 037, rozd\u00edl bal\u00f3n\u016f 9: <\/span>218:209<\/td><td>1.043<\/td><td><span style=\"font-size: 0; color: #ffffff00;\">Po\u0159ad\u00ed hr\u00e1\u010de 064: <\/span><\/td><\/tr><tr><td>65<\/td><td><span style=\"font-size: 0; color: #ffffff00\">Misa V. | <\/span>M\u00ed\u0161a V.<\/td><td>1<\/td><td>8<\/td><td>19<\/td><td><span style=\"font-size: 0; color: #ffffff00;\">Po\u0159ad\u00ed hr\u00e1\u010de 040, rozd\u00edl bal\u00f3n\u016f 4: <\/span>186:182<\/td><td>1.022<\/td><td><span style=\"font-size: 0; color: #ffffff00;\">Po\u0159ad\u00ed hr\u00e1\u010de 065: <\/span><\/td><\/tr><tr><td>66<\/td><td><span style=\"font-size: 0; color: #ffffff00\">Anca J. | <\/span>An\u010da J.<\/td><td>1<\/td><td>8<\/td><td>18<\/td><td><span style=\"font-size: 0; color: #ffffff00;\">Po\u0159ad\u00ed hr\u00e1\u010de 046, rozd\u00edl bal\u00f3n\u016f -2: <\/span>180:182<\/td><td>0.989<\/td><td><span style=\"font-size: 0; color: #ffffff00;\">Po\u0159ad\u00ed hr\u00e1\u010de 066: <\/span><\/td><\/tr><tr><td>67<\/td><td><span style=\"font-size: 0; color: #ffffff00\">Tadeas Br. | <\/span>Tade\u00e1\u0161 Br.<\/td><td>1<\/td><td>4<\/td><td>9<\/td><td><span style=\"font-size: 0; color: #ffffff00;\">Po\u0159ad\u00ed hr\u00e1\u010de 047, rozd\u00edl bal\u00f3n\u016f -2: <\/span>148:150<\/td><td>0.987<\/td><td><span style=\"font-size: 0; color: #ffffff00;\">Po\u0159ad\u00ed hr\u00e1\u010de 067: <\/span><\/td><\/tr><tr><td>68<\/td><td><span style=\"font-size: 0; color: #ffffff00\">Sotek | <\/span>\u0160otek<\/td><td>1<\/td><td>4<\/td><td>8<\/td><td><span style=\"font-size: 0; color: #ffffff00;\">Po\u0159ad\u00ed hr\u00e1\u010de 048, rozd\u00edl bal\u00f3n\u016f -2: <\/span>144:146<\/td><td>0.986<\/td><td><span style=\"font-size: 0; color: #ffffff00;\">Po\u0159ad\u00ed hr\u00e1\u010de 068: <\/span><\/td><\/tr><tr><td>69<\/td><td><span style=\"font-size: 0; color: #ffffff00\">Tomy | <\/span>Tomy<\/td><td>1<\/td><td>6<\/td><td>12<\/td><td><span style=\"font-size: 0; color: #ffffff00;\">Po\u0159ad\u00ed hr\u00e1\u010de 050, rozd\u00edl bal\u00f3n\u016f -7: <\/span>219:226<\/td><td>0.969<\/td><td><span style=\"font-size: 0; color: #ffffff00;\">Po\u0159ad\u00ed hr\u00e1\u010de 069: <\/span><\/td><\/tr><tr><td>70<\/td><td><span style=\"font-size: 0; color: #ffffff00\">Honza M. | <\/span>Honza M.<\/td><td>1<\/td><td>5<\/td><td>11<\/td><td><span style=\"font-size: 0; color: #ffffff00;\">Po\u0159ad\u00ed hr\u00e1\u010de 052, rozd\u00edl bal\u00f3n\u016f -8: <\/span>185:193<\/td><td>0.959<\/td><td><span style=\"font-size: 0; color: #ffffff00;\">Po\u0159ad\u00ed hr\u00e1\u010de 070: <\/span><\/td><\/tr><tr><td>71<\/td><td><span style=\"font-size: 0; color: #ffffff00\">Juan | <\/span>Juan<\/td><td>1<\/td><td>6<\/td><td>12<\/td><td><span style=\"font-size: 0; color: #ffffff00;\">Po\u0159ad\u00ed hr\u00e1\u010de 055, rozd\u00edl bal\u00f3n\u016f -10: <\/span>216:226<\/td><td>0.956<\/td><td><span style=\"font-size: 0; color: #ffffff00;\">Po\u0159ad\u00ed hr\u00e1\u010de 071: <\/span><\/td><\/tr><tr><td>72<\/td><td><span style=\"font-size: 0; color: #ffffff00\">Terka B. | <\/span>Terka B.<\/td><td>1<\/td><td>6<\/td><td>12<\/td><td><span style=\"font-size: 0; color: #ffffff00;\">Po\u0159ad\u00ed hr\u00e1\u010de 053, rozd\u00edl bal\u00f3n\u016f -9: <\/span>181:190<\/td><td>0.953<\/td><td><span style=\"font-size: 0; color: #ffffff00;\">Po\u0159ad\u00ed hr\u00e1\u010de 072: <\/span><\/td><\/tr><tr><td>73<\/td><td><span style=\"font-size: 0; color: #ffffff00\">Zuzka Satek | <\/span>Zuzka \u0160\u00e1tek<\/td><td>1<\/td><td>3<\/td><td>6<\/td><td><span style=\"font-size: 0; color: #ffffff00;\">Po\u0159ad\u00ed hr\u00e1\u010de 049, rozd\u00edl bal\u00f3n\u016f -6: <\/span>106:112<\/td><td>0.946<\/td><td><span style=\"font-size: 0; color: #ffffff00;\">Po\u0159ad\u00ed hr\u00e1\u010de 073: <\/span><\/td><\/tr><tr><td>74<\/td><td><span style=\"font-size: 0; color: #ffffff00\">Kudla | <\/span>Kudla<\/td><td>2<\/td><td>12<\/td><td>24<\/td><td><span style=\"font-size: 0; color: #ffffff00;\">Po\u0159ad\u00ed hr\u00e1\u010de 067, rozd\u00edl bal\u00f3n\u016f -25: <\/span>396:421<\/td><td>0.941<\/td><td><span style=\"font-size: 0; color: #ffffff00;\">Po\u0159ad\u00ed hr\u00e1\u010de 074: <\/span><\/td><\/tr><tr><td>75<\/td><td><span style=\"font-size: 0; color: #ffffff00\">Lukas S. | <\/span>Luk\u00e1\u0161 S.<\/td><td>4<\/td><td>16<\/td><td>33<\/td><td><span style=\"font-size: 0; color: #ffffff00;\">Po\u0159ad\u00ed hr\u00e1\u010de 080, rozd\u00edl bal\u00f3n\u016f -40: <\/span>543:583<\/td><td>0.931<\/td><td><span style=\"font-size: 0; color: #ffffff00;\">Po\u0159ad\u00ed hr\u00e1\u010de 075: <\/span><\/td><\/tr><tr><td>76<\/td><td><span style=\"font-size: 0; color: #ffffff00\">Hanka J. | <\/span>Hanka J.<\/td><td>3<\/td><td>12<\/td><td>25<\/td><td><span style=\"font-size: 0; color: #ffffff00;\">Po\u0159ad\u00ed hr\u00e1\u010de 076, rozd\u00edl bal\u00f3n\u016f -34: <\/span>411:445<\/td><td>0.924<\/td><td><span style=\"font-size: 0; color: #ffffff00;\">Po\u0159ad\u00ed hr\u00e1\u010de 076: <\/span><\/td><\/tr><tr><td>77<\/td><td><span style=\"font-size: 0; color: #ffffff00\">Monika B. | <\/span>Monika B.<\/td><td>1<\/td><td>6<\/td><td>12<\/td><td><span style=\"font-size: 0; color: #ffffff00;\">Po\u0159ad\u00ed hr\u00e1\u010de 061, rozd\u00edl bal\u00f3n\u016f -16: <\/span>183:199<\/td><td>0.920<\/td><td><span style=\"font-size: 0; color: #ffffff00;\">Po\u0159ad\u00ed hr\u00e1\u010de 077: <\/span><\/td><\/tr><tr><td><span style=\"font-size: 0; color: #ffffff00\">77.1<\/span><\/td><td><span style=\"font-size: 0; color: #ffffff00\">Tito | <\/span>Tito<\/td><td>1<\/td><td>6<\/td><td>12<\/td><td><span style=\"font-size: 0; color: #ffffff00;\">Po\u0159ad\u00ed hr\u00e1\u010de 061, rozd\u00edl bal\u00f3n\u016f -16: <\/span>183:199<\/td><td>0.920<\/td><td><span style=\"font-size: 0; color: #ffffff00;\">Po\u0159ad\u00ed hr\u00e1\u010de 077: <\/span><\/td><\/tr><tr><td>79<\/td><td><span style=\"font-size: 0; color: #ffffff00\">Kuna | <\/span>Kuna<\/td><td>3<\/td><td>14<\/td><td>30<\/td><td><span style=\"font-size: 0; color: #ffffff00;\">Po\u0159ad\u00ed hr\u00e1\u010de 079, rozd\u00edl bal\u00f3n\u016f -38: <\/span>410:448<\/td><td>0.915<\/td><td><span style=\"font-size: 0; color: #ffffff00;\">Po\u0159ad\u00ed hr\u00e1\u010de 079: <\/span><\/td><\/tr><tr><td>80<\/td><td><span style=\"font-size: 0; color: #ffffff00\">Bida | <\/span>B\u00ed\u010fa<\/td><td>1<\/td><td>4<\/td><td>9<\/td><td><span style=\"font-size: 0; color: #ffffff00;\">Po\u0159ad\u00ed hr\u00e1\u010de 058, rozd\u00edl bal\u00f3n\u016f -14: <\/span>142:156<\/td><td>0.910<\/td><td><span style=\"font-size: 0; color: #ffffff00;\">Po\u0159ad\u00ed hr\u00e1\u010de 080: <\/span><\/td><\/tr><tr><td>81<\/td><td><span style=\"font-size: 0; color: #ffffff00\">Kolouch | <\/span>Kolouch<\/td><td>1<\/td><td>6<\/td><td>12<\/td><td><span style=\"font-size: 0; color: #ffffff00;\">Po\u0159ad\u00ed hr\u00e1\u010de 063, rozd\u00edl bal\u00f3n\u016f -19: <\/span>182:201<\/td><td>0.905<\/td><td><span style=\"font-size: 0; color: #ffffff00;\">Po\u0159ad\u00ed hr\u00e1\u010de 081: <\/span><\/td><\/tr><tr><td>82<\/td><td><span style=\"font-size: 0; color: #ffffff00\">Ondra P. | <\/span>Ondra P.<\/td><td>1<\/td><td>5<\/td><td>10<\/td><td><span style=\"font-size: 0; color: #ffffff00;\">Po\u0159ad\u00ed hr\u00e1\u010de 068, rozd\u00edl bal\u00f3n\u016f -26: <\/span>156:182<\/td><td>0.857<\/td><td><span style=\"font-size: 0; color: #ffffff00;\">Po\u0159ad\u00ed hr\u00e1\u010de 082: <\/span><\/td><\/tr><tr><td><span style=\"font-size: 0; color: #ffffff00\">82.1<\/span><\/td><td><span style=\"font-size: 0; color: #ffffff00\">Vanis | <\/span>V\u00e1nis<\/td><td>1<\/td><td>5<\/td><td>10<\/td><td><span style=\"font-size: 0; color: #ffffff00;\">Po\u0159ad\u00ed hr\u00e1\u010de 068, rozd\u00edl bal\u00f3n\u016f -26: <\/span>156:182<\/td><td>0.857<\/td><td><span style=\"font-size: 0; color: #ffffff00;\">Po\u0159ad\u00ed hr\u00e1\u010de 082: <\/span><\/td><\/tr><tr><td>84<\/td><td><span style=\"font-size: 0; color: #ffffff00\">Tomas C. | <\/span>Tom\u00e1\u0161 \u010c.<\/td><td>1<\/td><td>5<\/td><td>10<\/td><td><span style=\"font-size: 0; color: #ffffff00;\">Po\u0159ad\u00ed hr\u00e1\u010de 071, rozd\u00edl bal\u00f3n\u016f -27: <\/span>156:183<\/td><td>0.852<\/td><td><span style=\"font-size: 0; color: #ffffff00;\">Po\u0159ad\u00ed hr\u00e1\u010de 084: <\/span><\/td><\/tr><tr><td>85<\/td><td><span style=\"font-size: 0; color: #ffffff00\">Simon C. | <\/span>\u0160imon C.<\/td><td>1<\/td><td>5<\/td><td>11<\/td><td><span style=\"font-size: 0; color: #ffffff00;\">Po\u0159ad\u00ed hr\u00e1\u010de 064, rozd\u00edl bal\u00f3n\u016f -21: <\/span>105:126<\/td><td>0.833<\/td><td><span style=\"font-size: 0; color: #ffffff00;\">Po\u0159ad\u00ed hr\u00e1\u010de 085: <\/span><\/td><\/tr><tr><td>86<\/td><td><span style=\"font-size: 0; color: #ffffff00\">Alex L. | <\/span>Alex L.<\/td><td>1<\/td><td>6<\/td><td>12<\/td><td><span style=\"font-size: 0; color: #ffffff00;\">Po\u0159ad\u00ed hr\u00e1\u010de 082, rozd\u00edl bal\u00f3n\u016f -45: <\/span>201:246<\/td><td>0.817<\/td><td><span style=\"font-size: 0; color: #ffffff00;\">Po\u0159ad\u00ed hr\u00e1\u010de 086: <\/span><\/td><\/tr><tr><td>87<\/td><td><span style=\"font-size: 0; color: #ffffff00\">Fida | <\/span>F\u00ed\u010fa<\/td><td>1<\/td><td>4<\/td><td>8<\/td><td><span style=\"font-size: 0; color: #ffffff00;\">Po\u0159ad\u00ed hr\u00e1\u010de 074, rozd\u00edl bal\u00f3n\u016f -32: <\/span>123:155<\/td><td>0.794<\/td><td><span style=\"font-size: 0; color: #ffffff00;\">Po\u0159ad\u00ed hr\u00e1\u010de 087: <\/span><\/td><\/tr><tr><td>88<\/td><td><span style=\"font-size: 0; color: #ffffff00\">Lucka V. | <\/span>Lucka V.<\/td><td>1<\/td><td>8<\/td><td>18<\/td><td><span style=\"font-size: 0; color: #ffffff00;\">Po\u0159ad\u00ed hr\u00e1\u010de 083, rozd\u00edl bal\u00f3n\u016f -48: <\/span>142:190<\/td><td>0.747<\/td><td><span style=\"font-size: 0; color: #ffffff00;\">Po\u0159ad\u00ed hr\u00e1\u010de 088: <\/span><\/td><\/tr><tr><td>89<\/td><td><span style=\"font-size: 0; color: #ffffff00\">Kaja J. | <\/span>K\u00e1ja J.<\/td><td>1<\/td><td>4<\/td><td>8<\/td><td><span style=\"font-size: 0; color: #ffffff00;\">Po\u0159ad\u00ed hr\u00e1\u010de 081, rozd\u00edl bal\u00f3n\u016f -42: <\/span>117:159<\/td><td>0.736<\/td><td><span style=\"font-size: 0; color: #ffffff00;\">Po\u0159ad\u00ed hr\u00e1\u010de 089: <\/span><\/td><\/tr><\/tbody>","ea_adv_data_table_search_placeholder":"Hledej hr\u00e1\u010de","ea_adv_data_table_border_color":"#FFFFFF","ea_adv_data_table_head_typography_typography":"custom","ea_adv_data_table_head_typography_font_family":"Montserrat","ea_adv_data_table_head_typography_font_weight":"600","ea_adv_data_table_head_color":"#FFFFFF","ea_adv_data_table_head_background":"#003E53","ea_adv_data_table_head_cell_border_color":"#7A7A7A","ea_adv_data_table_body_typography_typography":"custom","ea_adv_data_table_body_typography_font_family":"Montserrat","ea_adv_data_table_body_typography_font_weight":"400","ea_adv_data_table_body_color":"#7A7A7A","ea_adv_data_table_body_cell_border_color":"#7A7A7A","ea_adv_data_table_search_width":{"unit":"%","size":30,"sizes":[]},"ea_adv_data_table_search_margin":{"unit":"px","size":5,"sizes":[]},"ea_adv_data_table_search_typography_typography":"custom","ea_adv_data_table_search_typography_font_family":"Montserrat","ea_adv_data_table_search_typography_font_weight":"400","ea_adv_data_table_search_border_width":{"unit":"px","top":"0","right":"0","bottom":"0","left":"0","isLinked":true},"ea_adv_data_table_button_border_border":"solid","ea_adv_data_table_button_border_width":{"unit":"px","top":"0","right":"0","bottom":"0","left":"0","isLinked":true},"ea_adv_data_table_button_border_padding":{"unit":"px","top":"-1","right":"-1","bottom":"-1","left":"-1","isLinked":true},"__globals__":{"ea_adv_data_table_head_background":"","ea_adv_data_table_head_color":"globals\/colors?id=primary","ea_adv_data_table_head_typography_typography":"globals\/typography?id=primary","ea_adv_data_table_body_typography_typography":"","ea_adv_data_table_border_color":"globals\/colors?id=primary","ea_adv_data_table_head_cell_border_color":"globals\/colors?id=text","ea_adv_data_table_body_color":"globals\/colors?id=text","ea_adv_data_table_body_cell_border_color":"globals\/colors?id=text","ea_adv_data_table_search_typography_typography":"","ea_adv_data_table_search_color":"globals\/colors?id=text","ea_adv_data_table_search_border_color":"globals\/colors?id=accent","ea_adv_data_table_button_background_color_hover":"","ea_adv_data_table_pagination_border_color":"globals\/colors?id=primary","ea_adv_data_table_pagination_color":"globals\/colors?id=text","ea_adv_data_table_pagination_typography_typography":"","ea_adv_data_table_pagination_border_hover_color":"globals\/colors?id=primary","ea_adv_data_table_pagination_color_hover":"globals\/colors?id=primary","ea_adv_data_table_pagination_background_hover":"globals\/colors?id=text","ea_adv_data_table_body_e_row_highlight_color":"globals\/colors?id=text","ea_adv_data_table_body_e_row_highlight_background":""},"ea_adv_data_table_search_color":"#7A7A7A","ea_adv_data_table_search_border_border":"groove","ea_adv_data_table_search_border_color":"#D2E9E1","ea_adv_data_table_pagination_alignment":"center","ea_adv_data_table_pagination_typography_typography":"custom","ea_adv_data_table_pagination_typography_font_family":"Montserrat","ea_adv_data_table_pagination_typography_font_weight":"400","ea_adv_data_table_pagination_padding":{"unit":"px","top":"5","right":"5","bottom":"5","left":"5","isLinked":false},"ea_adv_data_table_pagination_margin":{"unit":"px","top":"2","right":"0","bottom":"0","left":"0","isLinked":false},"ea_adv_data_table_pagination_color":"#7A7A7A","ea_adv_data_table_pagination_border_color":"#FFFFFF","custom_css":"input:focus {\r\n    outline: none !important;\r\n}","ea_adv_data_table_search":"","ea_adv_data_table_pagination":"","ea_adv_data_table_border_width":{"unit":"px","top":"0","right":"0","bottom":"0","left":"0","isLinked":true},"ea_adv_data_table_head_cell_border_width":{"unit":"px","top":"0","right":"0","bottom":"0","left":"0","isLinked":true},"ea_adv_data_table_body_cell_border_width":{"unit":"px","top":"0","right":"0","bottom":"0","left":"0","isLinked":true},"ea_adv_data_table_body_highlight":"e-row","ea_adv_data_table_body_e_row_highlight_color":"#7A7A7A","ea_adv_data_table_body_e_row_highlight_background":"#F6F6F6","ea_adv_data_table_pagination_color_hover":"#FFFFFF","ea_adv_data_table_pagination_background_hover":"#7A7A7A","ea_adv_data_table_pagination_border_hover_color":"#FFFFFF","ea_adv_data_table_head_cell_padding":{"unit":"px","top":"11","right":"30","bottom":"10","left":"10","isLinked":false}},"elements":[],"isInner":false,"widgetType":"eael-advanced-data-table","elType":"widget"},{"id":"18782423","settings":{"editor":"O po\u0159ad\u00ed v&nbsp;tabulce rozhoduje medailov\u00e9 po\u0159ad\u00ed (olympijsk\u00fd syst\u00e9m), nejvy\u0161\u0161\u00ed v\u00e1hu m\u00e1 volejbalov\u00fd turnaj dvojic, d\u00e1le \u0161estkov\u00fd volejbal a posledn\u00ed beachvolleyball. V p\u0159\u00edpad\u011b shody rozhoduje pom\u011br m\u00ed\u010d\u016f.","_padding":{"unit":"px","top":"0","right":"0","bottom":"0","left":"0","isLinked":true},"align":"justify","text_color":"#FFFFFF","typography_typography":"custom","typography_font_family":"Montserrat","typography_font_weight":"500","__globals__":{"text_color":"globals\/colors?id=7fcabb5","typography_typography":""},"custom_css":"@media(max-width: 600px){\n    selector .elementor-widget-container {\n        text-align: center;\n    }\n}"},"elements":[],"isInner":false,"widgetType":"text-editor","elType":"widget"}],"isInner":"","elType":"column"}],"isInner":"","elType":"section"},{"id":"60b2747f","settings":{"section_layout":"","content_width":{"unit":"px","size":1024},"custom_height":{"unit":"px","size":0},"section_background":"","background_overlay_title":"","background_overlay_opacity":{"unit":"px","size":0.6999999999999999555910790149937383830547332763671875},"section_border":"","box_shadow_box_shadow":{"horizontal":"0","vertical":"0","blur":"10","spread":"0","inset":"","color":"rgba(0,0,0,0.5)"},"section_typo":"","section_advanced":"","margin":{"unit":"px","top":"0","right":0,"bottom":"0","left":0,"isLinked":""},"_section_responsive":"","responsive_description":"","margin_mobile":{"unit":"px","top":"0","right":"0","bottom":"0","left":"0","isLinked":"1"},"padding_tablet":{"unit":"px","top":"50","right":"50","bottom":"50","left":"50","isLinked":"1"},"padding_mobile":{"unit":"px","top":"0","right":"0","bottom":"0","left":"0","isLinked":false},"heading_visibility":"","_title":"video and feutres","height":"min-height","column_position":"top","background_background":"classic","background_image":{"url":"https:\/\/www.rozvedcik-volejbal.cz\/wp-content\/uploads\/2021\/07\/what-the-hex.png","id":822,"alt":"","source":"library"},"background_overlay_background":"classic","background_overlay_color":"#5C8880","padding":{"unit":"px","top":"0","right":"0","bottom":"0","left":"0","isLinked":false},"__globals__":{"background_color":"globals\/colors?id=primary"},"layout":"full_width"},"elements":[{"id":"9245601","settings":{"_column_size":100,"_inline_size":null,"margin":{"unit":"px","top":"0","right":"0","bottom":"0","left":"0","isLinked":false},"padding":{"unit":"px","top":"0","right":"0","bottom":"0","left":"0","isLinked":false}},"elements":[{"id":"7547a7dd","settings":{"selected_icon":{"value":{"url":"https:\/\/www.rozvedcik-volejbal.cz\/wp-content\/uploads\/2022\/06\/chevron-up-circle-outline.svg","id":4402},"library":"svg"},"link":{"url":"#page-top","is_external":"","nofollow":"","custom_attributes":""},"align":"right","size":{"unit":"px","size":55,"sizes":[]},"_margin":{"unit":"px","top":"-20","right":"20","bottom":"0","left":"0","isLinked":false},"_padding":{"unit":"px","top":"0","right":"0","bottom":"0","left":"0","isLinked":true},"motion_fx_motion_fx_scrolling":"yes","motion_fx_translateY_effect":"yes","motion_fx_translateY_speed":{"unit":"px","size":2.5,"sizes":[]},"motion_fx_translateY_affectedRange":{"unit":"%","size":"","sizes":{"start":50,"end":100}},"motion_fx_opacity_range":{"unit":"%","size":"","sizes":{"start":0,"end":57}},"sticky":"bottom","sticky_offset":10,"__globals__":{"hover_primary_color":"globals\/colors?id=6e40ef7","primary_color":"globals\/colors?id=7fcabb5"}},"elements":[],"isInner":false,"widgetType":"icon","elType":"widget"}],"isInner":false,"elType":"column"}],"isInner":"","elType":"section"},{"id":"5682e535","settings":[],"elements":[{"id":"512f966e","settings":{"_column_size":100,"_inline_size":null},"elements":[],"isInner":false,"elType":"column"}],"isInner":false,"elType":"section"}],"settings":{"template":"default","eael_ext_toc_title":"Table of Contents","background_background":"classic","__globals__":{"background_color":"globals\/colors?id=primary"}},"metadata":[]}