{"content":[{"id":"7dd102c2","settings":{"content_width":{"unit":"px","size":1024,"sizes":[]},"background_background":"classic","__globals__":{"background_color":"globals\/colors?id=7fcabb5"},"_element_id":"page-top"},"elements":[{"id":"4c2b618f","settings":{"_column_size":100,"_inline_size":null},"elements":[{"id":"7e3e175f","settings":{"align_items":"center","dropdown":"mobile","text_align":"center","color_menu_item":"#FFFFFF","color_menu_item_hover":"#FFFFFF","pointer_color_menu_item_hover":"#FFFFFF","pointer_color_menu_item_active":"#003E53","dropdown_typography_typography":"custom","dropdown_typography_font_family":"Montserrat","dropdown_typography_font_size":{"unit":"px","size":16,"sizes":[]},"dropdown_typography_font_weight":"500","toggle_size":{"unit":"px","size":20,"sizes":[]},"toggle_border_width":{"unit":"px","size":3,"sizes":[]},"toggle_border_radius":{"unit":"px","size":2,"sizes":[]},"__globals__":{"color_menu_item":"globals\/colors?id=primary","color_menu_item_hover":"globals\/colors?id=primary","pointer_color_menu_item_hover":"globals\/colors?id=6e40ef7","pointer_color_menu_item_active":"globals\/colors?id=primary","dropdown_typography_typography":"","color_dropdown_item":"globals\/colors?id=primary","background_color_dropdown_item":"globals\/colors?id=7fcabb5","color_dropdown_item_hover":"globals\/colors?id=primary","background_color_dropdown_item_hover":"globals\/colors?id=6e40ef7","color_dropdown_item_active":"globals\/colors?id=6e40ef7","background_color_dropdown_item_active":"globals\/colors?id=7fcabb5","toggle_color":"globals\/colors?id=7fcabb5","toggle_background_color":"globals\/colors?id=primary","toggle_color_hover":"globals\/colors?id=6e40ef7","toggle_background_color_hover":"globals\/colors?id=primary"},"submenu_icon":{"value":"fas fa-angle-down","library":"fa-solid"},"animation_line":"grow"},"elements":[],"isInner":false,"widgetType":"nav-menu","elType":"widget"}],"isInner":false,"elType":"column"}],"isInner":false,"elType":"section"},{"id":"3e7b05f3","settings":{"content_width":{"unit":"px","size":1024,"sizes":[]},"padding":{"unit":"px","top":"30","right":"0","bottom":"0","left":"0","isLinked":false}},"elements":[{"id":"23cf2de5","settings":{"_column_size":100,"_inline_size":null,"custom_css":"selector .flex-reversed li {\n    flex-direction: row-reverse;\n}\n\nselector .flex-reversed .elementor-icon-list-icon  {\n    margin-left: 15px;\n}\n\nselector .flex-reversed a {\n    flex-direction: row-reverse;\n}\n\nselector .flex-reversed .elementor-icon-list-text {\n    text-align: right;\n}\n\n@media(max-width: 767px){\n    selector .flex-reversed li {\n        flex-direction: row;\n    }\n    \n    selector .flex-reversed .elementor-icon-list-icon  {\n    margin-left: 0;\n}\n    \n    selector .flex-reversed a {\n        flex-direction: row;\n    }\n    \n    selector .flex-reversed-section > div{\n        flex-direction: column-reverse;\n    }\n    \n    selector .flex-reversed .elementor-icon-list-text{\n        text-align: left;\n    }\n}\n"},"elements":[{"id":"1c51db35","settings":{"structure":"20","margin":{"unit":"px","top":"0","right":0,"bottom":"20","left":0,"isLinked":false},"margin_mobile":{"unit":"px","top":"0","right":0,"bottom":"21","left":0,"isLinked":false}},"elements":[{"id":"4b0ce588","settings":{"_column_size":50,"_inline_size":null},"elements":[{"id":"aac7b83","settings":{"carousel":[{"id":4750,"url":"https:\/\/www.rozvedcik-volejbal.cz\/wp-content\/uploads\/2022\/08\/20220806_195728-scaled.jpg"},{"id":4744,"url":"https:\/\/www.rozvedcik-volejbal.cz\/wp-content\/uploads\/2022\/08\/20220806_183850-scaled.jpg"},{"id":4719,"url":"https:\/\/www.rozvedcik-volejbal.cz\/wp-content\/uploads\/2022\/08\/20220806_163724-scaled.jpg"}],"thumbnail_size":"large","slides_to_show":"1","navigation":"dots","link_to":"custom","link":{"url":"https:\/\/www.rozvedcik-volejbal.cz\/gallery\/galerie-2022-hobby\/","is_external":"","nofollow":"","custom_attributes":""}},"elements":[],"isInner":false,"widgetType":"image-carousel","elType":"widget"}],"isInner":true,"elType":"column"},{"id":"37f1c455","settings":{"_column_size":50,"_inline_size":null,"content_position":"center","padding":{"unit":"px","top":"0","right":"0","bottom":"50","left":"25","isLinked":false},"padding_mobile":{"unit":"px","top":"0","right":"0","bottom":"0","left":"0","isLinked":true}},"elements":[{"id":"704ddbc4","settings":{"title":"2022 - HOBBy","align":"left","__globals__":{"typography_typography":"globals\/typography?id=f704b06","title_color":"globals\/colors?id=7fcabb5"},"align_mobile":"center","_padding":{"unit":"px","top":"0","right":"0","bottom":"0","left":"0","isLinked":false},"_margin":{"unit":"px","top":"0","right":"0","bottom":"0","left":"0","isLinked":false}},"elements":[],"isInner":false,"widgetType":"heading","elType":"widget"},{"id":"65daabcc","settings":{"icon_list":[{"text":"6.&nbsp;8.&nbsp;2022","selected_icon":{"value":"far fa-calendar-alt","library":"fa-regular"},"_id":"7a469eb"},{"text":"35&nbsp;hr\u00e1\u010d\u016f","selected_icon":{"value":"fas fa-users","library":"fa-solid"},"_id":"d7dca6f"},{"text":"Losov\u00e1n\u00ed: N\u00e1hodn\u00e9","selected_icon":{"value":"fas fa-dice","library":"fa-solid"},"_id":"68ad138"},{"_id":"834d463","text":"Syst\u00e9m: 2 skupiny po 3 t\u00fdmech a play-off","selected_icon":{"value":"fas fa-table","library":"fa-solid"}}],"icon_align":"left","icon_self_align":"center","_padding":{"unit":"%","top":"0","right":"0","bottom":"0","left":"0","isLinked":false},"__globals__":{"icon_typography_typography":"","icon_color":"globals\/colors?id=7fcabb5","text_color":"globals\/colors?id=7fcabb5"},"icon_align_mobile":"left","_padding_mobile":{"unit":"px","top":"0","right":"0","bottom":"0","left":"0","isLinked":false},"view":"","space_between":{"unit":"px","size":4,"sizes":[]},"icon_color":"#003E53","icon_size":{"unit":"px","size":25,"sizes":[]},"text_color":"#003E53","text_indent":{"unit":"px","size":18,"sizes":[]},"icon_typography_typography":"custom","icon_typography_font_family":"Montserrat","icon_typography_font_size":{"unit":"px","size":21,"sizes":[]},"icon_typography_font_weight":"600"},"elements":[],"isInner":false,"widgetType":"icon-list","elType":"widget"},{"id":"27918964","settings":{"text":"V\u0161e o turnaji","link":{"url":"https:\/\/www.rozvedcik-volejbal.cz\/previous\/2022-hobby\/","is_external":"","nofollow":"","custom_attributes":""},"align":"left","selected_icon":{"value":"fas fa-arrow-right","library":"fa-solid"},"icon_align":"right","border_radius":{"unit":"px","top":"2","right":"2","bottom":"2","left":"2","isLinked":true},"_margin":{"unit":"px","top":"0","right":"0","bottom":"0","left":"0","isLinked":true},"__globals__":{"typography_typography":"globals\/typography?id=primary","button_text_color":"globals\/colors?id=primary","background_color":"globals\/colors?id=6e40ef7","border_color":"globals\/colors?id=6e40ef7","hover_color":"globals\/colors?id=primary","button_background_hover_color":"globals\/colors?id=secondary","button_hover_border_color":"globals\/colors?id=6e40ef7"},"align_mobile":"center","_padding":{"unit":"px","top":"13","right":"0","bottom":"0","left":"0","isLinked":false},"_padding_mobile":{"unit":"px","top":"0","right":"0","bottom":"0","left":"0","isLinked":true}},"elements":[],"isInner":false,"widgetType":"button","elType":"widget"}],"isInner":true,"elType":"column"}],"isInner":true,"elType":"section"},{"id":"5bf41508","settings":{"hide_desktop":"hidden-desktop","hide_tablet":"hidden-tablet"},"elements":[{"id":"712b3f8d","settings":{"_column_size":100,"_inline_size":null},"elements":[{"id":"3610c619","settings":{"look":"line_icon","text":"Odd\u011blova\u010d","icon":{"value":"fas fa-volleyball-ball","library":"fa-solid"},"weight":{"unit":"px","size":2,"sizes":[]},"__globals__":{"color":"globals\/colors?id=7fcabb5","primary_color":"globals\/colors?id=7fcabb5"}},"elements":[],"isInner":false,"widgetType":"divider","elType":"widget"}],"isInner":true,"elType":"column"}],"isInner":true,"elType":"section"},{"id":"3113b0ea","settings":{"structure":"20","margin":{"unit":"px","top":"0","right":0,"bottom":"20","left":0,"isLinked":false},"margin_mobile":{"unit":"px","top":"14","right":0,"bottom":"21","left":0,"isLinked":false},"css_classes":"flex-reversed-section"},"elements":[{"id":"5d03e5ec","settings":{"_column_size":50,"_inline_size":null,"content_position":"center","padding":{"unit":"px","top":"0","right":"25","bottom":"50","left":"0","isLinked":false},"padding_mobile":{"unit":"px","top":"0","right":"0","bottom":"0","left":"0","isLinked":true}},"elements":[{"id":"6758a6c3","settings":{"title":"2022 - PROFI","align":"right","__globals__":{"typography_typography":"globals\/typography?id=f704b06","title_color":"globals\/colors?id=7fcabb5"},"align_mobile":"center","_padding":{"unit":"px","top":"0","right":"0","bottom":"0","left":"0","isLinked":false},"_margin":{"unit":"px","top":"0","right":"0","bottom":"0","left":"0","isLinked":false}},"elements":[],"isInner":false,"widgetType":"heading","elType":"widget"},{"id":"2997e38","settings":{"icon_list":[{"text":"11.&nbsp;6.&nbsp;2022","selected_icon":{"value":"far fa-calendar-alt","library":"fa-regular"},"_id":"7a469eb"},{"text":"25&nbsp;hr\u00e1\u010d\u016f","selected_icon":{"value":"fas fa-users","library":"fa-solid"},"_id":"d7dca6f"},{"text":"Losov\u00e1n\u00ed: N\u00e1hodn\u00e9","selected_icon":{"value":"fas fa-dice","library":"fa-solid"},"_id":"68ad138"},{"_id":"834d463","text":"Syst\u00e9m: 2&nbsp;podturnaje 4&nbsp;t\u00fdm\u016f&nbsp;+&nbsp;fin\u00e1le","selected_icon":{"value":"fas fa-table","library":"fa-solid"}}],"icon_align":"left","icon_self_align":"center","_padding":{"unit":"%","top":"0","right":"0","bottom":"0","left":"5","isLinked":false},"__globals__":{"icon_typography_typography":"","icon_color":"globals\/colors?id=7fcabb5","text_color":"globals\/colors?id=7fcabb5"},"icon_align_mobile":"left","_padding_mobile":{"unit":"px","top":"0","right":"0","bottom":"0","left":"0","isLinked":false},"view":"","space_between":{"unit":"px","size":4,"sizes":[]},"icon_color":"#003E53","icon_size":{"unit":"px","size":25,"sizes":[]},"text_color":"#003E53","text_indent":{"unit":"px","size":18,"sizes":[]},"icon_typography_typography":"custom","icon_typography_font_family":"Montserrat","icon_typography_font_size":{"unit":"px","size":21,"sizes":[]},"icon_typography_font_weight":"600","_css_classes":"flex-reversed"},"elements":[],"isInner":false,"widgetType":"icon-list","elType":"widget"},{"id":"40277e71","settings":{"text":"V\u0161e o turnaji","link":{"url":"https:\/\/www.rozvedcik-volejbal.cz\/previous\/2022-profi\/","is_external":"","nofollow":"","custom_attributes":""},"align":"right","selected_icon":{"value":"fas fa-arrow-right","library":"fa-solid"},"icon_align":"right","border_radius":{"unit":"px","top":"2","right":"2","bottom":"2","left":"2","isLinked":true},"_margin":{"unit":"px","top":"0","right":"0","bottom":"0","left":"0","isLinked":true},"__globals__":{"typography_typography":"globals\/typography?id=primary","button_text_color":"globals\/colors?id=primary","background_color":"globals\/colors?id=6e40ef7","border_color":"globals\/colors?id=6e40ef7","hover_color":"globals\/colors?id=primary","button_background_hover_color":"globals\/colors?id=secondary","button_hover_border_color":"globals\/colors?id=6e40ef7"},"align_mobile":"center","_padding":{"unit":"px","top":"13","right":"0","bottom":"0","left":"25","isLinked":false},"_padding_mobile":{"unit":"px","top":"0","right":"0","bottom":"0","left":"0","isLinked":true}},"elements":[],"isInner":false,"widgetType":"button","elType":"widget"}],"isInner":true,"elType":"column"},{"id":"7eb3bc7a","settings":{"_column_size":50,"_inline_size":null},"elements":[{"id":"7231ab43","settings":{"carousel":[{"id":4164,"url":"https:\/\/www.rozvedcik-volejbal.cz\/wp-content\/uploads\/2022\/06\/IMG_5537-scaled.jpg"},{"id":4287,"url":"https:\/\/www.rozvedcik-volejbal.cz\/wp-content\/uploads\/2022\/06\/vitezove_bila-scaled.jpg"},{"id":4286,"url":"https:\/\/www.rozvedcik-volejbal.cz\/wp-content\/uploads\/2022\/06\/nancy_bila-scaled.jpg"}],"thumbnail_size":"large","slides_to_show":"1","navigation":"dots","link_to":"custom","link":{"url":"https:\/\/www.rozvedcik-volejbal.cz\/gallery\/2022-profi\/","is_external":"","nofollow":"","custom_attributes":""}},"elements":[],"isInner":false,"widgetType":"image-carousel","elType":"widget"}],"isInner":true,"elType":"column"}],"isInner":true,"elType":"section"},{"id":"11c09fda","settings":{"hide_desktop":"hidden-desktop","hide_tablet":"hidden-tablet"},"elements":[{"id":"708a288a","settings":{"_column_size":100,"_inline_size":null},"elements":[{"id":"50e29598","settings":{"look":"line_icon","text":"Odd\u011blova\u010d","icon":{"value":"fas fa-volleyball-ball","library":"fa-solid"},"weight":{"unit":"px","size":2,"sizes":[]},"__globals__":{"color":"globals\/colors?id=7fcabb5","primary_color":"globals\/colors?id=7fcabb5"}},"elements":[],"isInner":false,"widgetType":"divider","elType":"widget"}],"isInner":true,"elType":"column"}],"isInner":true,"elType":"section"},{"id":"4ab7dfc8","settings":{"structure":"20","margin":{"unit":"px","top":"0","right":0,"bottom":"20","left":0,"isLinked":false},"margin_mobile":{"unit":"px","top":"0","right":0,"bottom":"21","left":0,"isLinked":false}},"elements":[{"id":"370434a8","settings":{"_column_size":50,"_inline_size":null},"elements":[{"id":"6322a2a6","settings":{"carousel":[{"id":3751,"url":"https:\/\/www.rozvedcik-volejbal.cz\/wp-content\/uploads\/2021\/12\/20211218_165149-scaled.jpg"},{"id":3911,"url":"https:\/\/www.rozvedcik-volejbal.cz\/wp-content\/uploads\/2021\/12\/zuzazeli-scaled.jpg"},{"id":3865,"url":"https:\/\/www.rozvedcik-volejbal.cz\/wp-content\/uploads\/2021\/12\/20211218_145350-scaled.jpg"}],"thumbnail_size":"large","slides_to_show":"1","navigation":"dots","link_to":"custom","link":{"url":"https:\/\/www.rozvedcik-volejbal.cz\/gallery\/2021-beach\/","is_external":"","nofollow":"","custom_attributes":""}},"elements":[],"isInner":false,"widgetType":"image-carousel","elType":"widget"}],"isInner":true,"elType":"column"},{"id":"47d45f24","settings":{"_column_size":50,"_inline_size":null,"content_position":"center","padding":{"unit":"px","top":"0","right":"0","bottom":"50","left":"25","isLinked":false},"padding_mobile":{"unit":"px","top":"0","right":"0","bottom":"0","left":"0","isLinked":true}},"elements":[{"id":"21b319e9","settings":{"title":"2021 - BEACH","align":"left","__globals__":{"typography_typography":"globals\/typography?id=f704b06","title_color":"globals\/colors?id=7fcabb5"},"align_mobile":"center","_padding":{"unit":"px","top":"0","right":"0","bottom":"0","left":"0","isLinked":false},"_margin":{"unit":"px","top":"0","right":"0","bottom":"0","left":"0","isLinked":false}},"elements":[],"isInner":false,"widgetType":"heading","elType":"widget"},{"id":"66c54be6","settings":{"icon_list":[{"text":"18.&nbsp;12.&nbsp;2021","selected_icon":{"value":"far fa-calendar-alt","library":"fa-regular"},"_id":"7a469eb"},{"text":"18&nbsp;hr\u00e1\u010d\u016f","selected_icon":{"value":"fas fa-users","library":"fa-solid"},"_id":"d7dca6f"},{"text":"Losov\u00e1n\u00ed: N\u00e1hodn\u00e9","selected_icon":{"value":"fas fa-dice","library":"fa-solid"},"_id":"68ad138"},{"_id":"834d463","text":"Syst\u00e9m: Dv\u011b roz\u0159azovac\u00ed skupiny 5 kluk\u016f a 4 holek, play-out kluk\u016f, play-off fixn\u00edch p\u00e1r\u016f","selected_icon":{"value":"fas fa-table","library":"fa-solid"}}],"icon_align":"left","icon_self_align":"center","_padding":{"unit":"%","top":"0","right":"0","bottom":"0","left":"0","isLinked":false},"__globals__":{"icon_typography_typography":"","icon_color":"globals\/colors?id=7fcabb5","text_color":"globals\/colors?id=7fcabb5"},"icon_align_mobile":"left","_padding_mobile":{"unit":"px","top":"0","right":"0","bottom":"0","left":"0","isLinked":false},"view":"","space_between":{"unit":"px","size":4,"sizes":[]},"icon_color":"#003E53","icon_size":{"unit":"px","size":25,"sizes":[]},"text_color":"#003E53","text_indent":{"unit":"px","size":18,"sizes":[]},"icon_typography_typography":"custom","icon_typography_font_family":"Montserrat","icon_typography_font_size":{"unit":"px","size":21,"sizes":[]},"icon_typography_font_weight":"600"},"elements":[],"isInner":false,"widgetType":"icon-list","elType":"widget"},{"id":"70437773","settings":{"text":"V\u0161e o turnaji","link":{"url":"https:\/\/www.rozvedcik-volejbal.cz\/previous\/2021-beach\/","is_external":"","nofollow":"","custom_attributes":""},"align":"left","selected_icon":{"value":"fas fa-arrow-right","library":"fa-solid"},"icon_align":"right","border_radius":{"unit":"px","top":"2","right":"2","bottom":"2","left":"2","isLinked":true},"_margin":{"unit":"px","top":"0","right":"0","bottom":"0","left":"0","isLinked":true},"__globals__":{"typography_typography":"globals\/typography?id=primary","button_text_color":"globals\/colors?id=primary","background_color":"globals\/colors?id=6e40ef7","border_color":"globals\/colors?id=6e40ef7","hover_color":"globals\/colors?id=primary","button_background_hover_color":"globals\/colors?id=secondary","button_hover_border_color":"globals\/colors?id=6e40ef7"},"align_mobile":"center","_padding":{"unit":"px","top":"13","right":"0","bottom":"0","left":"0","isLinked":false},"_padding_mobile":{"unit":"px","top":"0","right":"0","bottom":"0","left":"0","isLinked":true}},"elements":[],"isInner":false,"widgetType":"button","elType":"widget"}],"isInner":true,"elType":"column"}],"isInner":true,"elType":"section"},{"id":"6d45c375","settings":{"hide_desktop":"hidden-desktop","hide_tablet":"hidden-tablet"},"elements":[{"id":"770af486","settings":{"_column_size":100,"_inline_size":null},"elements":[{"id":"11b2858a","settings":{"look":"line_icon","text":"Odd\u011blova\u010d","icon":{"value":"fas fa-volleyball-ball","library":"fa-solid"},"weight":{"unit":"px","size":2,"sizes":[]},"__globals__":{"color":"globals\/colors?id=7fcabb5","primary_color":"globals\/colors?id=7fcabb5"}},"elements":[],"isInner":false,"widgetType":"divider","elType":"widget"}],"isInner":true,"elType":"column"}],"isInner":true,"elType":"section"},{"id":"68d6160e","settings":{"structure":"20","margin":{"unit":"px","top":"0","right":0,"bottom":"20","left":0,"isLinked":false},"margin_mobile":{"unit":"px","top":"14","right":0,"bottom":"21","left":0,"isLinked":false},"css_classes":"flex-reversed-section"},"elements":[{"id":"22c33813","settings":{"_column_size":50,"_inline_size":null,"content_position":"center","padding":{"unit":"px","top":"0","right":"25","bottom":"50","left":"0","isLinked":false},"padding_mobile":{"unit":"px","top":"0","right":"0","bottom":"0","left":"0","isLinked":true}},"elements":[{"id":"4d61f719","settings":{"title":"2021 - hobby","align":"right","__globals__":{"typography_typography":"globals\/typography?id=f704b06","title_color":"globals\/colors?id=7fcabb5"},"align_mobile":"center","_padding":{"unit":"px","top":"0","right":"0","bottom":"0","left":"0","isLinked":false},"_margin":{"unit":"px","top":"0","right":"0","bottom":"0","left":"0","isLinked":false}},"elements":[],"isInner":false,"widgetType":"heading","elType":"widget"},{"id":"285b347","settings":{"icon_list":[{"text":"7.&nbsp;8.&nbsp;2021","selected_icon":{"value":"far fa-calendar-alt","library":"fa-regular"},"_id":"7a469eb"},{"text":"30&nbsp;hr\u00e1\u010d\u016f","selected_icon":{"value":"fas fa-users","library":"fa-solid"},"_id":"d7dca6f"},{"text":"Losov\u00e1n\u00ed: Dobble-5","selected_icon":{"value":"fas fa-dice","library":"fa-solid"},"_id":"68ad138"},{"_id":"834d463","text":"Syst\u00e9m: 5&nbsp;\u010dlenn\u00e1&nbsp;skupina + fin\u00e1le, z\u00e1pas o&nbsp;3.&nbsp;m\u00edsto","selected_icon":{"value":"fas fa-table","library":"fa-solid"}}],"icon_align":"left","icon_self_align":"center","_padding":{"unit":"%","top":"0","right":"0","bottom":"0","left":"5","isLinked":false},"__globals__":{"icon_typography_typography":"","icon_color":"globals\/colors?id=7fcabb5","text_color":"globals\/colors?id=7fcabb5"},"icon_align_mobile":"left","_padding_mobile":{"unit":"px","top":"0","right":"0","bottom":"0","left":"0","isLinked":false},"view":"","space_between":{"unit":"px","size":4,"sizes":[]},"icon_color":"#003E53","icon_size":{"unit":"px","size":25,"sizes":[]},"text_color":"#003E53","text_indent":{"unit":"px","size":18,"sizes":[]},"icon_typography_typography":"custom","icon_typography_font_family":"Montserrat","icon_typography_font_size":{"unit":"px","size":21,"sizes":[]},"icon_typography_font_weight":"600","_css_classes":"flex-reversed"},"elements":[],"isInner":false,"widgetType":"icon-list","elType":"widget"},{"id":"60093fb6","settings":{"text":"V\u0161e o turnaji","link":{"url":"https:\/\/www.rozvedcik-volejbal.cz\/previous\/2021-hobby\/","is_external":"","nofollow":"","custom_attributes":""},"align":"right","selected_icon":{"value":"fas fa-arrow-right","library":"fa-solid"},"icon_align":"right","border_radius":{"unit":"px","top":"2","right":"2","bottom":"2","left":"2","isLinked":true},"_margin":{"unit":"px","top":"0","right":"0","bottom":"0","left":"0","isLinked":true},"__globals__":{"typography_typography":"globals\/typography?id=primary","button_text_color":"globals\/colors?id=primary","background_color":"globals\/colors?id=6e40ef7","border_color":"globals\/colors?id=6e40ef7","hover_color":"globals\/colors?id=primary","button_background_hover_color":"globals\/colors?id=secondary","button_hover_border_color":"globals\/colors?id=6e40ef7"},"align_mobile":"center","_padding":{"unit":"px","top":"13","right":"0","bottom":"0","left":"25","isLinked":false},"_padding_mobile":{"unit":"px","top":"0","right":"0","bottom":"0","left":"0","isLinked":true}},"elements":[],"isInner":false,"widgetType":"button","elType":"widget"}],"isInner":true,"elType":"column"},{"id":"50717ed7","settings":{"_column_size":50,"_inline_size":null},"elements":[{"id":"1917586f","settings":{"carousel":[{"id":3092,"url":"https:\/\/www.rozvedcik-volejbal.cz\/wp-content\/uploads\/2021\/08\/IMG_6128-scaled.jpg"},{"id":3036,"url":"https:\/\/www.rozvedcik-volejbal.cz\/wp-content\/uploads\/2021\/08\/IMG_5711-scaled.jpg"},{"id":3097,"url":"https:\/\/www.rozvedcik-volejbal.cz\/wp-content\/uploads\/2021\/08\/IMG_6144-scaled.jpg"}],"thumbnail_size":"large","slides_to_show":"1","navigation":"dots","link_to":"custom","link":{"url":"https:\/\/www.rozvedcik-volejbal.cz\/gallery\/2021-hobby\/","is_external":"","nofollow":"","custom_attributes":""}},"elements":[],"isInner":false,"widgetType":"image-carousel","elType":"widget"}],"isInner":true,"elType":"column"}],"isInner":true,"elType":"section"},{"id":"19e94401","settings":{"hide_desktop":"hidden-desktop","hide_tablet":"hidden-tablet"},"elements":[{"id":"70e74a14","settings":{"_column_size":100,"_inline_size":null},"elements":[{"id":"1175b4a6","settings":{"look":"line_icon","text":"Odd\u011blova\u010d","icon":{"value":"fas fa-volleyball-ball","library":"fa-solid"},"weight":{"unit":"px","size":2,"sizes":[]},"__globals__":{"color":"globals\/colors?id=7fcabb5","primary_color":"globals\/colors?id=7fcabb5"}},"elements":[],"isInner":false,"widgetType":"divider","elType":"widget"}],"isInner":true,"elType":"column"}],"isInner":true,"elType":"section"},{"id":"593f54b2","settings":{"structure":"20","margin":{"unit":"px","top":"0","right":0,"bottom":"20","left":0,"isLinked":false},"margin_mobile":{"unit":"px","top":"0","right":0,"bottom":"21","left":0,"isLinked":false}},"elements":[{"id":"47e0c03b","settings":{"_column_size":50,"_inline_size":null},"elements":[{"id":"65cd7bcf","settings":{"carousel":[{"id":1243,"url":"https:\/\/www.rozvedcik-volejbal.cz\/wp-content\/uploads\/2021\/07\/IMG_5353-scaled.jpg"},{"id":2680,"url":"https:\/\/www.rozvedcik-volejbal.cz\/wp-content\/uploads\/2021\/08\/IMG_5438-scaled.jpg"},{"id":2651,"url":"https:\/\/www.rozvedcik-volejbal.cz\/wp-content\/uploads\/2021\/08\/IMG_4877-scaled.jpg"}],"thumbnail_size":"large","slides_to_show":"1","navigation":"dots","link_to":"custom","link":{"url":"https:\/\/www.rozvedcik-volejbal.cz\/gallery\/2021-profi\/","is_external":"","nofollow":"","custom_attributes":""}},"elements":[],"isInner":false,"widgetType":"image-carousel","elType":"widget"}],"isInner":true,"elType":"column"},{"id":"1b4d5541","settings":{"_column_size":50,"_inline_size":null,"content_position":"center","padding":{"unit":"px","top":"0","right":"0","bottom":"50","left":"25","isLinked":false},"padding_mobile":{"unit":"px","top":"0","right":"0","bottom":"0","left":"0","isLinked":true}},"elements":[{"id":"3a5b5eae","settings":{"title":"2021 - profi","align":"left","__globals__":{"typography_typography":"globals\/typography?id=f704b06","title_color":"globals\/colors?id=7fcabb5"},"align_mobile":"center","_padding":{"unit":"px","top":"0","right":"0","bottom":"0","left":"0","isLinked":false},"_margin":{"unit":"px","top":"0","right":"0","bottom":"0","left":"0","isLinked":false}},"elements":[],"isInner":false,"widgetType":"heading","elType":"widget"},{"id":"33d7c73b","settings":{"icon_list":[{"text":"26.&nbsp;6.&nbsp;2021","selected_icon":{"value":"far fa-calendar-alt","library":"fa-regular"},"_id":"7a469eb"},{"text":"24&nbsp;hr\u00e1\u010d\u016f","selected_icon":{"value":"fas fa-users","library":"fa-solid"},"_id":"d7dca6f"},{"text":"Losov\u00e1n\u00ed: Grid-2x4","selected_icon":{"value":"fas fa-dice","library":"fa-solid"},"_id":"68ad138"},{"_id":"834d463","text":"Syst\u00e9m: 2&nbsp;podturnaje 4&nbsp;t\u00fdm\u016f","selected_icon":{"value":"fas fa-table","library":"fa-solid"}}],"icon_align":"left","icon_self_align":"center","_padding":{"unit":"%","top":"0","right":"0","bottom":"0","left":"0","isLinked":false},"__globals__":{"icon_typography_typography":"","icon_color":"globals\/colors?id=7fcabb5","text_color":"globals\/colors?id=7fcabb5"},"icon_align_mobile":"left","_padding_mobile":{"unit":"px","top":"0","right":"0","bottom":"0","left":"0","isLinked":false},"view":"","space_between":{"unit":"px","size":4,"sizes":[]},"icon_color":"#003E53","icon_size":{"unit":"px","size":25,"sizes":[]},"text_color":"#003E53","text_indent":{"unit":"px","size":18,"sizes":[]},"icon_typography_typography":"custom","icon_typography_font_family":"Montserrat","icon_typography_font_size":{"unit":"px","size":21,"sizes":[]},"icon_typography_font_weight":"600"},"elements":[],"isInner":false,"widgetType":"icon-list","elType":"widget"},{"id":"73a09130","settings":{"text":"V\u0161e o turnaji","link":{"url":"https:\/\/www.rozvedcik-volejbal.cz\/previous\/2021-profi\/","is_external":"","nofollow":"","custom_attributes":""},"align":"left","selected_icon":{"value":"fas fa-arrow-right","library":"fa-solid"},"icon_align":"right","border_radius":{"unit":"px","top":"2","right":"2","bottom":"2","left":"2","isLinked":true},"_margin":{"unit":"px","top":"0","right":"0","bottom":"0","left":"0","isLinked":true},"__globals__":{"typography_typography":"globals\/typography?id=primary","button_text_color":"globals\/colors?id=primary","background_color":"globals\/colors?id=6e40ef7","border_color":"globals\/colors?id=6e40ef7","hover_color":"globals\/colors?id=primary","button_background_hover_color":"globals\/colors?id=secondary","button_hover_border_color":"globals\/colors?id=6e40ef7"},"align_mobile":"center","_padding":{"unit":"px","top":"13","right":"0","bottom":"0","left":"0","isLinked":false},"_padding_mobile":{"unit":"px","top":"0","right":"0","bottom":"0","left":"0","isLinked":true}},"elements":[],"isInner":false,"widgetType":"button","elType":"widget"}],"isInner":true,"elType":"column"}],"isInner":true,"elType":"section"},{"id":"3e92c494","settings":{"hide_desktop":"hidden-desktop","hide_tablet":"hidden-tablet"},"elements":[{"id":"730e1d5e","settings":{"_column_size":100,"_inline_size":null},"elements":[{"id":"1663ecf9","settings":{"look":"line_icon","text":"Odd\u011blova\u010d","icon":{"value":"fas fa-volleyball-ball","library":"fa-solid"},"weight":{"unit":"px","size":2,"sizes":[]},"__globals__":{"color":"globals\/colors?id=7fcabb5","primary_color":"globals\/colors?id=7fcabb5"}},"elements":[],"isInner":false,"widgetType":"divider","elType":"widget"}],"isInner":true,"elType":"column"}],"isInner":true,"elType":"section"},{"id":"488d4534","settings":{"structure":"20","margin":{"unit":"px","top":"0","right":0,"bottom":"20","left":0,"isLinked":false},"margin_mobile":{"unit":"px","top":"14","right":0,"bottom":"21","left":0,"isLinked":false},"css_classes":"flex-reversed-section"},"elements":[{"id":"191894c2","settings":{"_column_size":50,"_inline_size":null,"content_position":"center","padding":{"unit":"px","top":"0","right":"25","bottom":"50","left":"0","isLinked":false},"padding_mobile":{"unit":"px","top":"0","right":"0","bottom":"0","left":"0","isLinked":true}},"elements":[{"id":"48b65d3b","settings":{"title":"2020","align":"right","__globals__":{"typography_typography":"globals\/typography?id=f704b06","title_color":"globals\/colors?id=7fcabb5"},"align_mobile":"center","_padding":{"unit":"px","top":"0","right":"0","bottom":"0","left":"0","isLinked":false},"_margin":{"unit":"px","top":"0","right":"0","bottom":"0","left":"0","isLinked":false}},"elements":[],"isInner":false,"widgetType":"heading","elType":"widget"},{"id":"7a907e1c","settings":{"icon_list":[{"text":"18.&nbsp;7.&nbsp;2021","selected_icon":{"value":"far fa-calendar-alt","library":"fa-regular"},"_id":"7a469eb"},{"text":"29&nbsp;hr\u00e1\u010d\u016f","selected_icon":{"value":"fas fa-users","library":"fa-solid"},"_id":"d7dca6f"},{"text":"Losov\u00e1n\u00ed: Dobble-5","selected_icon":{"value":"fas fa-dice","library":"fa-solid"},"_id":"68ad138"},{"_id":"834d463","text":"Syst\u00e9m: 5&nbsp;\u010dlenn\u00e1&nbsp;skupina + fin\u00e1le","selected_icon":{"value":"fas fa-table","library":"fa-solid"}}],"icon_align":"left","icon_self_align":"center","_padding":{"unit":"%","top":"0","right":"0","bottom":"0","left":"5","isLinked":false},"__globals__":{"icon_typography_typography":"","icon_color":"globals\/colors?id=7fcabb5","text_color":"globals\/colors?id=7fcabb5"},"icon_align_mobile":"left","_padding_mobile":{"unit":"px","top":"0","right":"0","bottom":"0","left":"0","isLinked":false},"view":"","space_between":{"unit":"px","size":4,"sizes":[]},"icon_color":"#003E53","icon_size":{"unit":"px","size":25,"sizes":[]},"text_color":"#003E53","text_indent":{"unit":"px","size":18,"sizes":[]},"icon_typography_typography":"custom","icon_typography_font_family":"Montserrat","icon_typography_font_size":{"unit":"px","size":21,"sizes":[]},"icon_typography_font_weight":"600","_css_classes":"flex-reversed"},"elements":[],"isInner":false,"widgetType":"icon-list","elType":"widget"},{"id":"49723e74","settings":{"text":"V\u0161e o turnaji","link":{"url":"https:\/\/www.rozvedcik-volejbal.cz\/previous\/2020-all","is_external":"","nofollow":"","custom_attributes":""},"align":"right","selected_icon":{"value":"fas fa-arrow-right","library":"fa-solid"},"icon_align":"right","border_radius":{"unit":"px","top":"2","right":"2","bottom":"2","left":"2","isLinked":true},"_margin":{"unit":"px","top":"0","right":"0","bottom":"0","left":"0","isLinked":true},"__globals__":{"typography_typography":"globals\/typography?id=primary","button_text_color":"globals\/colors?id=primary","background_color":"globals\/colors?id=6e40ef7","border_color":"globals\/colors?id=6e40ef7","hover_color":"globals\/colors?id=primary","button_background_hover_color":"globals\/colors?id=secondary","button_hover_border_color":"globals\/colors?id=6e40ef7"},"align_mobile":"center","_padding":{"unit":"px","top":"13","right":"0","bottom":"0","left":"25","isLinked":false},"_padding_mobile":{"unit":"px","top":"0","right":"0","bottom":"0","left":"0","isLinked":true}},"elements":[],"isInner":false,"widgetType":"button","elType":"widget"}],"isInner":true,"elType":"column"},{"id":"176fde4f","settings":{"_column_size":50,"_inline_size":null},"elements":[{"id":"73dfa7eb","settings":{"carousel":[{"id":2565,"url":"https:\/\/www.rozvedcik-volejbal.cz\/wp-content\/uploads\/2021\/08\/20200718_184629-scaled.jpg"},{"id":2562,"url":"https:\/\/www.rozvedcik-volejbal.cz\/wp-content\/uploads\/2021\/08\/20200718_184341-scaled.jpg"},{"id":2591,"url":"https:\/\/www.rozvedcik-volejbal.cz\/wp-content\/uploads\/2021\/08\/20200718_201232-scaled.jpg"}],"thumbnail_size":"large","slides_to_show":"1","navigation":"dots","link_to":"custom","link":{"url":"https:\/\/www.rozvedcik-volejbal.cz\/gallery\/2020-all","is_external":"","nofollow":"","custom_attributes":""}},"elements":[],"isInner":false,"widgetType":"image-carousel","elType":"widget"}],"isInner":true,"elType":"column"}],"isInner":true,"elType":"section"},{"id":"d421b1e","settings":{"hide_desktop":"hidden-desktop","hide_tablet":"hidden-tablet"},"elements":[{"id":"aca1454","settings":{"_column_size":100,"_inline_size":null},"elements":[{"id":"47f6d3cd","settings":{"look":"line_icon","text":"Odd\u011blova\u010d","icon":{"value":"fas fa-volleyball-ball","library":"fa-solid"},"weight":{"unit":"px","size":2,"sizes":[]},"__globals__":{"color":"globals\/colors?id=7fcabb5","primary_color":"globals\/colors?id=7fcabb5"}},"elements":[],"isInner":false,"widgetType":"divider","elType":"widget"}],"isInner":true,"elType":"column"}],"isInner":true,"elType":"section"},{"id":"28605c93","settings":{"structure":"20","margin_mobile":{"unit":"px","top":"14","right":0,"bottom":"0","left":0,"isLinked":false}},"elements":[{"id":"11f66fe1","settings":{"_column_size":50,"_inline_size":null},"elements":[{"id":"1d162063","settings":{"carousel":[{"id":2438,"url":"https:\/\/www.rozvedcik-volejbal.cz\/wp-content\/uploads\/2021\/08\/226592827_164500555772544_327427443796302630_n-1.jpg"},{"id":2479,"url":"https:\/\/www.rozvedcik-volejbal.cz\/wp-content\/uploads\/2021\/08\/230993665_312176407022101_3802477309267662291_n-2.jpg"},{"id":2422,"url":"https:\/\/www.rozvedcik-volejbal.cz\/wp-content\/uploads\/2021\/08\/231636915_155264863383927_6127427731790505586_n-1.jpg"}],"thumbnail_size":"large","slides_to_show":"1","navigation":"dots","link_to":"custom","link":{"url":"https:\/\/www.rozvedcik-volejbal.cz\/gallery\/2019-all","is_external":"","nofollow":"","custom_attributes":""}},"elements":[],"isInner":false,"widgetType":"image-carousel","elType":"widget"}],"isInner":true,"elType":"column"},{"id":"4d0491c2","settings":{"_column_size":50,"_inline_size":null,"content_position":"center","padding":{"unit":"px","top":"0","right":"0","bottom":"50","left":"25","isLinked":false},"padding_mobile":{"unit":"px","top":"0","right":"0","bottom":"0","left":"0","isLinked":true}},"elements":[{"id":"76e1fd59","settings":{"title":"2019","align":"left","__globals__":{"typography_typography":"globals\/typography?id=f704b06","title_color":"globals\/colors?id=7fcabb5"},"align_mobile":"center","_padding":{"unit":"px","top":"0","right":"0","bottom":"0","left":"0","isLinked":false},"_margin":{"unit":"px","top":"0","right":"0","bottom":"0","left":"0","isLinked":false}},"elements":[],"isInner":false,"widgetType":"heading","elType":"widget"},{"id":"2dc68b9a","settings":{"icon_list":[{"text":"13.&nbsp;7.&nbsp;2021","selected_icon":{"value":"far fa-calendar-alt","library":"fa-regular"},"_id":"7a469eb"},{"text":"30&nbsp;hr\u00e1\u010d\u016f","selected_icon":{"value":"fas fa-users","library":"fa-solid"},"_id":"d7dca6f"},{"text":"Losov\u00e1n\u00ed: Dobble-5","selected_icon":{"value":"fas fa-dice","library":"fa-solid"},"_id":"68ad138"},{"_id":"834d463","text":"Syst\u00e9m: 5&nbsp;\u010dlenn\u00e1&nbsp;skupina","selected_icon":{"value":"fas fa-table","library":"fa-solid"}}],"icon_align":"left","icon_self_align":"center","_padding":{"unit":"%","top":"0","right":"0","bottom":"0","left":"0","isLinked":false},"__globals__":{"icon_typography_typography":"","icon_color":"globals\/colors?id=7fcabb5","text_color":"globals\/colors?id=7fcabb5"},"icon_align_mobile":"left","_padding_mobile":{"unit":"px","top":"0","right":"0","bottom":"0","left":"0","isLinked":false},"view":"","space_between":{"unit":"px","size":4,"sizes":[]},"icon_color":"#003E53","icon_size":{"unit":"px","size":25,"sizes":[]},"text_color":"#003E53","text_indent":{"unit":"px","size":18,"sizes":[]},"icon_typography_typography":"custom","icon_typography_font_family":"Montserrat","icon_typography_font_size":{"unit":"px","size":21,"sizes":[]},"icon_typography_font_weight":"600"},"elements":[],"isInner":false,"widgetType":"icon-list","elType":"widget"},{"id":"1b8270ec","settings":{"text":"V\u0161e o turnaji","link":{"url":"https:\/\/www.rozvedcik-volejbal.cz\/previous\/2019-all","is_external":"","nofollow":"","custom_attributes":""},"align":"left","selected_icon":{"value":"fas fa-arrow-right","library":"fa-solid"},"icon_align":"right","border_radius":{"unit":"px","top":"2","right":"2","bottom":"2","left":"2","isLinked":true},"_margin":{"unit":"px","top":"0","right":"0","bottom":"0","left":"0","isLinked":true},"__globals__":{"typography_typography":"globals\/typography?id=primary","button_text_color":"globals\/colors?id=primary","background_color":"globals\/colors?id=6e40ef7","border_color":"globals\/colors?id=6e40ef7","hover_color":"globals\/colors?id=primary","button_background_hover_color":"globals\/colors?id=secondary","button_hover_border_color":"globals\/colors?id=6e40ef7"},"align_mobile":"center","_padding":{"unit":"px","top":"13","right":"0","bottom":"0","left":"0","isLinked":false},"_padding_mobile":{"unit":"px","top":"0","right":"0","bottom":"0","left":"0","isLinked":true}},"elements":[],"isInner":false,"widgetType":"button","elType":"widget"}],"isInner":true,"elType":"column"}],"isInner":true,"elType":"section"}],"isInner":false,"elType":"column"}],"isInner":false,"elType":"section"},{"id":"6faed7a1","settings":{"layout":"full_width","margin":{"unit":"px","top":"0","right":0,"bottom":"0","left":0,"isLinked":false},"padding":{"unit":"px","top":"0","right":"0","bottom":"0","left":"0","isLinked":false}},"elements":[{"id":"69b603b7","settings":{"_column_size":100,"_inline_size":null,"margin":{"unit":"px","top":"0","right":"0","bottom":"0","left":"0","isLinked":false},"padding":{"unit":"px","top":"0","right":"0","bottom":"0","left":"0","isLinked":false}},"elements":[{"id":"48c9ab2e","settings":{"selected_icon":{"value":{"url":"https:\/\/www.rozvedcik-volejbal.cz\/wp-content\/uploads\/2022\/06\/chevron-up-circle-outline.svg","id":4402},"library":"svg"},"link":{"url":"#page-top","is_external":"","nofollow":"","custom_attributes":""},"align":"right","size":{"unit":"px","size":55,"sizes":[]},"_margin":{"unit":"px","top":"-20","right":"20","bottom":"0","left":"0","isLinked":false},"_padding":{"unit":"px","top":"0","right":"0","bottom":"0","left":"0","isLinked":true},"motion_fx_motion_fx_scrolling":"yes","motion_fx_translateY_effect":"yes","motion_fx_translateY_speed":{"unit":"px","size":2.5,"sizes":[]},"motion_fx_translateY_affectedRange":{"unit":"%","size":"","sizes":{"start":50,"end":100}},"motion_fx_opacity_range":{"unit":"%","size":"","sizes":{"start":0,"end":57}},"sticky":"bottom","sticky_offset":10,"__globals__":{"hover_primary_color":"globals\/colors?id=6e40ef7","primary_color":"globals\/colors?id=7fcabb5"},"motion_fx_transform_origin_x":"left","motion_fx_transform_origin_y":"top"},"elements":[],"isInner":false,"widgetType":"icon","elType":"widget"}],"isInner":false,"elType":"column"}],"isInner":false,"elType":"section"}],"settings":{"template":"default","eael_ext_toc_title":"Table of Contents"},"metadata":[]}