{"content":[{"id":"aa896a2","settings":{"content_width":{"unit":"px","size":1024},"height":"min-height","custom_height":{"unit":"px","size":105},"content_position":"middle","structure":"20","padding_tablet":{"unit":"px","top":"0","right":"20","bottom":"0","left":"20","isLinked":""},"padding_mobile":{"unit":"px","top":"25","right":"25","bottom":"25","left":"25","isLinked":"1"},"_title":"Header"},"elements":[{"id":"c82076a","settings":{"_column_size":"50","_inline_size":24,"_inline_size_tablet":35},"elements":[{"id":"476b8f7b","settings":{"title":"Rozv\u011bd\u010d\u00edk","header_size":"p","align_mobile":"center","typography_typography":"custom","typography_font_family":"Montserrat","typography_font_weight":"600","title_color":"#003E53","__globals__":{"typography_typography":""},"typography_font_size":{"unit":"px","size":35,"sizes":[]},"typography_text_transform":"uppercase"},"elements":[],"isInner":false,"widgetType":"heading","elType":"widget"}],"isInner":"","elType":"column"},{"id":"486c7fb5","settings":{"_column_size":"50","space_between_widgets":5,"_inline_size":75.897999999999996134647517465054988861083984375,"_inline_size_tablet":65},"elements":[{"id":"216b5821","settings":{"align_items":"right","submenu_icon":{"value":"fas fa-angle-down","library":"fa-solid"},"menu_typography_typography":"custom","menu_typography_font_family":"Montserrat","menu_typography_font_weight":"600","color_menu_item":"#003E53","color_menu_item_hover":"#003E53","_background_background":"classic","__globals__":{"pointer_color_menu_item_hover":"globals\/colors?id=6e40ef7","pointer_color_menu_item_active":"globals\/colors?id=6e40ef7","menu_typography_typography":"","toggle_color":"globals\/colors?id=primary","toggle_background_color":"globals\/colors?id=7fcabb5","color_dropdown_item_active":"","background_color_dropdown_item_active":"globals\/colors?id=6e40ef7","background_color_dropdown_item_hover":"globals\/colors?id=6e40ef7","color_dropdown_item":"globals\/colors?id=7fcabb5","background_color_dropdown_item":"globals\/colors?id=primary","color_dropdown_item_hover":"globals\/colors?id=primary","toggle_color_hover":"globals\/colors?id=6e40ef7","toggle_background_color_hover":"globals\/colors?id=primary","color_menu_item_active":"globals\/colors?id=7fcabb5"},"toggle_size":{"unit":"px","size":20,"sizes":[]},"pointer_color_menu_item_active":"#e4bc36","dropdown_typography_typography":"custom","dropdown_typography_font_family":"Montserrat","dropdown_typography_font_size":{"unit":"px","size":16,"sizes":[]},"dropdown_typography_font_weight":"500","menu_typography_font_size":{"unit":"px","size":18,"sizes":[]},"pointer_color_menu_item_hover":"#003E53","text_align":"center","toggle_size_tablet":{"unit":"px","size":20,"sizes":[]},"toggle_size_mobile":{"unit":"px","size":20,"sizes":[]},"toggle_border_width_tablet":{"unit":"px","size":3,"sizes":[]},"toggle_border_width_mobile":{"unit":"px","size":3,"sizes":[]},"toggle_border_radius_tablet":{"unit":"px","size":2,"sizes":[]},"toggle_border_radius_mobile":{"unit":"px","size":2,"sizes":[]},"animation_line":"grow","padding_horizontal_menu_item":{"unit":"px","size":13,"sizes":[]}},"elements":[],"isInner":false,"widgetType":"nav-menu","elType":"widget"}],"isInner":"","elType":"column"}],"isInner":"","elType":"section"},{"id":"3a87f6da","settings":{"height":"min-height","custom_height":{"unit":"px","size":723},"background_background":"classic","background_image":{"id":568,"url":"https:\/\/www.rozvedcik-volejbal.cz\/wp-content\/uploads\/2021\/07\/pohar-scaled.jpg","alt":"","source":"library"},"background_position":"initial","background_size":"cover","background_overlay_background":"classic","background_overlay_color_b":"#003e53","background_overlay_gradient_angle":{"unit":"deg","size":"250"},"background_overlay_opacity":{"unit":"px","size":"0.25"},"shape_divider_bottom":"arrow","shape_divider_bottom_color":"#003e53","shape_divider_bottom_negative":"yes","custom_height_mobile":{"unit":"px","size":"279","sizes":[]},"background_image_mobile":{"id":"","url":"","alt":"","source":"library"},"_title":"Main","background_repeat":"no-repeat","layout":"full_width","overflow":"hidden","padding_mobile":{"unit":"px","top":"20","right":"0","bottom":"30","left":"0","isLinked":false},"padding_tablet":{"unit":"px","top":"10","right":"0","bottom":"20","left":"0","isLinked":false},"background_ypos":{"unit":"%","size":46,"sizes":[]}},"elements":[{"id":"13d0afbb","settings":{"_column_size":"100","margin_mobile":{"unit":"px","top":"0","right":"0","bottom":"0","left":"0","isLinked":false},"padding":{"unit":"%","top":"1","right":"1","bottom":"1","left":"40","isLinked":false},"padding_mobile":{"unit":"%","top":"1","right":"1","bottom":"0","left":"24","isLinked":false},"custom_css":"@media(max-width:600px){\n    .elementor-75 .elementor-element.elementor-element-6ee5ba6e > .elementor-element-populated {\n        padding: 5px\n    }\n}","background_background":"classic"},"elements":[{"id":"65f6328b","settings":{"title":"Losovan\u00fd volejbalov\u00fd turnaj","align":"center","typography_typography":"custom","typography_font_family":"Montserrat","typography_font_size":{"unit":"px","size":58,"sizes":[]},"typography_font_size_tablet":{"unit":"px","size":40,"sizes":[]},"typography_font_weight":"700","text_shadow_text_shadow_type":"yes","text_shadow_text_shadow":{"horizontal":0,"vertical":0,"blur":10,"color":"rgba(0, 0, 0, 0.9)"},"_padding":{"unit":"px","top":"0","right":"0","bottom":"40","left":"0","isLinked":false}},"elements":[],"isInner":false,"widgetType":"heading","elType":"widget"},{"id":"545ff20e","settings":{"space":{"unit":"px","size":10,"sizes":[]},"hide_tablet":"hidden-tablet","hide_mobile":"hidden-phone"},"elements":[],"isInner":false,"widgetType":"spacer","elType":"widget"},{"id":"6449de0a","settings":{"structure":"20","padding_mobile":{"unit":"px","top":"0","right":"0","bottom":"0","left":"0","isLinked":false},"layout":"full_width","hide_desktop":"hidden-desktop","custom_height_inner_mobile":{"unit":"px","size":10,"sizes":[]}},"elements":[{"id":"3f561bb0","settings":{"_column_size":50,"_inline_size":null,"_inline_size_tablet":50,"_inline_size_mobile":50,"padding_mobile":{"unit":"px","top":"0","right":"0","bottom":"0","left":"0","isLinked":true}},"elements":[{"id":"113a21cc","settings":{"title":"4","align":"center","title_color":"#FFFFFF","__globals__":{"typography_typography":""},"typography_typography":"custom","typography_font_family":"Montserrat","typography_font_size":{"unit":"px","size":45,"sizes":[]},"typography_font_size_tablet":{"unit":"px","size":53,"sizes":[]},"typography_font_weight":"600","text_shadow_text_shadow_type":"yes","text_shadow_text_shadow":{"horizontal":0,"vertical":0,"blur":20,"color":"#000000"},"_margin_tablet":{"unit":"px","top":"0","right":"0","bottom":"-15","left":"0","isLinked":false}},"elements":[],"isInner":false,"widgetType":"heading","elType":"widget"},{"id":"303335eb","settings":{"title":"roky","align":"center","title_color":"#FFFFFF","__globals__":{"typography_typography":""},"typography_typography":"custom","typography_font_family":"Montserrat","typography_font_size":{"unit":"px","size":45,"sizes":[]},"typography_font_size_tablet":{"unit":"px","size":35,"sizes":[]},"typography_font_weight":"600","text_shadow_text_shadow_type":"yes","text_shadow_text_shadow":{"horizontal":0,"vertical":0,"blur":20,"color":"#000000"}},"elements":[],"isInner":false,"widgetType":"heading","elType":"widget"}],"isInner":true,"elType":"column"},{"id":"609b4cce","settings":{"_column_size":50,"_inline_size":null,"_inline_size_tablet":50,"_inline_size_mobile":50,"padding_mobile":{"unit":"px","top":"0","right":"0","bottom":"0","left":"0","isLinked":true},"margin_mobile":{"unit":"px","top":"0","right":"0","bottom":"0","left":"0","isLinked":true}},"elements":[{"id":"791cdf55","settings":{"title":"7","align":"center","title_color":"#FFFFFF","typography_typography":"custom","typography_font_family":"Montserrat","typography_font_size":{"unit":"px","size":45,"sizes":[]},"typography_font_size_tablet":{"unit":"px","size":55,"sizes":[]},"typography_font_weight":"600","text_shadow_text_shadow_type":"yes","text_shadow_text_shadow":{"horizontal":0,"vertical":0,"blur":20,"color":"#000000"},"_margin_tablet":{"unit":"px","top":"0","right":"0","bottom":"-15","left":"0","isLinked":false}},"elements":[],"isInner":false,"widgetType":"heading","elType":"widget"},{"id":"7227aa85","settings":{"title":"turnaj\u016f","align":"center","title_color":"#FFFFFF","typography_typography":"custom","typography_font_family":"Montserrat","typography_font_size":{"unit":"px","size":45,"sizes":[]},"typography_font_size_tablet":{"unit":"px","size":35,"sizes":[]},"typography_font_weight":"600","text_shadow_text_shadow_type":"yes","text_shadow_text_shadow":{"horizontal":0,"vertical":0,"blur":20,"color":"#000000"}},"elements":[],"isInner":false,"widgetType":"heading","elType":"widget"}],"isInner":true,"elType":"column"}],"isInner":true,"elType":"section"},{"id":"1ccf09a5","settings":{"structure":"30","hide_tablet":"hidden-tablet","hide_mobile":"hidden-phone"},"elements":[{"id":"3dd5e56d","settings":{"_column_size":33,"_inline_size":null,"_inline_size_tablet":50,"_inline_size_mobile":50,"padding_mobile":{"unit":"px","top":"0","right":"0","bottom":"0","left":"0","isLinked":true}},"elements":[{"id":"176f9f0d","settings":{"title":"4","align":"center","title_color":"#FFFFFF","__globals__":{"typography_typography":""},"typography_typography":"custom","typography_font_family":"Montserrat","typography_font_size":{"unit":"px","size":60,"sizes":[]},"typography_font_size_tablet":{"unit":"px","size":35,"sizes":[]},"typography_font_weight":"600","text_shadow_text_shadow_type":"yes","text_shadow_text_shadow":{"horizontal":0,"vertical":0,"blur":20,"color":"#000000"},"_margin":{"unit":"px","top":"0","right":"0","bottom":"-15","left":"0","isLinked":false}},"elements":[],"isInner":false,"widgetType":"heading","elType":"widget"},{"id":"33ac63fe","settings":{"title":"roky","align":"center","title_color":"#FFFFFF","__globals__":{"typography_typography":""},"typography_typography":"custom","typography_font_family":"Montserrat","typography_font_size":{"unit":"px","size":45,"sizes":[]},"typography_font_size_tablet":{"unit":"px","size":35,"sizes":[]},"typography_font_weight":"600","text_shadow_text_shadow_type":"yes","text_shadow_text_shadow":{"horizontal":0,"vertical":0,"blur":20,"color":"#000000"}},"elements":[],"isInner":false,"widgetType":"heading","elType":"widget"}],"isInner":true,"elType":"column"},{"id":"5c38fef2","settings":{"_column_size":33,"_inline_size":null,"_inline_size_tablet":50,"_inline_size_mobile":50,"padding_mobile":{"unit":"px","top":"0","right":"0","bottom":"0","left":"0","isLinked":true},"margin_mobile":{"unit":"px","top":"0","right":"0","bottom":"0","left":"0","isLinked":true}},"elements":[{"id":"866820d","settings":{"title":"7","align":"center","title_color":"#FFFFFF","typography_typography":"custom","typography_font_family":"Montserrat","typography_font_size":{"unit":"px","size":60,"sizes":[]},"typography_font_size_tablet":{"unit":"px","size":35,"sizes":[]},"typography_font_weight":"600","text_shadow_text_shadow_type":"yes","text_shadow_text_shadow":{"horizontal":0,"vertical":0,"blur":20,"color":"#000000"},"_margin":{"unit":"px","top":"0","right":"0","bottom":"-15","left":"0","isLinked":false}},"elements":[],"isInner":false,"widgetType":"heading","elType":"widget"},{"id":"c4f688b","settings":{"title":"turnaj\u016f","align":"center","title_color":"#FFFFFF","typography_typography":"custom","typography_font_family":"Montserrat","typography_font_size":{"unit":"px","size":45,"sizes":[]},"typography_font_size_tablet":{"unit":"px","size":35,"sizes":[]},"typography_font_weight":"600","text_shadow_text_shadow_type":"yes","text_shadow_text_shadow":{"horizontal":0,"vertical":0,"blur":20,"color":"#000000"}},"elements":[],"isInner":false,"widgetType":"heading","elType":"widget"}],"isInner":true,"elType":"column"},{"id":"145b4809","settings":{"_column_size":33,"_inline_size":null,"_inline_size_tablet":50,"_inline_size_mobile":50,"padding_mobile":{"unit":"px","top":"0","right":"0","bottom":"0","left":"0","isLinked":true}},"elements":[{"id":"7f1c1a09","settings":{"title":"106","align":"center","title_color":"#FFFFFF","typography_typography":"custom","typography_font_family":"Montserrat","typography_font_size":{"unit":"px","size":60,"sizes":[]},"typography_font_size_tablet":{"unit":"px","size":35,"sizes":[]},"typography_font_weight":"600","text_shadow_text_shadow_type":"yes","text_shadow_text_shadow":{"horizontal":0,"vertical":0,"blur":20,"color":"#000000"},"_margin":{"unit":"px","top":"0","right":"0","bottom":"-15","left":"0","isLinked":false}},"elements":[],"isInner":false,"widgetType":"heading","elType":"widget"},{"id":"7998332f","settings":{"title":"z\u00e1pas\u016f","align":"center","title_color":"#FFFFFF","typography_typography":"custom","typography_font_family":"Montserrat","typography_font_size":{"unit":"px","size":45,"sizes":[]},"typography_font_size_tablet":{"unit":"px","size":35,"sizes":[]},"typography_font_weight":"600","text_shadow_text_shadow_type":"yes","text_shadow_text_shadow":{"horizontal":0,"vertical":0,"blur":20,"color":"#000000"}},"elements":[],"isInner":false,"widgetType":"heading","elType":"widget"}],"isInner":true,"elType":"column"}],"isInner":true,"elType":"section"},{"id":"75257061","settings":{"space":{"unit":"px","size":5,"sizes":[]},"space_mobile":{"unit":"px","size":5,"sizes":[]}},"elements":[],"isInner":false,"widgetType":"spacer","elType":"widget"},{"id":"47a01cd7","settings":{"structure":"30","hide_tablet":"hidden-tablet","hide_mobile":"hidden-phone"},"elements":[{"id":"63d0b7eb","settings":{"_column_size":33,"_inline_size":null,"_inline_size_tablet":50,"_inline_size_mobile":50,"padding_mobile":{"unit":"px","top":"0","right":"0","bottom":"0","left":"0","isLinked":true}},"elements":[{"id":"65643d63","settings":{"title":"224","align":"center","title_color":"#FFFFFF","typography_typography":"custom","typography_font_family":"Montserrat","typography_font_size":{"unit":"px","size":60,"sizes":[]},"typography_font_size_tablet":{"unit":"px","size":35,"sizes":[]},"typography_font_weight":"600","text_shadow_text_shadow_type":"yes","text_shadow_text_shadow":{"horizontal":0,"vertical":0,"blur":20,"color":"#000000"},"_margin":{"unit":"px","top":"0","right":"0","bottom":"-15","left":"0","isLinked":false}},"elements":[],"isInner":false,"widgetType":"heading","elType":"widget"},{"id":"551b6fe2","settings":{"title":"set\u016f","align":"center","title_color":"#FFFFFF","typography_typography":"custom","typography_font_family":"Montserrat","typography_font_size":{"unit":"px","size":45,"sizes":[]},"typography_font_size_tablet":{"unit":"px","size":35,"sizes":[]},"typography_font_weight":"600","text_shadow_text_shadow_type":"yes","text_shadow_text_shadow":{"horizontal":0,"vertical":0,"blur":20,"color":"#000000"}},"elements":[],"isInner":false,"widgetType":"heading","elType":"widget"}],"isInner":true,"elType":"column"},{"id":"1e0f8c7e","settings":{"_column_size":33,"_inline_size":null,"_inline_size_tablet":50,"_inline_size_mobile":50,"padding_mobile":{"unit":"px","top":"0","right":"0","bottom":"0","left":"0","isLinked":true}},"elements":[{"id":"595bd661","settings":{"title":"6665","align":"center","title_color":"#FFFFFF","typography_typography":"custom","typography_font_family":"Montserrat","typography_font_size":{"unit":"px","size":60,"sizes":[]},"typography_font_size_tablet":{"unit":"px","size":35,"sizes":[]},"typography_font_weight":"600","text_shadow_text_shadow_type":"yes","text_shadow_text_shadow":{"horizontal":0,"vertical":0,"blur":20,"color":"#000000"},"_margin":{"unit":"px","top":"0","right":"0","bottom":"-15","left":"0","isLinked":false}},"elements":[],"isInner":false,"widgetType":"heading","elType":"widget"},{"id":"3beed3bc","settings":{"title":"v\u00fdm\u011bn","align":"center","title_color":"#FFFFFF","text_shadow_text_shadow_type":"yes","typography_typography":"custom","typography_font_family":"Montserrat","typography_font_size":{"unit":"px","size":45,"sizes":[]},"typography_font_size_tablet":{"unit":"px","size":35,"sizes":[]},"typography_font_weight":"600","text_shadow_text_shadow":{"horizontal":0,"vertical":0,"blur":20,"color":"#000000"}},"elements":[],"isInner":false,"widgetType":"heading","elType":"widget"}],"isInner":true,"elType":"column"},{"id":"76413f8c","settings":{"_column_size":33,"_inline_size":null,"_inline_size_tablet":50,"_inline_size_mobile":50,"padding_mobile":{"unit":"px","top":"0","right":"0","bottom":"0","left":"0","isLinked":true}},"elements":[{"id":"44198b87","settings":{"title":"89","align":"center","title_color":"#FFFFFF","typography_typography":"custom","typography_font_family":"Montserrat","typography_font_size":{"unit":"px","size":60,"sizes":[]},"typography_font_size_tablet":{"unit":"px","size":35,"sizes":[]},"typography_font_weight":"600","text_shadow_text_shadow_type":"yes","text_shadow_text_shadow":{"horizontal":0,"vertical":0,"blur":20,"color":"#000000"},"_margin":{"unit":"px","top":"0","right":"0","bottom":"-15","left":"0","isLinked":false}},"elements":[],"isInner":false,"widgetType":"heading","elType":"widget"},{"id":"24d666db","settings":{"title":"hr\u00e1\u010d\u016f","align":"center","title_color":"#FFFFFF","typography_typography":"custom","typography_font_family":"Montserrat","typography_font_size_tablet":{"unit":"px","size":35,"sizes":[]},"typography_font_weight":"600","text_shadow_text_shadow_type":"yes","text_shadow_text_shadow":{"horizontal":0,"vertical":0,"blur":20,"color":"#000000"}},"elements":[],"isInner":false,"widgetType":"heading","elType":"widget"}],"isInner":true,"elType":"column"}],"isInner":true,"elType":"section"},{"id":"4d793b17","settings":{"structure":"20","hide_desktop":"hidden-desktop"},"elements":[{"id":"bf5c266","settings":{"_column_size":50,"_inline_size":null,"_inline_size_tablet":50,"_inline_size_mobile":50,"padding_mobile":{"unit":"px","top":"0","right":"0","bottom":"0","left":"0","isLinked":true}},"elements":[{"id":"5ca5bba9","settings":{"title":"106","align":"center","title_color":"#FFFFFF","typography_typography":"custom","typography_font_family":"Montserrat","typography_font_size":{"unit":"px","size":45,"sizes":[]},"typography_font_size_tablet":{"unit":"px","size":55,"sizes":[]},"typography_font_weight":"600","text_shadow_text_shadow_type":"yes","text_shadow_text_shadow":{"horizontal":0,"vertical":0,"blur":20,"color":"#000000"},"_margin_tablet":{"unit":"px","top":"0","right":"0","bottom":"-15","left":"0","isLinked":false}},"elements":[],"isInner":false,"widgetType":"heading","elType":"widget"},{"id":"6d02cdd1","settings":{"title":"z\u00e1pas\u016f","align":"center","title_color":"#FFFFFF","typography_typography":"custom","typography_font_family":"Montserrat","typography_font_size":{"unit":"px","size":45,"sizes":[]},"typography_font_size_tablet":{"unit":"px","size":35,"sizes":[]},"typography_font_weight":"600","text_shadow_text_shadow_type":"yes","text_shadow_text_shadow":{"horizontal":0,"vertical":0,"blur":20,"color":"#000000"}},"elements":[],"isInner":false,"widgetType":"heading","elType":"widget"}],"isInner":true,"elType":"column"},{"id":"44c9e2","settings":{"_column_size":50,"_inline_size":null,"_inline_size_tablet":50,"_inline_size_mobile":50,"padding_mobile":{"unit":"px","top":"0","right":"0","bottom":"0","left":"0","isLinked":true}},"elements":[{"id":"7515659","settings":{"title":"224","align":"center","title_color":"#FFFFFF","typography_typography":"custom","typography_font_family":"Montserrat","typography_font_size":{"unit":"px","size":45,"sizes":[]},"typography_font_size_tablet":{"unit":"px","size":55,"sizes":[]},"typography_font_weight":"600","text_shadow_text_shadow_type":"yes","text_shadow_text_shadow":{"horizontal":0,"vertical":0,"blur":20,"color":"#000000"},"_margin_tablet":{"unit":"px","top":"0","right":"0","bottom":"-15","left":"0","isLinked":false}},"elements":[],"isInner":false,"widgetType":"heading","elType":"widget"},{"id":"35cd6b5c","settings":{"title":"set\u016f","align":"center","title_color":"#FFFFFF","typography_typography":"custom","typography_font_family":"Montserrat","typography_font_size":{"unit":"px","size":45,"sizes":[]},"typography_font_size_tablet":{"unit":"px","size":35,"sizes":[]},"typography_font_weight":"600","text_shadow_text_shadow_type":"yes","text_shadow_text_shadow":{"horizontal":0,"vertical":0,"blur":20,"color":"#000000"}},"elements":[],"isInner":false,"widgetType":"heading","elType":"widget"}],"isInner":true,"elType":"column"}],"isInner":true,"elType":"section"},{"id":"78e3fab3","settings":{"space":{"unit":"px","size":5,"sizes":[]},"space_mobile":{"unit":"px","size":5,"sizes":[]},"hide_desktop":"hidden-desktop"},"elements":[],"isInner":false,"widgetType":"spacer","elType":"widget"},{"id":"86e948","settings":{"structure":"20","hide_desktop":"hidden-desktop"},"elements":[{"id":"7f217b56","settings":{"_column_size":50,"_inline_size":null,"_inline_size_tablet":50,"_inline_size_mobile":50,"padding_mobile":{"unit":"px","top":"0","right":"0","bottom":"0","left":"0","isLinked":true}},"elements":[{"id":"24949dd6","settings":{"title":"6665","align":"center","title_color":"#FFFFFF","typography_typography":"custom","typography_font_family":"Montserrat","typography_font_size":{"unit":"px","size":45,"sizes":[]},"typography_font_size_tablet":{"unit":"px","size":55,"sizes":[]},"typography_font_weight":"600","text_shadow_text_shadow_type":"yes","text_shadow_text_shadow":{"horizontal":0,"vertical":0,"blur":20,"color":"#000000"},"_margin_tablet":{"unit":"px","top":"0","right":"0","bottom":"-15","left":"0","isLinked":false}},"elements":[],"isInner":false,"widgetType":"heading","elType":"widget"},{"id":"772efb8e","settings":{"title":"v\u00fdm\u011bn","align":"center","title_color":"#FFFFFF","text_shadow_text_shadow_type":"yes","typography_typography":"custom","typography_font_family":"Montserrat","typography_font_size":{"unit":"px","size":45,"sizes":[]},"typography_font_size_tablet":{"unit":"px","size":35,"sizes":[]},"typography_font_weight":"600","text_shadow_text_shadow":{"horizontal":0,"vertical":0,"blur":20,"color":"#000000"}},"elements":[],"isInner":false,"widgetType":"heading","elType":"widget"}],"isInner":true,"elType":"column"},{"id":"df6b40f","settings":{"_column_size":50,"_inline_size":null,"_inline_size_tablet":50,"_inline_size_mobile":50,"padding_mobile":{"unit":"px","top":"0","right":"0","bottom":"0","left":"0","isLinked":true}},"elements":[{"id":"373926da","settings":{"title":"89","align":"center","title_color":"#FFFFFF","typography_typography":"custom","typography_font_family":"Montserrat","typography_font_size":{"unit":"px","size":45,"sizes":[]},"typography_font_size_tablet":{"unit":"px","size":55,"sizes":[]},"typography_font_weight":"600","text_shadow_text_shadow_type":"yes","text_shadow_text_shadow":{"horizontal":0,"vertical":0,"blur":20,"color":"#000000"},"_margin_tablet":{"unit":"px","top":"0","right":"0","bottom":"-15","left":"0","isLinked":false}},"elements":[],"isInner":false,"widgetType":"heading","elType":"widget"},{"id":"71e02f5a","settings":{"title":"hr\u00e1\u010d\u016f","align":"center","title_color":"#FFFFFF","typography_typography":"custom","typography_font_family":"Montserrat","typography_font_size_tablet":{"unit":"px","size":35,"sizes":[]},"typography_font_weight":"600","text_shadow_text_shadow_type":"yes","text_shadow_text_shadow":{"horizontal":0,"vertical":0,"blur":20,"color":"#000000"}},"elements":[],"isInner":false,"widgetType":"heading","elType":"widget"}],"isInner":true,"elType":"column"}],"isInner":true,"elType":"section"}],"isInner":"","elType":"column"}],"isInner":"","elType":"section"},{"id":"45f0f56f","settings":{"content_width":{"unit":"px","size":1024},"custom_height":{"unit":"px","size":"120"},"content_position":"middle","background_background":"classic","background_color":"#003E53","padding":{"unit":"px","top":"0","right":"0","bottom":"30","left":"0","isLinked":""},"padding_tablet":{"unit":"px","top":"15","right":"20","bottom":"20","left":"20","isLinked":""},"padding_mobile":{"unit":"px","top":"30","right":"30","bottom":"30","left":"30","isLinked":"1"},"_title":"See stats","structure":"20","custom_css":"@media(max-width: 767px){\n    selector .elementor-button-wrapper {\n        padding: 0 20%;\n    }\n}\n\n@media(max-width: 490px){\n    selector .elementor-button-wrapper {\n        padding: 0 10%;\n    }\n}\n"},"elements":[{"id":"47b9fa89","settings":{"_column_size":50,"_inline_size":83,"padding":{"unit":"%","top":"0","right":"0","bottom":"0","left":"0","isLinked":true},"_inline_size_tablet":70,"align":"flex-end","align_tablet":"flex-end","align_mobile":"center","padding_tablet":{"unit":"%","top":"0","right":"0","bottom":"0","left":"0","isLinked":true},"padding_mobile":{"unit":"px","top":"5","right":"5","bottom":"5","left":"5","isLinked":true}},"elements":[{"id":"743a6ba6","settings":{"text":"Historick\u00e1 tabulka","align":"right","align_mobile":"justify","size":"md","icon":"fa fa-angle-double-right","icon_align":"right","border_radius":{"unit":"px","top":"2","right":"2","bottom":"2","left":"2","isLinked":"1"},"selected_icon":{"value":"fas fa-arrow-right","library":"fa-solid"},"__fa4_migrated":{"selected_icon":true},"link":{"url":"https:\/\/www.rozvedcik-volejbal.cz\/stats\/","is_external":"","nofollow":"","custom_attributes":""},"__globals__":{"background_color":"","typography_typography":"globals\/typography?id=primary","button_background_hover_color":"globals\/colors?id=secondary"},"background_color":"#E4BC36","icon_indent":{"unit":"px","size":8,"sizes":[]},"_element_width":"inherit","typography_typography":"custom","typography_font_family":"Montserrat","typography_font_weight":"600","button_background_hover_color":"#8DACA6"},"elements":[],"isInner":false,"widgetType":"button","elType":"widget"}],"isInner":"","elType":"column"},{"id":"5fe66d11","settings":{"_column_size":50,"_inline_size":17,"_inline_size_tablet":25,"padding_mobile":{"unit":"px","top":"5","right":"5","bottom":"5","left":"5","isLinked":true}},"elements":[{"id":"37a9e642","settings":{"text":"Galerie","align":"right","align_mobile":"justify","size":"md","icon":"fa fa-angle-double-right","icon_align":"right","border_radius":{"unit":"px","top":"2","right":"2","bottom":"2","left":"2","isLinked":"1"},"selected_icon":{"value":"fas fa-arrow-right","library":"fa-solid"},"__fa4_migrated":{"selected_icon":true},"link":{"url":"https:\/\/www.rozvedcik-volejbal.cz\/gallery","is_external":"","nofollow":"","custom_attributes":""},"__globals__":{"background_color":"globals\/colors?id=6e40ef7","typography_typography":"globals\/typography?id=primary","button_background_hover_color":"globals\/colors?id=secondary"},"background_color":"#e4bc36","icon_indent":{"unit":"px","size":8,"sizes":[]},"_margin":{"unit":"px","top":"0","right":"0","bottom":"0","left":"0","isLinked":false},"_element_width":"inherit"},"elements":[],"isInner":false,"widgetType":"button","elType":"widget"}],"isInner":false,"elType":"column"}],"isInner":"","elType":"section"},{"id":"358b36a7","settings":{"hide_desktop":"hidden-desktop","hide_tablet":"hidden-tablet","hide_mobile":"hidden-mobile"},"elements":[{"id":"49944bb","settings":{"_column_size":100,"_inline_size":null},"elements":[{"id":"51a8dff7","settings":{"look":"line_icon","text":"Odd\u011blova\u010d","icon":{"value":"fas fa-volleyball-ball","library":"fa-solid"},"weight":{"unit":"px","size":2,"sizes":[]},"gap":{"unit":"px","size":2,"sizes":[]},"__globals__":{"color":"globals\/colors?id=secondary"}},"elements":[],"isInner":false,"widgetType":"divider","elType":"widget"}],"isInner":false,"elType":"column"}],"isInner":false,"elType":"section"},{"id":"23fea015","settings":{"content_width":{"unit":"px","size":1024},"content_position":"middle","structure":"20","padding":{"unit":"px","top":"70","right":"0","bottom":"50","left":"0","isLinked":""},"padding_tablet":{"unit":"px","top":"30","right":"30","bottom":"60","left":"30","isLinked":""},"reverse_order_mobile":"reverse-mobile","_title":"Coming soon","custom_css":"selector .eael-countdown-label{\n    padding-top: 7px;\n}","padding_mobile":{"unit":"px","top":"30","right":"0","bottom":"10","left":"0","isLinked":false}},"elements":[{"id":"5b78481a","settings":{"_column_size":"50"},"elements":[{"id":"6c9f6985","settings":{"image":{"url":"https:\/\/www.rozvedcik-volejbal.cz\/wp-content\/uploads\/2021\/12\/20211218_145350-scaled.jpg","id":3865,"alt":"","source":"library"},"image_size":"medium_large"},"elements":[],"isInner":false,"widgetType":"image","elType":"widget"}],"isInner":false,"elType":"column"},{"id":"7020f63e","settings":{"_column_size":"50","padding":{"unit":"px","top":"0","right":"0","bottom":"0","left":"60","isLinked":""},"padding_mobile":{"unit":"px","top":"0","right":"0","bottom":"9","left":"0","isLinked":""}},"elements":[{"id":"30c87057","settings":{"title":"Rozv\u011bd\u010d\u00edk - BEACH 2022","header_size":"h3","align_mobile":"center","title_color":"#8daca6","__globals__":{"typography_typography":"globals\/typography?id=primary"},"_padding_mobile":{"unit":"px","top":"0","right":"3","bottom":"0","left":"3","isLinked":false}},"elements":[],"isInner":false,"widgetType":"heading","elType":"widget"},{"id":"268063a4","settings":{"editor":"<p>Druh\u00fd ro\u010dn\u00edk losovan\u00e9ho beachov\u00e9ho (narozeninov\u00e9ho) turnaje chceme uspo\u0159\u00e1dat v prosinci 2022, nebo lednu 2023.<\/p>\n<p>Detaily budou&nbsp; zve\u0159ejn\u011bny co nejd\u0159\u00edve.<\/p>","align_mobile":"center","__globals__":{"typography_typography":"globals\/typography?id=primary"},"_padding_mobile":{"unit":"px","top":"0","right":"3","bottom":"0","left":"3","isLinked":false}},"elements":[],"isInner":false,"widgetType":"text-editor","elType":"widget"}],"isInner":false,"elType":"column"}],"isInner":"","elType":"section"},{"id":"30f5c61e","settings":{"content_width":{"unit":"px","size":1024,"sizes":[]},"background_background":"classic","padding":{"unit":"px","top":"40","right":"0","bottom":"50","left":"0","isLinked":false},"__globals__":{"background_color":"globals\/colors?id=7fcabb5"},"padding_mobile":{"unit":"px","top":"20","right":"0","bottom":"0","left":"0","isLinked":false}},"elements":[{"id":"161b5589","settings":{"_column_size":100,"_inline_size":null},"elements":[{"id":"a0b1441","settings":{"structure":"21"},"elements":[{"id":"3ed7eb91","settings":{"_column_size":33,"_inline_size":2.5480000000000000426325641456060111522674560546875},"elements":[{"id":"6ac9d35d","settings":{"image":{"url":"","id":"","alt":"","source":"library"}},"elements":[],"isInner":false,"widgetType":"image","elType":"widget"}],"isInner":true,"elType":"column"},{"id":"2c719105","settings":{"_column_size":66,"_inline_size":97.0529999999999972715158946812152862548828125},"elements":[{"id":"95b7395","settings":{"title":"Co je Rozv\u011bd\u010d\u00edk?","align":"center","typography_typography":"custom","typography_font_family":"Montserrat","typography_font_size":{"unit":"px","size":35,"sizes":[]},"typography_font_weight":"600","align_mobile":"center"},"elements":[],"isInner":false,"widgetType":"heading","elType":"widget"},{"id":"a5b1f45","settings":{"editor":"Rozv\u011bd\u010d\u00edk je kr\u00e1sn\u00e1 chatov\u00e1 osada u\u00a0\u0159eky Berounky mezi K\u0159ivokl\u00e1tsk\u00fdmi lesy. Volejbalov\u00e9 a nohejbalov\u00e9 turnaje se zde po\u0159\u00e1daly od\u00a0za\u010d\u00e1tku 90.&nbsp;let.\n<br><br>\nLosovan\u00fd sm\u00ed\u0161en\u00fd volejbalov\u00fd turnaj po\u0159\u00e1d\u00e1me na Rozv\u011bd\u010d\u00edku od roku&nbsp;2019. V roce&nbsp;2021 jsme se rozhodli turnaj rozd\u011blit na dv\u011b \u00farovn\u011b \u2013 Profi a Hobby. \u00darove\u0148 profi turnaje je mezi extraligou a krajsk\u00fdmi p\u0159ebory. \u00darove\u0148 hobby turnaje se pohybuje mezi vy\u0161\u0161\u00edmi ligami AVL a krajsk\u00fdmi p\u0159ebory. Nav\u00edc jsme v&nbsp;roce 2021 uspo\u0159\u00e1dali prvn\u00ed beachovou verzi turnaje (losov\u00e1n\u00ed z\u016fstalo zachov\u00e1no).\n<br><br>\nObvykle se na\u00a0volejbalov\u00e9m turnaji sejde 30\u00a0hr\u00e1\u010d\u016f, kte\u0159\u00ed se rozlosuj\u00ed do\u00a05&nbsp;t\u00fdm\u016f, ale u\u017e jsme si vyzkou\u0161eli i dvojturnajov\u00fd syst\u00e9m pro 24&nbsp;lid\u00ed.\n","__globals__":{"typography_typography":"globals\/typography?id=primary","text_color":"globals\/colors?id=primary"},"align_mobile":"justify","align":"justify","custom_css":"@media(max-width: 600px){\n    selector .elementor-widget-container {\n        text-align: center;\n    }\n}"},"elements":[],"isInner":false,"widgetType":"text-editor","elType":"widget"}],"isInner":true,"elType":"column"}],"isInner":true,"elType":"section"}],"isInner":false,"elType":"column"}],"isInner":false,"elType":"section"},{"id":"472310e7","settings":{"content_width":{"unit":"px","size":1024},"background_background":"classic","shape_divider_bottom":"arrow","shape_divider_bottom_color":"#003e53","shape_divider_bottom_negative":"yes","padding":{"unit":"px","top":"40","right":"0","bottom":"60","left":"0","isLinked":""},"padding_tablet":{"unit":"px","top":"30","right":"30","bottom":"30","left":"30","isLinked":"1"},"background_color_b":"rgba(210,233,225,0.37)","background_gradient_angle":{"unit":"deg","size":"260"},"_title":"About","__globals__":{"background_color":"globals\/colors?id=accent"}},"elements":[{"id":"36951481","settings":{"_column_size":100,"_inline_size":null},"elements":[{"id":"19e139eb","settings":{"title":"Mezin\u00e1rodn\u00ed ohlasy","align":"center","title_color":"#003E53","typography_typography":"custom","typography_font_family":"Montserrat","typography_font_size":{"unit":"px","size":35,"sizes":[]},"typography_font_weight":"600","__globals__":{"title_color":"globals\/colors?id=7fcabb5","typography_typography":""}},"elements":[],"isInner":false,"widgetType":"heading","elType":"widget"},{"id":"a977dc6","settings":{"slides":[{"content":"Rozv\u011bd\u010d\u00edk was the nicest tournament on clay I have ever attended. But to be honest, it was the only one...","name":"Luke Smith","title":"Australia National Team Player","image":{"url":"https:\/\/www.rozvedcik-volejbal.cz\/wp-content\/uploads\/2021\/08\/luke-e1628075291783.jpg","id":1969,"alt":"","source":"library"},"_id":"1e2c5d4"},{"content":"In 2020 I found my one true love there!","name":"Cabbage","title":"Happily married since 10.08.2024","image":{"url":"https:\/\/www.rozvedcik-volejbal.cz\/wp-content\/uploads\/2021\/07\/vojta_zuzka_final_hp.png","id":1277,"alt":"","source":"library"},"_id":"d253b8c"},{"content":"Some of the girls there were even hotter than me...","name":"Pork Shoulder Steak","title":"just taken off the grill","image":{"url":"https:\/\/www.rozvedcik-volejbal.cz\/wp-content\/uploads\/2021\/07\/steak-e1627683946493.jpg","id":1294,"alt":"","source":"library"},"_id":"183a9ee"},{"_id":"73be83a","content":"\u041f\u0438\u0445\u0430\u0442\u044c!","name":"\u0412\u0430\u043b\u0435\u0440\u0438\u0439 \u0422****","title":"4:15&nbsp;AM","image":{"url":"https:\/\/www.rozvedcik-volejbal.cz\/wp-content\/uploads\/2021\/07\/final.png","id":1269,"alt":"","source":"library"}},{"content":"Once,  they named a team after me and yet did not invite me...","name":"Bruno Rezende","title":"Brazil National Team Player","image":{"url":"https:\/\/www.rozvedcik-volejbal.cz\/wp-content\/uploads\/2021\/08\/bruno-e1628075251840.png","id":2054,"alt":"","source":"library"},"_id":"d2b083e"}],"content_typography_typography":"custom","content_typography_font_family":"Montserrat","content_typography_font_size":{"unit":"px","size":25,"sizes":[]},"content_typography_font_weight":"500","name_typography_typography":"custom","name_typography_font_family":"Montserrat","name_typography_font_size":{"unit":"px","size":22,"sizes":[]},"name_typography_font_weight":"700","title_typography_typography":"custom","title_typography_font_family":"Montserrat","title_typography_font_size":{"unit":"px","size":20,"sizes":[]},"title_typography_font_weight":"500","title_typography_text_transform":"uppercase","image_size":{"unit":"px","size":80,"sizes":[]},"arrows_size":{"unit":"px","size":30,"sizes":[]},"pagination_size":{"unit":"px","size":10,"sizes":[]},"slides_per_view":"1","image_gap":{"unit":"px","size":20,"sizes":[]},"__globals__":{"content_typography_typography":"","name_typography_typography":"","title_typography_typography":"","content_color":"globals\/colors?id=7fcabb5","name_color":"globals\/colors?id=7fcabb5","title_color":"globals\/colors?id=7fcabb5","arrows_color":"globals\/colors?id=7fcabb5","pagination_color":"globals\/colors?id=7fcabb5"},"slide_border_size":{"unit":"px","top":"0","right":"0","bottom":"0","left":"0","isLinked":false}},"elements":[],"isInner":false,"widgetType":"testimonial-carousel","elType":"widget"}],"isInner":false,"elType":"column"}],"isInner":"","elType":"section"},{"id":"5d1d1ddd","settings":{"content_width":{"unit":"px","size":1024,"sizes":[]},"background_background":"classic","padding":{"unit":"px","top":"30","right":"0","bottom":"20","left":"0","isLinked":false},"__globals__":{"background_color":"globals\/colors?id=7fcabb5"},"_element_id":"contact"},"elements":[{"id":"46ce68ba","settings":{"_column_size":100,"_inline_size":null},"elements":[{"id":"7b9a702d","settings":{"title":"Kontakt","align":"center","typography_typography":"custom","typography_font_family":"Montserrat","typography_font_size":{"unit":"px","size":35,"sizes":[]},"typography_font_weight":"500","__globals__":{"typography_typography":"","title_color":"globals\/colors?id=primary"}},"elements":[],"isInner":false,"widgetType":"heading","elType":"widget"},{"id":"31d415dc","settings":{"structure":"20","margin":{"unit":"px","top":"-15","right":0,"bottom":"0","left":0,"isLinked":false},"margin_mobile":{"unit":"px","top":"5","right":0,"bottom":"0","left":0,"isLinked":false}},"elements":[{"id":"22096cf9","settings":{"_column_size":50,"_inline_size":null,"content_position":"center"},"elements":[{"id":"17aca52b","settings":{"title":"B\u00e1ra Horn\u00edkov\u00e1","header_size":"h3","align_mobile":"center","typography_typography":"custom","typography_font_size":{"unit":"px","size":25,"sizes":[]},"typography_font_family":"Montserrat","typography_font_weight":"500","__globals__":{"typography_typography":"","title_color":""},"_padding":{"unit":"px","top":"0","right":"0","bottom":"0","left":"0","isLinked":true},"align":"left","title_color":"#FFFFFF"},"elements":[],"isInner":false,"widgetType":"heading","elType":"widget"}],"isInner":true,"elType":"column"},{"id":"66aad201","settings":{"_column_size":50,"_inline_size":null},"elements":[{"id":"7ee90965","settings":{"social_icon_list":[{"_id":"645f9f1","social_icon":{"value":"fas fa-envelope","library":"fa-solid"},"link":{"url":"mailto:barbora.hornikova@outlook.com","is_external":"true","nofollow":"","custom_attributes":""},"item_icon_color":"custom","__globals__":{"item_icon_primary_color":"globals\/colors?id=primary","item_icon_secondary_color":"globals\/colors?id=7fcabb5"}},{"social_icon":{"value":"fab fa-facebook","library":"fa-brands"},"_id":"22080b2","item_icon_color":"custom","__globals__":{"item_icon_primary_color":"globals\/colors?id=primary","item_icon_secondary_color":"globals\/colors?id=7fcabb5"},"link":{"url":"https:\/\/www.facebook.com\/bara.hornikova.3","is_external":"true","nofollow":"","custom_attributes":""}}],"align":"right","align_mobile":"center","icon_size":{"unit":"px","size":20,"sizes":[]},"shape":"square","border_radius":{"unit":"px","top":"2","right":"2","bottom":"2","left":"2","isLinked":true},"hover_animation":"bounce-in"},"elements":[],"isInner":false,"widgetType":"social-icons","elType":"widget"}],"isInner":true,"elType":"column"}],"isInner":true,"elType":"section"},{"id":"7816d3dd","settings":{"structure":"20","margin":{"unit":"px","top":"0","right":0,"bottom":"0","left":0,"isLinked":false}},"elements":[{"id":"48556310","settings":{"_column_size":50,"_inline_size":null,"content_position":"center"},"elements":[{"id":"4d472306","settings":{"title":"H\u0159i\u0161t\u011b Rozv\u011bd\u010d\u00edk","header_size":"h3","align_mobile":"center","typography_typography":"custom","typography_font_size":{"unit":"px","size":25,"sizes":[]},"typography_font_family":"Montserrat","typography_font_weight":"500","__globals__":{"typography_typography":"","title_color":""},"_padding":{"unit":"px","top":"0","right":"0","bottom":"0","left":"0","isLinked":true},"align":"left","title_color":"#FFFFFF"},"elements":[],"isInner":false,"widgetType":"heading","elType":"widget"}],"isInner":true,"elType":"column"},{"id":"33d96be9","settings":{"_column_size":50,"_inline_size":null},"elements":[{"id":"74beae5f","settings":{"social_icon_list":[{"social_icon":{"value":"fab fa-facebook","library":"fa-brands"},"_id":"22080b2","item_icon_color":"custom","__globals__":{"item_icon_primary_color":"globals\/colors?id=primary","item_icon_secondary_color":"globals\/colors?id=7fcabb5"},"link":{"url":"https:\/\/www.facebook.com\/pages\/category\/Community\/Rozv%C4%9Bd%C4%8D%C3%ADk-h%C5%99i%C5%A1t%C4%9B-1616476648635396\/","is_external":"true","nofollow":"","custom_attributes":""}}],"align":"right","align_mobile":"center","icon_size":{"unit":"px","size":20,"sizes":[]},"shape":"square","border_radius":{"unit":"px","top":"2","right":"2","bottom":"2","left":"2","isLinked":true},"hover_animation":"bounce-in","_padding_mobile":{"unit":"px","top":"0","right":"0","bottom":"0","left":"3","isLinked":false}},"elements":[],"isInner":false,"widgetType":"social-icons","elType":"widget"}],"isInner":true,"elType":"column"}],"isInner":true,"elType":"section"},{"id":"246fec40","settings":{"padding":{"unit":"px","top":"20","right":"35","bottom":"0","left":"35","isLinked":false},"padding_mobile":{"unit":"px","top":"10","right":"0","bottom":"0","left":"0","isLinked":false}},"elements":[{"id":"665b8db6","settings":{"_column_size":100,"_inline_size":null},"elements":[{"id":"3c5a349e","settings":{"address":"50\u00b000'15.8\"N 13\u00b049'16.7\"E","height":{"unit":"px","size":373,"sizes":[]}},"elements":[],"isInner":false,"widgetType":"google_maps","elType":"widget"}],"isInner":true,"elType":"column"}],"isInner":true,"elType":"section"}],"isInner":false,"elType":"column"}],"isInner":false,"elType":"section"},{"id":"231ae99a","settings":{"background_background":"classic","__globals__":{"background_color":"globals\/colors?id=7fcabb5"},"content_width":{"unit":"px","size":1024,"sizes":[]},"padding":{"unit":"px","top":"20","right":"0","bottom":"20","left":"0","isLinked":false},"padding_mobile":{"unit":"px","top":"0","right":"0","bottom":"0","left":"0","isLinked":false}},"elements":[{"id":"13a82a70","settings":{"_column_size":100,"_inline_size":null,"align":"center"},"elements":[{"id":"3f6cf606","settings":{"title":"\u00a9 2022 <br>Bunka&nbsp;+&nbsp;VojtaH&nbsp;=&nbsp;\ud83d\udc94<br>VojtaH&nbsp;+&nbsp;A\u03c0&nbsp;=&nbsp;\ud83c\udfd0<br>A\u03c0&nbsp;+&nbsp;Bunka&nbsp;=&nbsp;?<\/span>","typography_typography":"custom","typography_font_family":"Montserrat","typography_font_size":{"unit":"px","size":15,"sizes":[]},"typography_font_weight":"300","_element_width":"auto","__globals__":{"typography_typography":"","title_color":"globals\/colors?id=primary"},"align":"center"},"elements":[],"isInner":false,"widgetType":"heading","elType":"widget"}],"isInner":false,"elType":"column"}],"isInner":false,"elType":"section"}],"settings":{"template":"default","eael_ext_toc_title":"Table of Contents","custom_css":"@media(max-width: 767px){\n    .flex-reversed-section > div{\n        flex-direction: column-reverse;\n    }\n}"},"metadata":[]}