{"content":[{"id":"495ad169","settings":{"background_background":"classic","__globals__":{"background_color":"globals\/colors?id=7fcabb5"},"content_width":{"unit":"px","size":1024,"sizes":[]},"_element_id":"page-top","hide_mobile":"hidden-mobile"},"elements":[{"id":"72a0c11e","settings":{"_column_size":100,"_inline_size":null},"elements":[{"id":"53af9222","settings":{"align_items":"center","submenu_icon":{"value":"fas fa-angle-down","library":"fa-solid"},"dropdown":"mobile","text_align":"center","menu_typography_typography":"custom","menu_typography_font_family":"Montserrat","menu_typography_font_weight":"600","color_menu_item":"#8DACA6","color_menu_item_hover":"#8DACA6","pointer_color_menu_item_hover":"#8DACA6","color_menu_item_active":"#8DACA6","pointer_color_menu_item_active":"#FFFFFF","dropdown_typography_typography":"custom","dropdown_typography_font_family":"Montserrat","dropdown_typography_font_size":{"unit":"px","size":16,"sizes":[]},"dropdown_typography_font_weight":"500","__globals__":{"menu_typography_typography":"globals\/typography?id=primary","color_menu_item":"globals\/colors?id=primary","color_menu_item_hover":"globals\/colors?id=primary","pointer_color_menu_item_hover":"globals\/colors?id=6e40ef7","color_menu_item_active":"globals\/colors?id=primary","pointer_color_menu_item_active":"globals\/colors?id=primary","dropdown_typography_typography":"","color_dropdown_item":"globals\/colors?id=7fcabb5","color_dropdown_item_hover":"globals\/colors?id=primary","background_color_dropdown_item_hover":"globals\/colors?id=6e40ef7","color_dropdown_item_active":"globals\/colors?id=6e40ef7","background_color_dropdown_item_active":"globals\/colors?id=primary","toggle_color":"globals\/colors?id=7fcabb5","toggle_background_color":"globals\/colors?id=secondary","toggle_color_hover":"globals\/colors?id=primary","toggle_background_color_hover":"globals\/colors?id=secondary","background_color_dropdown_item":"globals\/colors?id=primary"},"_z_index_mobile":1,"animation_line":"grow","toggle_size_mobile":{"unit":"px","size":20,"sizes":[]},"toggle_border_width_mobile":{"unit":"px","size":3,"sizes":[]},"toggle_border_radius_mobile":{"unit":"px","size":2,"sizes":[]}},"elements":[],"isInner":false,"widgetType":"nav-menu","elType":"widget"}],"isInner":false,"elType":"column"}],"isInner":false,"elType":"section"},{"id":"5cf00027","settings":{"background_background":"classic","__globals__":{"background_color":"globals\/colors?id=7fcabb5"},"content_width":{"unit":"px","size":1024,"sizes":[]}},"elements":[{"id":"2da5794b","settings":{"_column_size":100,"_inline_size":null},"elements":[{"id":"72b89c2b","settings":{"title":"2019","align":"center","__globals__":{"title_color":"globals\/colors?id=primary","typography_typography":""},"title_color":"#FFFFFF","typography_typography":"custom","typography_font_family":"Montserrat","typography_font_weight":"400","typography_text_transform":"uppercase"},"elements":[],"isInner":false,"widgetType":"heading","elType":"widget"}],"isInner":false,"elType":"column"}],"isInner":false,"elType":"section"},{"id":"276ae484","settings":{"background_background":"classic","__globals__":{"background_color":"globals\/colors?id=7fcabb5"},"content_width":{"unit":"px","size":1024,"sizes":[]},"hide_desktop":"hidden-desktop","hide_tablet":"hidden-tablet"},"elements":[{"id":"1410ca0a","settings":{"_column_size":100,"_inline_size":null},"elements":[{"id":"4c55d9c0","settings":{"align_items":"center","submenu_icon":{"value":"fas fa-angle-down","library":"fa-solid"},"dropdown":"mobile","text_align":"center","menu_typography_typography":"custom","menu_typography_font_family":"Montserrat","menu_typography_font_weight":"600","color_menu_item":"#8DACA6","color_menu_item_hover":"#8DACA6","pointer_color_menu_item_hover":"#8DACA6","color_menu_item_active":"#8DACA6","pointer_color_menu_item_active":"#FFFFFF","dropdown_typography_typography":"custom","dropdown_typography_font_family":"Montserrat","dropdown_typography_font_size":{"unit":"px","size":16,"sizes":[]},"dropdown_typography_font_weight":"500","__globals__":{"menu_typography_typography":"globals\/typography?id=primary","color_menu_item":"globals\/colors?id=primary","color_menu_item_hover":"globals\/colors?id=primary","pointer_color_menu_item_hover":"globals\/colors?id=6e40ef7","color_menu_item_active":"globals\/colors?id=primary","pointer_color_menu_item_active":"globals\/colors?id=primary","dropdown_typography_typography":"","color_dropdown_item":"globals\/colors?id=7fcabb5","color_dropdown_item_hover":"globals\/colors?id=primary","background_color_dropdown_item_hover":"globals\/colors?id=6e40ef7","color_dropdown_item_active":"globals\/colors?id=6e40ef7","background_color_dropdown_item_active":"globals\/colors?id=primary","toggle_color":"globals\/colors?id=7fcabb5","toggle_background_color":"globals\/colors?id=secondary","toggle_color_hover":"globals\/colors?id=primary","toggle_background_color_hover":"globals\/colors?id=secondary","background_color_dropdown_item":"globals\/colors?id=primary"},"_z_index_mobile":1,"animation_line":"grow","toggle_size_mobile":{"unit":"px","size":20,"sizes":[]},"toggle_border_width_mobile":{"unit":"px","size":3,"sizes":[]},"toggle_border_radius_mobile":{"unit":"px","size":2,"sizes":[]}},"elements":[],"isInner":false,"widgetType":"nav-menu","elType":"widget"}],"isInner":false,"elType":"column"}],"isInner":false,"elType":"section"},{"id":"24b7e362","settings":{"structure":"20","background_background":"classic","__globals__":{"background_color_b":"globals\/colors?id=primary","background_color":"globals\/colors?id=secondary"},"content_width":{"unit":"px","size":1024,"sizes":[]}},"elements":[{"id":"37e1db3e","settings":{"_column_size":50,"_inline_size":null,"content_position":"top","padding":{"unit":"px","top":"15","right":"0","bottom":"15","left":"0","isLinked":false},"custom_css":"selector .elementor-widget-wrap {\r\n        flex-direction: column;\r\n}\r\n\r\nselector .elementor-widget-wrap .align-to-bottom {\r\n        margin-top: auto;\r\n}"},"elements":[{"id":"79e45ab3","settings":{"icon_list":[{"text":"13.&nbsp;7.&nbsp;2019","selected_icon":{"value":"far fa-calendar-alt","library":"fa-regular"},"_id":"7a469eb"},{"text":"30&nbsp;hr\u00e1\u010d\u016f","selected_icon":{"value":"fas fa-users","library":"fa-solid"},"_id":"d7dca6f"},{"text":"Losov\u00e1n\u00ed: Dobble-5","selected_icon":{"value":"fas fa-dice","library":"fa-solid"},"_id":"68ad138"},{"_id":"834d463","text":"Syst\u00e9m: 5&nbsp;\u010dlenn\u00e1&nbsp;skupina","selected_icon":{"value":"fas fa-table","library":"fa-solid"}}],"icon_align":"left","icon_self_align":"center","_padding":{"unit":"%","top":"0","right":"5","bottom":"0","left":"5","isLinked":false},"__globals__":{"icon_typography_typography":"","icon_color":"globals\/colors?id=7fcabb5","text_color":"globals\/colors?id=7fcabb5"},"icon_align_mobile":"left","_padding_mobile":{"unit":"px","top":"0","right":"5","bottom":"0","left":"5","isLinked":false},"view":"","space_between":{"unit":"px","size":4,"sizes":[]},"icon_color":"#003E53","icon_size":{"unit":"px","size":25,"sizes":[]},"text_color":"#003E53","text_indent":{"unit":"px","size":18,"sizes":[]},"icon_typography_typography":"custom","icon_typography_font_family":"Montserrat","icon_typography_font_size":{"unit":"px","size":21,"sizes":[]},"icon_typography_font_weight":"600"},"elements":[],"isInner":false,"widgetType":"icon-list","elType":"widget"},{"id":"64bec0d2","settings":{"content_width":{"unit":"px","size":500,"sizes":[]},"css_classes":"align-to-bottom"},"elements":[{"id":"c1f0dd4","settings":{"_column_size":100,"_inline_size":null},"elements":[{"id":"477b6768","settings":{"text":"Turnaj 2020","link":{"url":"https:\/\/www.rozvedcik-volejbal.cz\/previous\/2020-all\/","is_external":"","nofollow":"","custom_attributes":""},"align":"center","selected_icon":{"value":"fas fa-angle-double-right","library":"fa-solid"},"icon_align":"right","border_radius":{"unit":"px","top":"1","right":"1","bottom":"1","left":"1","isLinked":true},"__globals__":{"typography_typography":"globals\/typography?id=primary","button_text_color":"globals\/colors?id=7fcabb5","background_color":"globals\/colors?id=a2c7b92","hover_color":"globals\/colors?id=primary"},"align_mobile":"center","icon_indent":{"unit":"px","size":13,"sizes":[]},"_element_custom_width":{"unit":"px","size":235,"sizes":[]},"_element_vertical_align":"flex-start"},"elements":[],"isInner":false,"widgetType":"button","elType":"widget"}],"isInner":true,"elType":"column"}],"isInner":true,"elType":"section"}],"isInner":false,"elType":"column"},{"id":"df906d6","settings":{"_column_size":50,"_inline_size":null,"custom_css":"@media (max-width: 767px){\r\n.eael-data-table-wrap {\r\n    overflow-x: scroll !important;\r\n    padding-bottom: 5px;\r\n}\r\n}","content_position":"space-between","padding":{"unit":"px","top":"15","right":"0","bottom":"15","left":"0","isLinked":false}},"elements":[{"id":"1abc0bfc","settings":{"carousel":[{"id":2438,"url":"https:\/\/www.rozvedcik-volejbal.cz\/wp-content\/uploads\/2021\/08\/226592827_164500555772544_327427443796302630_n-1.jpg"},{"id":2520,"url":"https:\/\/www.rozvedcik-volejbal.cz\/wp-content\/uploads\/2021\/08\/230993665_312176407022101_3802477309267662291_n-3.jpg"},{"id":2422,"url":"https:\/\/www.rozvedcik-volejbal.cz\/wp-content\/uploads\/2021\/08\/231636915_155264863383927_6127427731790505586_n-1.jpg"}],"thumbnail_size":"large","slides_to_show":"1"},"elements":[],"isInner":false,"widgetType":"image-carousel","elType":"widget"},{"id":"20971f62","settings":[],"elements":[{"id":"5025bb2a","settings":{"_column_size":100,"_inline_size":null},"elements":[{"id":"945ac7f","settings":{"text":"V\u0161echny fotky","align":"center","selected_icon":{"value":"fas fa-angle-right","library":"fa-solid"},"icon_align":"right","border_radius":{"unit":"px","top":"1","right":"1","bottom":"1","left":"1","isLinked":true},"__globals__":{"typography_typography":"globals\/typography?id=primary","button_text_color":"globals\/colors?id=7fcabb5","background_color":"globals\/colors?id=a2c7b92","hover_color":"globals\/colors?id=primary"},"icon_indent":{"unit":"px","size":8,"sizes":[]},"link":{"url":"https:\/\/www.rozvedcik-volejbal.cz\/gallery\/2019-all\/","is_external":"","nofollow":"","custom_attributes":""}},"elements":[],"isInner":false,"widgetType":"button","elType":"widget"}],"isInner":true,"elType":"column"}],"isInner":true,"elType":"section"}],"isInner":false,"elType":"column"}],"isInner":false,"elType":"section"},{"id":"39fd5a14","settings":{"custom_height":{"unit":"px","size":200,"sizes":[]},"column_position":"top","background_background":"classic","__globals__":{"background_color":"globals\/colors?id=secondary"},"content_width":{"unit":"px","size":1024,"sizes":[]}},"elements":[{"id":"5b0f49e6","settings":{"_column_size":100,"_inline_size":null},"elements":[{"id":"49d08b23","settings":{"look":"line_icon","text":"Odd\u011blova\u010d","icon":{"value":"fas fa-volleyball-ball","library":"fa-solid"},"weight":{"unit":"px","size":3,"sizes":[]},"gap":{"unit":"px","size":10,"sizes":[]},"icon_size":{"unit":"px","size":60,"sizes":[]},"icon_spacing":{"unit":"px","size":25,"sizes":[]},"rotate":{"unit":"deg","size":"","sizes":[]},"__globals__":{"color":"globals\/colors?id=7fcabb5","primary_color":"globals\/colors?id=7fcabb5"}},"elements":[],"isInner":false,"widgetType":"divider","elType":"widget"}],"isInner":false,"elType":"column"}],"isInner":false,"elType":"section"},{"id":"5f1d5b6f","settings":{"content_width":{"unit":"px","size":1024,"sizes":[]}},"elements":[{"id":"764774c9","settings":{"_column_size":100,"_inline_size":null},"elements":[{"id":"7799933a","settings":{"editor":"Turnaj se hr\u00e1l pouze ve skupin\u011b syst\u00e9mem ka\u017ed\u00fd s&nbsp;ka\u017ed\u00fdm.\u00a0Z\u00e1pasy se hr\u00e1ly na dva hran\u00e9 sety do&nbsp;25 (o&nbsp;2&nbsp;body)\u00a0od stavu&nbsp;5:5.\n<br><br>\nBodovalo se italsk\u00fdm syst\u00e9mem - za v\u00edt\u011bzstv\u00ed&nbsp;2:0&nbsp;t\u0159i body, za vyhranou rem\u00edzu dva body, za prohranou rem\u00edzu jeden bod, za prohru&nbsp;0:2&nbsp;nula bod\u016f a za p\u0159esnou rem\u00edzu&nbsp;1.5&nbsp;bodu.\n<br><br>\nO po\u0159ad\u00ed ve skupin\u011b rozhodovaly postupn\u011b: po\u010det bod\u016f, po\u010det v\u00fdher&nbsp;2:0, pom\u011br set\u016f, pom\u011br m\u00ed\u010d\u016f, vz\u00e1jemn\u00fd z\u00e1pas, v\u00fd\u0161e daru organiz\u00e1tor\u016fm.\u0161e daru organiz\u00e1tor\u016fm.","align":"justify","text_color":"#003E53","typography_typography":"custom","typography_font_family":"Montserrat","typography_font_weight":"500","__globals__":{"text_color":"globals\/colors?id=7fcabb5","typography_typography":""},"custom_css":"@media(max-width: 600px){\n    selector .elementor-widget-container {\n        text-align: center;\n    }\n}"},"elements":[],"isInner":false,"widgetType":"text-editor","elType":"widget"},{"id":"4fea0bee","settings":{"image":{"url":"https:\/\/www.rozvedcik-volejbal.cz\/wp-content\/uploads\/2021\/08\/R19_1-scaled.jpg","id":2779,"alt":"","source":"library"},"title_text":"<img draggable=\"false\" role=\"img\" class=\"emoji\" alt=\"\ud83e\udd47\" src=\"https:\/\/s.w.org\/images\/core\/emoji\/13.1.0\/svg\/1f947.svg\">&nbsp;1. m\u00edsto - t\u00fdm B&nbsp;<img draggable=\"false\" role=\"img\" class=\"emoji\" alt=\"\ud83e\udd47\" src=\"https:\/\/s.w.org\/images\/core\/emoji\/13.1.0\/svg\/1f947.svg\">","description_text":"Zleva: <i>Simona&nbsp;K., Vendy&nbsp;P., Tom\u00e1\u0161&nbsp;H., Jaky, Radek&nbsp;D., Arek&nbsp;A.<\/i>","image_size":{"unit":"%","size":60,"sizes":[]},"title_bottom_space":{"unit":"px","size":20,"sizes":[]},"title_color":"#003E53","description_color":"#003E53","description_typography_typography":"custom","description_typography_font_family":"Montserrat","description_typography_font_weight":"500","__globals__":{"title_color":"globals\/colors?id=7fcabb5","description_typography_typography":"","description_color":"globals\/colors?id=7fcabb5"},"image_size_mobile":{"unit":"%","size":100,"sizes":[]},"_padding":{"unit":"px","top":"0","right":"0","bottom":"20","left":"0","isLinked":false},"_margin":{"unit":"px","top":"0","right":"0","bottom":"20","left":"0","isLinked":false}},"elements":[],"isInner":false,"widgetType":"image-box","elType":"widget"},{"id":"60701988","settings":{"image":{"url":"https:\/\/www.rozvedcik-volejbal.cz\/wp-content\/uploads\/2021\/08\/R19_2-scaled.jpg","id":2780,"alt":"","source":"library"},"title_text":"\ud83e\udd48&nbsp;2. m\u00edsto - t\u00fdm E&nbsp;\ud83e\udd48","description_text":"Zleva stoj\u00edc\u00ed: <i>M\u00e1rty, Mates&nbsp;K., Roman&nbsp;H., Pavel&nbsp;J.<\/i><br>Zleva kle\u010d\u00edc\u00ed: <i>\u00c1la&nbsp;\u0158.,  Mar\u0165a&nbsp;N.<\/i>","image_size":{"unit":"%","size":60,"sizes":[]},"title_bottom_space":{"unit":"px","size":20,"sizes":[]},"title_color":"#003E53","description_color":"#003E53","description_typography_typography":"custom","description_typography_font_family":"Montserrat","description_typography_font_weight":"500","__globals__":{"title_color":"globals\/colors?id=7fcabb5","description_typography_typography":"","description_color":"globals\/colors?id=7fcabb5"},"image_size_mobile":{"unit":"%","size":100,"sizes":[]},"_padding":{"unit":"px","top":"0","right":"0","bottom":"20","left":"0","isLinked":false},"_margin":{"unit":"px","top":"0","right":"0","bottom":"20","left":"0","isLinked":false}},"elements":[],"isInner":false,"widgetType":"image-box","elType":"widget"},{"id":"79fad4e6","settings":{"image":{"url":"https:\/\/www.rozvedcik-volejbal.cz\/wp-content\/uploads\/2021\/08\/R19_3.jpg","id":2782,"alt":"","source":"library"},"title_text":"<img draggable=\"false\" role=\"img\" class=\"emoji\" alt=\"\ud83e\udd49\" src=\"https:\/\/s.w.org\/images\/core\/emoji\/13.1.0\/svg\/1f949.svg\">&nbsp;3. m\u00edsto - t\u00fdm D&nbsp;<img draggable=\"false\" role=\"img\" class=\"emoji\" alt=\"\ud83e\udd49\" src=\"https:\/\/s.w.org\/images\/core\/emoji\/13.1.0\/svg\/1f949.svg\">","description_text":"Zleva stoj\u00edc\u00ed: <i>Vlasta&nbsp;K., Ka\u010dka&nbsp;\u0160., Mark\u00e9ta&nbsp;K., P\u00e9\u0165a&nbsp;J.<\/i><br>Zleva kle\u010d\u00edc\u00ed: <i>K\u00e1ja&nbsp;H.,  Vojta<\/i>","image_size":{"unit":"%","size":60,"sizes":[]},"title_bottom_space":{"unit":"px","size":20,"sizes":[]},"title_color":"#003E53","description_color":"#003E53","description_typography_typography":"custom","description_typography_font_family":"Montserrat","description_typography_font_weight":"500","__globals__":{"title_color":"globals\/colors?id=7fcabb5","description_typography_typography":"","description_color":"globals\/colors?id=7fcabb5"},"image_size_mobile":{"unit":"%","size":100,"sizes":[]},"_padding":{"unit":"px","top":"0","right":"0","bottom":"20","left":"0","isLinked":false},"_margin":{"unit":"px","top":"0","right":"0","bottom":"20","left":"0","isLinked":false}},"elements":[],"isInner":false,"widgetType":"image-box","elType":"widget"},{"id":"1c6e2848","settings":{"image":{"url":"https:\/\/www.rozvedcik-volejbal.cz\/wp-content\/uploads\/2021\/08\/R19_4.jpg","id":2786,"alt":"","source":"library"},"title_text":"\ud83c\udfc5&nbsp;4. m\u00edsto - t\u00fdm C&nbsp;\ud83c\udfc5","description_text":"Zleva: <i>B\u00e1ra, L\u00e9\u0148a&nbsp;P., Honza&nbsp;K., Hanka&nbsp;J., Luk\u00e1\u0161&nbsp;S., \u0160otek<\/i>","image_size":{"unit":"%","size":60,"sizes":[]},"title_bottom_space":{"unit":"px","size":20,"sizes":[]},"title_color":"#003E53","description_color":"#003E53","description_typography_typography":"custom","description_typography_font_family":"Montserrat","description_typography_font_weight":"500","__globals__":{"title_color":"globals\/colors?id=7fcabb5","description_typography_typography":"","description_color":"globals\/colors?id=7fcabb5"},"image_size_mobile":{"unit":"%","size":100,"sizes":[]},"_padding":{"unit":"px","top":"0","right":"0","bottom":"20","left":"0","isLinked":false},"_margin":{"unit":"px","top":"0","right":"0","bottom":"20","left":"0","isLinked":false}},"elements":[],"isInner":false,"widgetType":"image-box","elType":"widget"},{"id":"4811ec24","settings":{"image":{"url":"https:\/\/www.rozvedcik-volejbal.cz\/wp-content\/uploads\/2021\/08\/R19_5-scaled.jpg","id":2790,"alt":"","source":"library"},"title_text":"\ud83c\udfc5&nbsp;5. m\u00edsto - t\u00fdm A&nbsp;\ud83c\udfc5","description_text":"Zleva: <i>K\u00e1ja&nbsp;J. \u0160imon&nbsp;S., Simi&nbsp;Z., Mat\u011bj&nbsp;N., An\u010da, Karel&nbsp;M.<\/i>","image_size":{"unit":"%","size":60,"sizes":[]},"title_bottom_space":{"unit":"px","size":20,"sizes":[]},"title_color":"#003E53","description_color":"#003E53","description_typography_typography":"custom","description_typography_font_family":"Montserrat","description_typography_font_weight":"500","__globals__":{"title_color":"globals\/colors?id=7fcabb5","description_typography_typography":"","description_color":"globals\/colors?id=7fcabb5"},"image_size_mobile":{"unit":"%","size":100,"sizes":[]},"_padding":{"unit":"px","top":"0","right":"0","bottom":"20","left":"0","isLinked":false},"_margin":{"unit":"px","top":"0","right":"0","bottom":"20","left":"0","isLinked":false}},"elements":[],"isInner":false,"widgetType":"image-box","elType":"widget"},{"id":"3102ffb5","settings":{"ea_adv_data_table_static_html":"<thead><tr><th>Tabulka<\/th><th>T\u00fdm A<\/th><th>T\u00fdm B<\/th><th>T\u00fdm C<\/th><th>T\u00fdm D<\/th><th>T\u00fdm E<\/th><th>Body<\/th><th>M\u00ed\u010de<\/th><th>Po\u0159ad\u00ed<\/th><\/tr><\/thead><tbody><tr><td>T\u00fdm A<\/td><td>-<\/td><td><b><span style=\"font-size: 1.1em;\">0:2<\/span><\/b><br><i>18:25<\/i><br><i>26:28<\/i><\/td><td><b><span style=\"font-size: 1.1em;\">0:2<\/span><\/b><br><i>18:25<\/i><br><i>21:25<\/i><\/td><td><b><span style=\"font-size: 1.1em;\">0:2<\/span><\/b><br><i>19:25<\/i><br><i>16:25<\/i><\/td><td><b><span style=\"font-size: 1.1em;\">1:1<\/span><\/b><br><i>25:21<\/i><br><i>20:25<\/i><\/td><td>1<\/td><td>163:199<\/td><td>5.<\/td><\/tr><tr><td>T\u00fdm B<\/td><td><b><span style=\"font-size: 1.1em;\">2:0<\/span><\/b><br><i>25:18<\/i><br><i>28:26<\/i><\/td><td>-<\/td><td><b><span style=\"font-size: 1.1em;\">1:1<\/span><\/b><br><i>23:25<\/i><br><i>25:23<\/i><\/td><td><b><span style=\"font-size: 1.1em;\">1:1<\/span><\/b><br><i>25:21<\/i><br><i>19:25<\/i><\/td><td><b><span style=\"font-size: 1.1em;\">2:0<\/span><\/b><br><i>25:20<\/i><br><i>25:22<\/i><\/td><td>9<\/td><td>195:180<\/td><td>1.<\/td><\/tr><tr><td>T\u00fdm C<\/td><td><b><span style=\"font-size: 1.1em;\">2:0<\/span><\/b><br><i>25:18<\/i><br><i>25:21<\/i><\/td><td><b><span style=\"font-size: 1.1em;\">1:1<\/span><\/b><br><i>25:23<\/i><br><i>22:23<\/i><\/td><td>-<\/td><td><b><span style=\"font-size: 1.1em;\">1:1<\/span><\/b><br><i>19:25<\/i><br><i>26:24<\/i><\/td><td><b><span style=\"font-size: 1.1em;\">0:2<\/span><\/b><br><i>21:25<\/i><br><i>21:25<\/i><\/td><td>5<\/td><td>184:184<\/td><td>4.<\/td><\/tr><tr><td>T\u00fdm D<\/td><td><b><span style=\"font-size: 1.1em;\">2:0<\/span><\/b><br><i>25:19<\/i><br><i>25:16<\/i><\/td><td><b><span style=\"font-size: 1.1em;\">1:1<\/span><\/b><br><i>21:25<\/i><br><i>25:19<\/i><\/td><td><b><span style=\"font-size: 1.1em;\">1:1<\/span><\/b><br><i>25:19<\/i><br><i>24:26<\/i><\/td><td>-<\/td><td><b><span style=\"font-size: 1.1em;\">0:2<\/span><\/b><br><i>22:25<\/i><br><i>17:25<\/i><\/td><td>7<\/td><td>184:174<\/td><td>3<\/td><\/tr><tr><td>T\u00fdm E<\/td><td><b><span style=\"font-size: 1.1em;\">1:1<\/span><\/b><br><i>21:25<\/i><br><i>25:20<\/i><\/td><td><b><span style=\"font-size: 1.1em;\">0:2<\/span><\/b><br><i>20:25<\/i><br><i>22:25<\/i><\/td><td><b><span style=\"font-size: 1.1em;\">2:0<\/span><\/b><br><i>25:21<\/i><br><i>25:21<\/i><\/td><td><b><span style=\"font-size: 1.1em;\">2:0<\/span><\/b><br><i>25:22<\/i><br><i>25:17<\/i><\/td><td>-<\/td><td>8<\/td><td>188:176<\/td><td>2.<\/td><\/tr><\/tbody>","ea_adv_data_table_sort":"","ea_adv_data_table_search":"","ea_adv_data_table_search_placeholder":"Search","ea_adv_data_table_pagination":"","ea_adv_data_table_head_typography_typography":"custom","ea_adv_data_table_head_typography_font_family":"Montserrat","ea_adv_data_table_head_typography_font_size":{"unit":"px","size":20,"sizes":[]},"ea_adv_data_table_head_typography_font_weight":"600","ea_adv_data_table_head_horizontal_alignment":"center","ea_adv_data_table_head_color":"#FFFFFF","ea_adv_data_table_body_typography_typography":"custom","ea_adv_data_table_body_typography_font_family":"Montserrat","ea_adv_data_table_body_typography_font_size":{"unit":"px","size":18,"sizes":[]},"ea_adv_data_table_body_typography_font_weight":"500","ea_adv_data_table_body_horizontal_alignment":"center","ea_adv_data_table_body_color":"#003E53","ea_adv_data_table_body_background":"#FFFFFF","custom_css":"selector td {\n    min-width: 100px;\n}\n\nselector th {\n    font-size: 18px;\n}\n\nselector td:first-child {\n    background-color: #003E53 !important;\n    color: #ffffff;\n    font-weight: 600;\n}\n\nselector td:last-child {\n    font-weight: bold;\n}\n\nselector td:nth-last-child(4) {\n    border-right-color: #003E53;\n}\n\nselector td:nth-last-child(-n+3){\n    min-width: 90px;\n    background-color: #F8F8F8\n        !important;\n}\n\nselector th:first-child {\n    background-color: #13627D !important;\n    font-weight: normal;\n}\n    ","__globals__":{"ea_adv_data_table_body_color":"","ea_adv_data_table_body_background":"globals\/colors?id=primary","ea_adv_data_table_body_typography_typography":"","ea_adv_data_table_head_color":"globals\/colors?id=primary","ea_adv_data_table_head_background":"globals\/colors?id=7fcabb5","ea_adv_data_table_head_typography_typography":"globals\/typography?id=primary"},"_margin":{"unit":"px","top":"0","right":"0","bottom":"0","left":"0","isLinked":false}},"elements":[],"isInner":false,"widgetType":"eael-advanced-data-table","elType":"widget"}],"isInner":false,"elType":"column"}],"isInner":false,"elType":"section"},{"id":"26c510cf","settings":{"layout":"full_width","margin":{"unit":"px","top":"0","right":0,"bottom":"0","left":0,"isLinked":false}},"elements":[{"id":"1df2018c","settings":{"_column_size":100,"_inline_size":100,"margin":{"unit":"px","top":"0","right":"0","bottom":"0","left":"0","isLinked":false},"padding":{"unit":"px","top":"0","right":"0","bottom":"0","left":"0","isLinked":false}},"elements":[{"id":"c5337d6","settings":{"selected_icon":{"value":{"url":"https:\/\/www.rozvedcik-volejbal.cz\/wp-content\/uploads\/2022\/06\/chevron-up-circle-outline.svg","id":4402},"library":"svg"},"link":{"url":"#page-top","is_external":"","nofollow":"","custom_attributes":""},"align":"right","size":{"unit":"px","size":55,"sizes":[]},"_margin":{"unit":"px","top":"-20","right":"20","bottom":"0","left":"0","isLinked":false},"_padding":{"unit":"px","top":"0","right":"0","bottom":"0","left":"0","isLinked":true},"motion_fx_motion_fx_scrolling":"yes","motion_fx_translateY_effect":"yes","motion_fx_translateY_speed":{"unit":"px","size":2.5,"sizes":[]},"motion_fx_translateY_affectedRange":{"unit":"%","size":"","sizes":{"start":50,"end":100}},"motion_fx_opacity_range":{"unit":"%","size":"","sizes":{"start":0,"end":57}},"sticky":"bottom","sticky_offset":10,"__globals__":{"hover_primary_color":"globals\/colors?id=primary","primary_color":"globals\/colors?id=7fcabb5"}},"elements":[],"isInner":false,"widgetType":"icon","elType":"widget"}],"isInner":false,"elType":"column"}],"isInner":false,"elType":"section"}],"settings":{"template":"default","eael_ext_toc_title":"Table of Contents","background_background":"classic","__globals__":{"background_color":"globals\/colors?id=secondary"}},"metadata":[]}