{"content":[{"id":"4c1cc8d7","settings":{"background_background":"classic","__globals__":{"background_color":"globals\/colors?id=7fcabb5"},"content_width":{"unit":"px","size":1024,"sizes":[]}},"elements":[{"id":"67d48f97","settings":{"_column_size":100,"_inline_size":null},"elements":[{"id":"71928f95","settings":{"align_items":"center","submenu_icon":{"value":"fas fa-angle-down","library":"fa-solid"},"dropdown":"mobile","text_align":"center","menu_typography_typography":"custom","menu_typography_font_family":"Montserrat","menu_typography_font_weight":"600","color_menu_item":"#8DACA6","color_menu_item_hover":"#8DACA6","pointer_color_menu_item_hover":"#8DACA6","color_menu_item_active":"#8DACA6","pointer_color_menu_item_active":"#FFFFFF","dropdown_typography_typography":"custom","dropdown_typography_font_family":"Montserrat","dropdown_typography_font_size":{"unit":"px","size":16,"sizes":[]},"dropdown_typography_font_weight":"500","__globals__":{"menu_typography_typography":"globals\/typography?id=primary","color_menu_item":"globals\/colors?id=primary","color_menu_item_hover":"globals\/colors?id=primary","pointer_color_menu_item_hover":"globals\/colors?id=6e40ef7","color_menu_item_active":"globals\/colors?id=primary","pointer_color_menu_item_active":"globals\/colors?id=primary","dropdown_typography_typography":"","color_dropdown_item":"globals\/colors?id=7fcabb5","color_dropdown_item_hover":"globals\/colors?id=primary","background_color_dropdown_item_hover":"globals\/colors?id=6e40ef7","color_dropdown_item_active":"globals\/colors?id=6e40ef7","background_color_dropdown_item_active":"globals\/colors?id=primary","toggle_color":"globals\/colors?id=7fcabb5","toggle_background_color":"globals\/colors?id=secondary","toggle_color_hover":"globals\/colors?id=primary","toggle_background_color_hover":"globals\/colors?id=secondary","background_color_dropdown_item":"globals\/colors?id=primary"},"_z_index_mobile":1,"animation_line":"grow","toggle_size_mobile":{"unit":"px","size":20,"sizes":[]},"toggle_border_width_mobile":{"unit":"px","size":3,"sizes":[]},"toggle_border_radius_mobile":{"unit":"px","size":2,"sizes":[]}},"elements":[],"isInner":false,"widgetType":"nav-menu","elType":"widget"}],"isInner":false,"elType":"column"}],"isInner":false,"elType":"section"},{"id":"6019f722","settings":{"content_width":{"unit":"px","size":1024,"sizes":[]}},"elements":[{"id":"38bbb5aa","settings":{"_column_size":100,"_inline_size":null},"elements":[{"id":"57a2a98b","settings":{"gallery":[{"id":2544,"url":"https:\/\/www.rozvedcik-volejbal.cz\/wp-content\/uploads\/2021\/08\/233779029_531219748226999_5544537963507724315_n-3.jpg"},{"id":2536,"url":"https:\/\/www.rozvedcik-volejbal.cz\/wp-content\/uploads\/2021\/08\/231877390_863603884537964_3425826245961346628_n-3.jpg"},{"id":2535,"url":"https:\/\/www.rozvedcik-volejbal.cz\/wp-content\/uploads\/2021\/08\/231792494_220685989981389_7538797836044616923_n-3.jpg"},{"id":2534,"url":"https:\/\/www.rozvedcik-volejbal.cz\/wp-content\/uploads\/2021\/08\/231734153_508361173797729_738993438489702512_n-3.jpg"},{"id":2541,"url":"https:\/\/www.rozvedcik-volejbal.cz\/wp-content\/uploads\/2021\/08\/233120030_314804207058033_2504908583880132362_n-3.jpg"},{"id":2532,"url":"https:\/\/www.rozvedcik-volejbal.cz\/wp-content\/uploads\/2021\/08\/231644512_624054911910053_5328372632056588939_n-3.jpg"},{"id":2531,"url":"https:\/\/www.rozvedcik-volejbal.cz\/wp-content\/uploads\/2021\/08\/231636915_155264863383927_6127427731790505586_n-3.jpg"},{"id":2540,"url":"https:\/\/www.rozvedcik-volejbal.cz\/wp-content\/uploads\/2021\/08\/232609517_4221361654650887_7066713206054444096_n-3.jpg"},{"id":2530,"url":"https:\/\/www.rozvedcik-volejbal.cz\/wp-content\/uploads\/2021\/08\/231604566_5862712257132440_7576378328115720709_n-3.jpg"},{"id":2539,"url":"https:\/\/www.rozvedcik-volejbal.cz\/wp-content\/uploads\/2021\/08\/232565124_522205552176481_3548579228200392344_n-3.jpg"},{"id":2525,"url":"https:\/\/www.rozvedcik-volejbal.cz\/wp-content\/uploads\/2021\/08\/231365392_2321956697938370_7306713658339980574_n-3.jpg"},{"id":2523,"url":"https:\/\/www.rozvedcik-volejbal.cz\/wp-content\/uploads\/2021\/08\/231262536_348008350352123_230877160848470523_n-3.jpg"},{"id":2545,"url":"https:\/\/www.rozvedcik-volejbal.cz\/wp-content\/uploads\/2021\/08\/IMG_20190713_161837-3.jpg"},{"id":2521,"url":"https:\/\/www.rozvedcik-volejbal.cz\/wp-content\/uploads\/2021\/08\/231020380_1445196419175563_6790793829646674836_n-3.jpg"},{"id":2518,"url":"https:\/\/www.rozvedcik-volejbal.cz\/wp-content\/uploads\/2021\/08\/230550756_542410990405841_4451936338275788613_n-3.jpg"},{"id":2517,"url":"https:\/\/www.rozvedcik-volejbal.cz\/wp-content\/uploads\/2021\/08\/230543478_935042830745208_1671889548121104495_n-3.jpg"},{"id":2516,"url":"https:\/\/www.rozvedcik-volejbal.cz\/wp-content\/uploads\/2021\/08\/230164377_361241725722725_9006504713176153760_n-3.jpg"},{"id":2515,"url":"https:\/\/www.rozvedcik-volejbal.cz\/wp-content\/uploads\/2021\/08\/230083353_610815966990421_6127162670919491531_n-3.jpg"},{"id":2514,"url":"https:\/\/www.rozvedcik-volejbal.cz\/wp-content\/uploads\/2021\/08\/229671277_148087380801326_3475366278033344135_n-3.jpg"},{"id":2524,"url":"https:\/\/www.rozvedcik-volejbal.cz\/wp-content\/uploads\/2021\/08\/231360658_820333372185832_8379053260786157911_n-3.jpg"},{"id":2526,"url":"https:\/\/www.rozvedcik-volejbal.cz\/wp-content\/uploads\/2021\/08\/231520681_360021992228303_6539599395433252815_n-3.jpg"},{"id":2519,"url":"https:\/\/www.rozvedcik-volejbal.cz\/wp-content\/uploads\/2021\/08\/230792954_583391376157266_6969610034080116079_n-3.jpg"},{"id":2520,"url":"https:\/\/www.rozvedcik-volejbal.cz\/wp-content\/uploads\/2021\/08\/230993665_312176407022101_3802477309267662291_n-3.jpg"},{"id":2513,"url":"https:\/\/www.rozvedcik-volejbal.cz\/wp-content\/uploads\/2021\/08\/229557779_1373581803022938_6951385913981233623_n-3.jpg"},{"id":2512,"url":"https:\/\/www.rozvedcik-volejbal.cz\/wp-content\/uploads\/2021\/08\/229483918_585154919537286_5599094638361581291_n-3.jpg"},{"id":2510,"url":"https:\/\/www.rozvedcik-volejbal.cz\/wp-content\/uploads\/2021\/08\/226865778_791749004833476_2290094077487026721_n-3.jpg"},{"id":2528,"url":"https:\/\/www.rozvedcik-volejbal.cz\/wp-content\/uploads\/2021\/08\/231597140_620205812300717_6793365739269274019_n-3.jpg"},{"id":2543,"url":"https:\/\/www.rozvedcik-volejbal.cz\/wp-content\/uploads\/2021\/08\/233389644_520083469288700_8224133821070488746_n-3.jpg"},{"id":2542,"url":"https:\/\/www.rozvedcik-volejbal.cz\/wp-content\/uploads\/2021\/08\/233182049_564150134624718_1720918449369389853_n-3.jpg"},{"id":2509,"url":"https:\/\/www.rozvedcik-volejbal.cz\/wp-content\/uploads\/2021\/08\/226864516_3385197741613239_7630568889972634148_n-3.jpg"},{"id":2508,"url":"https:\/\/www.rozvedcik-volejbal.cz\/wp-content\/uploads\/2021\/08\/226683462_1000051084147440_2976141029655301471_n-3.jpg"},{"id":2537,"url":"https:\/\/www.rozvedcik-volejbal.cz\/wp-content\/uploads\/2021\/08\/232162829_224601792767249_4348872038484888336_n-3.jpg"},{"id":2533,"url":"https:\/\/www.rozvedcik-volejbal.cz\/wp-content\/uploads\/2021\/08\/231672913_596403614709112_8459572403857638571_n-3.jpg"},{"id":2538,"url":"https:\/\/www.rozvedcik-volejbal.cz\/wp-content\/uploads\/2021\/08\/232245444_353966882954216_8585104456376031905_n-3.jpg"},{"id":2529,"url":"https:\/\/www.rozvedcik-volejbal.cz\/wp-content\/uploads\/2021\/08\/231604559_1143425966152030_3161657021569604254_n-3.jpg"},{"id":2507,"url":"https:\/\/www.rozvedcik-volejbal.cz\/wp-content\/uploads\/2021\/08\/226592827_164500555772544_327427443796302630_n-3.jpg"},{"id":2522,"url":"https:\/\/www.rozvedcik-volejbal.cz\/wp-content\/uploads\/2021\/08\/231067734_878035189786106_3380502182377323221_n-3.jpg"},{"id":2527,"url":"https:\/\/www.rozvedcik-volejbal.cz\/wp-content\/uploads\/2021\/08\/231577599_152137903625687_598159201672119708_n-3.jpg"},{"id":2511,"url":"https:\/\/www.rozvedcik-volejbal.cz\/wp-content\/uploads\/2021\/08\/226925575_863329687894524_4427522961843133927_n-3.jpg"},{"id":2506,"url":"https:\/\/www.rozvedcik-volejbal.cz\/wp-content\/uploads\/2021\/08\/222704329_263113961942293_41354310563413181_n-3.jpg"},{"id":568,"url":"https:\/\/www.rozvedcik-volejbal.cz\/wp-content\/uploads\/2021\/07\/pohar-scaled.jpg"}],"galleries":[{"gallery_title":"New Gallery","_id":"635cb48"}],"columns":3,"thumbnail_image_size":"medium_large","show_all_galleries_label":"All","image_hover_animation":"grow","overlay_background":""},"elements":[],"isInner":false,"widgetType":"gallery","elType":"widget"}],"isInner":false,"elType":"column"}],"isInner":false,"elType":"section"}],"settings":{"template":"default","eael_ext_toc_title":"Table of Contents","background_background":"classic","__globals__":{"background_color":"globals\/colors?id=primary"}},"metadata":[]}