{"content":[{"id":"66c40dcd","settings":{"background_background":"classic","__globals__":{"background_color":"globals\/colors?id=7fcabb5"},"content_width":{"unit":"px","size":1024,"sizes":[]},"_element_id":"page-top","hide_mobile":"hidden-mobile"},"elements":[{"id":"385cb004","settings":{"_column_size":100,"_inline_size":null},"elements":[{"id":"4f1d4361","settings":{"align_items":"center","submenu_icon":{"value":"fas fa-angle-down","library":"fa-solid"},"dropdown":"mobile","text_align":"center","menu_typography_typography":"custom","menu_typography_font_family":"Montserrat","menu_typography_font_weight":"600","color_menu_item":"#8DACA6","color_menu_item_hover":"#8DACA6","pointer_color_menu_item_hover":"#8DACA6","color_menu_item_active":"#8DACA6","pointer_color_menu_item_active":"#FFFFFF","dropdown_typography_typography":"custom","dropdown_typography_font_family":"Montserrat","dropdown_typography_font_size":{"unit":"px","size":16,"sizes":[]},"dropdown_typography_font_weight":"500","__globals__":{"menu_typography_typography":"globals\/typography?id=primary","color_menu_item":"globals\/colors?id=primary","color_menu_item_hover":"globals\/colors?id=primary","pointer_color_menu_item_hover":"globals\/colors?id=6e40ef7","color_menu_item_active":"globals\/colors?id=primary","pointer_color_menu_item_active":"globals\/colors?id=primary","dropdown_typography_typography":"","color_dropdown_item":"globals\/colors?id=7fcabb5","color_dropdown_item_hover":"globals\/colors?id=primary","background_color_dropdown_item_hover":"globals\/colors?id=6e40ef7","color_dropdown_item_active":"globals\/colors?id=6e40ef7","background_color_dropdown_item_active":"globals\/colors?id=primary","toggle_color":"globals\/colors?id=7fcabb5","toggle_background_color":"globals\/colors?id=secondary","toggle_color_hover":"globals\/colors?id=primary","toggle_background_color_hover":"globals\/colors?id=secondary","background_color_dropdown_item":"globals\/colors?id=primary"},"_z_index_mobile":1,"animation_line":"grow","toggle_size_mobile":{"unit":"px","size":20,"sizes":[]},"toggle_border_width_mobile":{"unit":"px","size":3,"sizes":[]},"toggle_border_radius_mobile":{"unit":"px","size":2,"sizes":[]}},"elements":[],"isInner":false,"widgetType":"nav-menu","elType":"widget"}],"isInner":false,"elType":"column"}],"isInner":false,"elType":"section"},{"id":"70ffa8d6","settings":{"background_background":"classic","__globals__":{"background_color":"globals\/colors?id=7fcabb5"},"content_width":{"unit":"px","size":1024,"sizes":[]}},"elements":[{"id":"4db3ad7a","settings":{"_column_size":100,"_inline_size":null},"elements":[{"id":"510c874f","settings":{"title":"2020","align":"center","__globals__":{"title_color":"globals\/colors?id=primary","typography_typography":""},"title_color":"#FFFFFF","typography_typography":"custom","typography_font_family":"Montserrat","typography_font_weight":"400","typography_text_transform":"uppercase"},"elements":[],"isInner":false,"widgetType":"heading","elType":"widget"}],"isInner":false,"elType":"column"}],"isInner":false,"elType":"section"},{"id":"46701ff","settings":{"background_background":"classic","__globals__":{"background_color":"globals\/colors?id=7fcabb5"},"content_width":{"unit":"px","size":1024,"sizes":[]},"hide_desktop":"hidden-desktop","hide_tablet":"hidden-tablet"},"elements":[{"id":"640c7753","settings":{"_column_size":100,"_inline_size":null},"elements":[{"id":"6f960379","settings":{"align_items":"center","submenu_icon":{"value":"fas fa-angle-down","library":"fa-solid"},"dropdown":"mobile","text_align":"center","menu_typography_typography":"custom","menu_typography_font_family":"Montserrat","menu_typography_font_weight":"600","color_menu_item":"#8DACA6","color_menu_item_hover":"#8DACA6","pointer_color_menu_item_hover":"#8DACA6","color_menu_item_active":"#8DACA6","pointer_color_menu_item_active":"#FFFFFF","dropdown_typography_typography":"custom","dropdown_typography_font_family":"Montserrat","dropdown_typography_font_size":{"unit":"px","size":16,"sizes":[]},"dropdown_typography_font_weight":"500","__globals__":{"menu_typography_typography":"globals\/typography?id=primary","color_menu_item":"globals\/colors?id=primary","color_menu_item_hover":"globals\/colors?id=primary","pointer_color_menu_item_hover":"globals\/colors?id=6e40ef7","color_menu_item_active":"globals\/colors?id=primary","pointer_color_menu_item_active":"globals\/colors?id=primary","dropdown_typography_typography":"","color_dropdown_item":"globals\/colors?id=7fcabb5","color_dropdown_item_hover":"globals\/colors?id=primary","background_color_dropdown_item_hover":"globals\/colors?id=6e40ef7","color_dropdown_item_active":"globals\/colors?id=6e40ef7","background_color_dropdown_item_active":"globals\/colors?id=primary","toggle_color":"globals\/colors?id=7fcabb5","toggle_background_color":"globals\/colors?id=secondary","toggle_color_hover":"globals\/colors?id=primary","toggle_background_color_hover":"globals\/colors?id=secondary","background_color_dropdown_item":"globals\/colors?id=primary"},"_z_index_mobile":1,"animation_line":"grow","toggle_size_mobile":{"unit":"px","size":20,"sizes":[]},"toggle_border_width_mobile":{"unit":"px","size":3,"sizes":[]},"toggle_border_radius_mobile":{"unit":"px","size":2,"sizes":[]}},"elements":[],"isInner":false,"widgetType":"nav-menu","elType":"widget"}],"isInner":false,"elType":"column"}],"isInner":false,"elType":"section"},{"id":"53cefbf1","settings":{"structure":"20","background_background":"classic","__globals__":{"background_color_b":"globals\/colors?id=primary","background_color":"globals\/colors?id=secondary"},"content_width":{"unit":"px","size":1024,"sizes":[]}},"elements":[{"id":"182b7d9c","settings":{"_column_size":50,"_inline_size":null,"content_position":"top","padding":{"unit":"px","top":"15","right":"0","bottom":"15","left":"0","isLinked":false},"custom_css":"selector .elementor-widget-wrap {\r\n        flex-direction: column;\r\n}\r\n\r\nselector .elementor-widget-wrap .align-to-bottom {\r\n        margin-top: auto;\r\n}"},"elements":[{"id":"4814833a","settings":{"icon_list":[{"text":"18. 7. 2020","selected_icon":{"value":"far fa-calendar-alt","library":"fa-regular"},"_id":"7a469eb"},{"text":"29 hr\u00e1\u010d\u016f","selected_icon":{"value":"fas fa-users","library":"fa-solid"},"_id":"d7dca6f"},{"text":"Losov\u00e1n\u00ed: Dobble-5","selected_icon":{"value":"fas fa-dice","library":"fa-solid"},"_id":"68ad138"},{"_id":"834d463","text":"Syst\u00e9m: 5&nbsp;\u010dlenn\u00e1&nbsp;skupina + fin\u00e1le","selected_icon":{"value":"fas fa-table","library":"fa-solid"}}],"icon_align":"left","icon_self_align":"center","_padding":{"unit":"%","top":"0","right":"5","bottom":"0","left":"5","isLinked":false},"__globals__":{"icon_typography_typography":"","icon_color":"globals\/colors?id=7fcabb5","text_color":"globals\/colors?id=7fcabb5"},"icon_align_mobile":"left","_padding_mobile":{"unit":"px","top":"0","right":"0","bottom":"0","left":"15","isLinked":false},"view":"","space_between":{"unit":"px","size":4,"sizes":[]},"icon_color":"#003E53","icon_size":{"unit":"px","size":25,"sizes":[]},"text_color":"#003E53","text_indent":{"unit":"px","size":18,"sizes":[]},"icon_typography_typography":"custom","icon_typography_font_family":"Montserrat","icon_typography_font_size":{"unit":"px","size":21,"sizes":[]},"icon_typography_font_weight":"600"},"elements":[],"isInner":false,"widgetType":"icon-list","elType":"widget"},{"id":"705b61ee","settings":{"content_width":{"unit":"px","size":500,"sizes":[]},"structure":"20","custom_css":"@media(max-width: 767px){\n    selector .elementor-button-wrapper {\n        padding: 0 20%;\n    }\n}\n\n@media(max-width: 450px){\n    selector .elementor-button-wrapper {\n        padding: 0 10%;\n    }\n}","css_classes":"align-to-bottom"},"elements":[{"id":"1cd2af0","settings":{"_column_size":50,"_inline_size":null},"elements":[{"id":"2762412a","settings":{"text":"Turnaj 2019","link":{"url":"https:\/\/www.rozvedcik-volejbal.cz\/previous\/2019-all\/","is_external":"","nofollow":"","custom_attributes":""},"align":"justify","selected_icon":{"value":"fas fa-angle-double-left","library":"fa-solid"},"border_radius":{"unit":"px","top":"2","right":"2","bottom":"2","left":"2","isLinked":true},"__globals__":{"typography_typography":"globals\/typography?id=primary","button_text_color":"globals\/colors?id=7fcabb5","background_color":"","hover_color":"globals\/colors?id=primary"},"align_mobile":"justify","_z_index":1,"icon_indent":{"unit":"px","size":14,"sizes":[]},"_element_vertical_align":"flex-end","typography_typography":"custom","typography_font_family":"Montserrat","typography_font_weight":"600","button_text_color":"#003E53","background_color":"#789E97","hover_color":"#FFFFFF"},"elements":[],"isInner":false,"widgetType":"button","elType":"widget"}],"isInner":true,"elType":"column"},{"id":"645098d3","settings":{"_column_size":50,"_inline_size":null},"elements":[{"id":"2c0c470c","settings":{"text":"Turnaj 2021 - PROFI","link":{"url":"https:\/\/www.rozvedcik-volejbal.cz\/previous\/2021-profi\/","is_external":"","nofollow":"","custom_attributes":""},"align":"justify","selected_icon":{"value":"fas fa-angle-double-right","library":"fa-solid"},"icon_align":"right","border_radius":{"unit":"px","top":"2","right":"2","bottom":"2","left":"2","isLinked":true},"__globals__":{"typography_typography":"globals\/typography?id=primary","button_text_color":"globals\/colors?id=7fcabb5","background_color":"globals\/colors?id=a2c7b92","hover_color":"globals\/colors?id=primary"},"align_mobile":"justify","icon_indent":{"unit":"px","size":13,"sizes":[]},"_element_custom_width":{"unit":"px","size":235,"sizes":[]},"_element_vertical_align":"flex-start"},"elements":[],"isInner":false,"widgetType":"button","elType":"widget"}],"isInner":true,"elType":"column"}],"isInner":true,"elType":"section"}],"isInner":false,"elType":"column"},{"id":"59f1d679","settings":{"_column_size":50,"_inline_size":null,"custom_css":"@media (max-width: 767px){\r\n.eael-data-table-wrap {\r\n    overflow-x: scroll !important;\r\n    padding-bottom: 5px;\r\n}\r\n}","content_position":"space-between","padding":{"unit":"px","top":"15","right":"0","bottom":"15","left":"0","isLinked":false}},"elements":[{"id":"1abe552b","settings":{"carousel":[{"id":2565,"url":"https:\/\/www.rozvedcik-volejbal.cz\/wp-content\/uploads\/2021\/08\/20200718_184629-scaled.jpg"},{"id":2562,"url":"https:\/\/www.rozvedcik-volejbal.cz\/wp-content\/uploads\/2021\/08\/20200718_184341-scaled.jpg"},{"id":2591,"url":"https:\/\/www.rozvedcik-volejbal.cz\/wp-content\/uploads\/2021\/08\/20200718_201232-scaled.jpg"}],"thumbnail_size":"large","slides_to_show":"1"},"elements":[],"isInner":false,"widgetType":"image-carousel","elType":"widget"},{"id":"782579c0","settings":[],"elements":[{"id":"2a124fa","settings":{"_column_size":100,"_inline_size":null},"elements":[{"id":"1796fc13","settings":{"text":"V\u0161echny fotky","align":"center","selected_icon":{"value":"fas fa-angle-right","library":"fa-solid"},"icon_align":"right","border_radius":{"unit":"px","top":"2","right":"2","bottom":"2","left":"2","isLinked":true},"__globals__":{"typography_typography":"globals\/typography?id=primary","button_text_color":"globals\/colors?id=7fcabb5","background_color":"globals\/colors?id=a2c7b92","hover_color":"globals\/colors?id=primary"},"icon_indent":{"unit":"px","size":8,"sizes":[]},"link":{"url":"https:\/\/www.rozvedcik-volejbal.cz\/gallery\/2020-all\/","is_external":"","nofollow":"","custom_attributes":""}},"elements":[],"isInner":false,"widgetType":"button","elType":"widget"}],"isInner":true,"elType":"column"}],"isInner":true,"elType":"section"}],"isInner":false,"elType":"column"}],"isInner":false,"elType":"section"},{"id":"4fb5b4a1","settings":{"custom_height":{"unit":"px","size":200,"sizes":[]},"column_position":"top","background_background":"classic","__globals__":{"background_color":"globals\/colors?id=secondary"},"content_width":{"unit":"px","size":1024,"sizes":[]}},"elements":[{"id":"6483dc94","settings":{"_column_size":100,"_inline_size":null},"elements":[{"id":"6de51dc1","settings":{"look":"line_icon","text":"Odd\u011blova\u010d","icon":{"value":"fas fa-volleyball-ball","library":"fa-solid"},"weight":{"unit":"px","size":3,"sizes":[]},"gap":{"unit":"px","size":10,"sizes":[]},"icon_size":{"unit":"px","size":60,"sizes":[]},"icon_spacing":{"unit":"px","size":25,"sizes":[]},"rotate":{"unit":"deg","size":"","sizes":[]},"__globals__":{"color":"globals\/colors?id=7fcabb5","primary_color":"globals\/colors?id=7fcabb5"}},"elements":[],"isInner":false,"widgetType":"divider","elType":"widget"}],"isInner":false,"elType":"column"}],"isInner":false,"elType":"section"},{"id":"304f11a9","settings":{"content_width":{"unit":"px","size":1024,"sizes":[]}},"elements":[{"id":"78848479","settings":{"_column_size":100,"_inline_size":null},"elements":[{"id":"2011a618","settings":{"editor":"<p class=\"pseudo-paragraph\">Turnaj se hr\u00e1l ve skupin\u011b syst\u00e9mem ka\u017ed\u00fd s&nbsp;ka\u017ed\u00fdm. Dva nejlep\u0161\u00ed t\u00fdmy postoupily do fin\u00e1le.<\/p><br>\nJeden z&nbsp;t\u00fdm\u016f byl pouze p\u011bti\u010dlenn\u00fd, chyb\u011bl mu hr\u00e1\u010d kategorie Okurka. V ka\u017ed\u00e9m ze&nbsp;4&nbsp;z\u00e1pas\u016f skupiny dostal pevn\u011b p\u0159id\u011blen\u00e9ho jednoho hr\u00e1\u010de t\u00e9to kategorie. V&nbsp;p\u0159\u00edpad\u011b postupu do fin\u00e1le by si tento t\u00fdm volil ze&nbsp;3&nbsp;nehraj\u00edc\u00edch hr\u00e1\u010d\u016f t\u00e9to kategorie (t\u00fdm nicm\u00e9n\u011b nepostoupil).\n<br><br>\nZ\u00e1pasy se hr\u00e1ly na dva hran\u00e9 sety do&nbsp;25 (o&nbsp;2&nbsp;body) od stavu&nbsp;5:5. Bodovalo se italsk\u00fdm syst\u00e9mem - za v\u00edt\u011bzstv\u00ed&nbsp;2:0&nbsp;t\u0159i body, za vyhranou rem\u00edzu dva body, za prohranou rem\u00edzu jeden bod, za prohru&nbsp;0:2&nbsp;nula bod\u016f a za p\u0159esnou rem\u00edzu&nbsp;1.5&nbsp;bodu.\n<br><br>\nO po\u0159ad\u00ed ve skupin\u011b rozhodovaly postupn\u011b: po\u010det bod\u016f, vz\u00e1jemn\u00fd z\u00e1pas, pom\u011br m\u00ed\u010d\u016f, st\u0159i\u017eba kapit\u00e1n\u016f.\n<br><br>\nFin\u00e1le se hr\u00e1lo na dva v\u00edt\u011bzn\u00e9 sety. Prvn\u00ed dva sety do\u00a025 (o&nbsp;2&nbsp;body) od stavu&nbsp;5:5 a p\u0159\u00edpadn\u00fd tiebreak do&nbsp;15 (o&nbsp;2&nbsp;body) od stavu&nbsp;0:0.","text_color":"#003E53","typography_typography":"custom","typography_font_family":"Montserrat","typography_font_weight":"500","__globals__":{"text_color":"globals\/colors?id=7fcabb5","typography_typography":""},"align":"justify","custom_css":"selector .pseudo-paragraph {\n    text-align: left;\n}\n\n@media(max-width: 950px){\n    selector .pseudo-paragraph {\n        text-align: justify;\n    }\n}    \n\n@media(max-width: 600px){\n    selector .elementor-widget-container {\n        text-align: center;\n    }\n    selector .pseudo-paragraph {\n        text-align: center;\n    }\n}\n"},"elements":[],"isInner":false,"widgetType":"text-editor","elType":"widget"},{"id":"56043763","settings":{"image":{"url":"https:\/\/www.rozvedcik-volejbal.cz\/wp-content\/uploads\/2021\/08\/R20_1-scaled.jpg","id":2694,"alt":"","source":"library"},"title_text":"<img draggable=\"false\" role=\"img\" class=\"emoji\" alt=\"\ud83e\udd47\" src=\"https:\/\/s.w.org\/images\/core\/emoji\/13.1.0\/svg\/1f947.svg\">&nbsp;1. m\u00edsto - t\u00fdm 3&nbsp;<img draggable=\"false\" role=\"img\" class=\"emoji\" alt=\"\ud83e\udd47\" src=\"https:\/\/s.w.org\/images\/core\/emoji\/13.1.0\/svg\/1f947.svg\">","description_text":"1. m\u00edsto ve skupin\u011b, v\u00fdhra ve fin\u00e1le<br>\nZleva: <i>B\u00e1ra, Pajmi\u010d, Rony, Mates&nbsp;K., Zel\u00ed, Pavel&nbsp;J.<\/i>","image_size":{"unit":"%","size":60,"sizes":[]},"title_bottom_space":{"unit":"px","size":20,"sizes":[]},"title_color":"#003E53","description_color":"#003E53","description_typography_typography":"custom","description_typography_font_family":"Montserrat","description_typography_font_weight":"500","__globals__":{"title_color":"globals\/colors?id=7fcabb5","description_typography_typography":"","description_color":"globals\/colors?id=7fcabb5"},"image_size_mobile":{"unit":"%","size":100,"sizes":[]},"_padding":{"unit":"px","top":"0","right":"0","bottom":"20","left":"0","isLinked":false},"_margin":{"unit":"px","top":"0","right":"0","bottom":"20","left":"0","isLinked":false}},"elements":[],"isInner":false,"widgetType":"image-box","elType":"widget"},{"id":"4b3317ae","settings":{"image":{"url":"https:\/\/www.rozvedcik-volejbal.cz\/wp-content\/uploads\/2021\/08\/R21_2-scaled.jpg","id":2699,"alt":"","source":"library"},"title_text":"<img draggable=\"false\" role=\"img\" class=\"emoji\" alt=\"\ud83e\udd48\" src=\"https:\/\/s.w.org\/images\/core\/emoji\/13.1.0\/svg\/1f948.svg\">&nbsp;2. m\u00edsto - t\u00fdm 2&nbsp;<img draggable=\"false\" role=\"img\" class=\"emoji\" alt=\"\ud83e\udd48\" src=\"https:\/\/s.w.org\/images\/core\/emoji\/13.1.0\/svg\/1f948.svg\">","description_text":"2. m\u00edsto ve skupin\u011b, prohra ve fin\u00e1le<br>\nZleva: <i>Zuzka&nbsp;\u010c., Ondra&nbsp;K., B\u016f\u010fa, He\u0159mi, Mark\u00e9ta&nbsp;K., Mar\u0165a&nbsp;N.<\/i>","image_size":{"unit":"%","size":60,"sizes":[]},"title_bottom_space":{"unit":"px","size":20,"sizes":[]},"title_color":"#003E53","description_color":"#003E53","description_typography_typography":"custom","description_typography_font_family":"Montserrat","description_typography_font_weight":"500","__globals__":{"title_color":"globals\/colors?id=7fcabb5","description_typography_typography":"","description_color":"globals\/colors?id=7fcabb5"},"image_size_mobile":{"unit":"%","size":100,"sizes":[]},"_padding":{"unit":"px","top":"0","right":"0","bottom":"20","left":"0","isLinked":false},"_margin":{"unit":"px","top":"0","right":"0","bottom":"20","left":"0","isLinked":false}},"elements":[],"isInner":false,"widgetType":"image-box","elType":"widget"},{"id":"6e229516","settings":{"image":{"url":"https:\/\/www.rozvedcik-volejbal.cz\/wp-content\/uploads\/2021\/08\/R20_3-scaled.jpg","id":2710,"alt":"","source":"library"},"title_text":"<img draggable=\"false\" role=\"img\" class=\"emoji\" alt=\"\ud83e\udd49\" src=\"https:\/\/s.w.org\/images\/core\/emoji\/13.1.0\/svg\/1f949.svg\">&nbsp;3. m\u00edsto - t\u00fdm 4&nbsp;<img draggable=\"false\" role=\"img\" class=\"emoji\" alt=\"\ud83e\udd49\" src=\"https:\/\/s.w.org\/images\/core\/emoji\/13.1.0\/svg\/1f949.svg\">","description_text":"\nZleva stoj\u00edc\u00ed: <i>Roman, Tom\u00e1\u0161&nbsp;H., Karel&nbsp;M., \u0160imon&nbsp;S.<\/i><br>Zleva kle\u010d\u00edc\u00ed: <i>Aneta&nbsp;S., An\u010da<\/i>","image_size":{"unit":"%","size":60,"sizes":[]},"title_bottom_space":{"unit":"px","size":20,"sizes":[]},"title_color":"#003E53","description_color":"#003E53","description_typography_typography":"custom","description_typography_font_family":"Montserrat","description_typography_font_weight":"500","__globals__":{"title_color":"globals\/colors?id=7fcabb5","description_typography_typography":"","description_color":"globals\/colors?id=7fcabb5"},"image_size_mobile":{"unit":"%","size":100,"sizes":[]},"_padding":{"unit":"px","top":"0","right":"0","bottom":"20","left":"0","isLinked":false}},"elements":[],"isInner":false,"widgetType":"image-box","elType":"widget"},{"id":"5a75c4","settings":{"image":{"url":"https:\/\/www.rozvedcik-volejbal.cz\/wp-content\/uploads\/2021\/08\/R20_4-scaled.jpg","id":2711,"alt":"","source":"library"},"title_text":"<img draggable=\"false\" role=\"img\" class=\"emoji\" alt=\"\ud83c\udfc5\" src=\"https:\/\/s.w.org\/images\/core\/emoji\/13.1.0\/svg\/1f3c5.svg\">&nbsp;4. m\u00edsto - t\u00fdm 5&nbsp;<img draggable=\"false\" role=\"img\" class=\"emoji\" alt=\"\ud83c\udfc5\" src=\"https:\/\/s.w.org\/images\/core\/emoji\/13.1.0\/svg\/1f3c5.svg\">","description_text":"\nZleva stoj\u00edc\u00ed: <i>P\u00e9\u0165a&nbsp;J.,  Tom\u00e1\u0161&nbsp;\u010c., Luk\u00e1\u0161&nbsp;S., Vojta&nbsp;Hu.<\/i><br>Zleva kle\u010d\u00ed\u010d\u00ed: <i>Hanka&nbsp;J., Kali<\/i>","image_size":{"unit":"%","size":60,"sizes":[]},"title_bottom_space":{"unit":"px","size":20,"sizes":[]},"title_color":"#003E53","description_color":"#003E53","description_typography_typography":"custom","description_typography_font_family":"Montserrat","description_typography_font_weight":"500","__globals__":{"title_color":"globals\/colors?id=7fcabb5","description_typography_typography":"","description_color":"globals\/colors?id=7fcabb5"},"image_size_mobile":{"unit":"%","size":100,"sizes":[]},"_padding":{"unit":"px","top":"0","right":"0","bottom":"20","left":"0","isLinked":false},"_margin":{"unit":"px","top":"0","right":"0","bottom":"20","left":"0","isLinked":false}},"elements":[],"isInner":false,"widgetType":"image-box","elType":"widget"},{"id":"48ae522a","settings":{"image":{"url":"https:\/\/www.rozvedcik-volejbal.cz\/wp-content\/uploads\/2021\/08\/R20_5-scaled.jpg","id":2712,"alt":"","source":"library"},"title_text":"<img draggable=\"false\" role=\"img\" class=\"emoji\" alt=\"\ud83c\udfc5\" src=\"https:\/\/s.w.org\/images\/core\/emoji\/13.1.0\/svg\/1f3c5.svg\">&nbsp;5. m\u00edsto - t\u00fdm 1&nbsp;<img draggable=\"false\" role=\"img\" class=\"emoji\" alt=\"\ud83c\udfc5\" src=\"https:\/\/s.w.org\/images\/core\/emoji\/13.1.0\/svg\/1f3c5.svg\">","description_text":"Zleva stoj\u00edc\u00ed: <i>Lenka&nbsp;P., Ka\u010dka&nbsp;\u0160., Mat\u011bj&nbsp;N., Tom\u00e1\u0161&nbsp;\u010c. (prom\u011bnliv\u00fd hr\u00e1\u010d), F\u00ed\u010fa<\/i><br>Kle\u010d\u00edc\u00ed: <i>Vojta<\/i>","image_size":{"unit":"%","size":60,"sizes":[]},"title_bottom_space":{"unit":"px","size":20,"sizes":[]},"title_color":"#003E53","description_color":"#003E53","description_typography_typography":"custom","description_typography_font_family":"Montserrat","description_typography_font_weight":"500","__globals__":{"title_color":"globals\/colors?id=7fcabb5","description_typography_typography":"","description_color":"globals\/colors?id=7fcabb5"},"image_size_mobile":{"unit":"%","size":100,"sizes":[]},"_padding":{"unit":"px","top":"0","right":"0","bottom":"20","left":"0","isLinked":false},"_margin":{"unit":"px","top":"0","right":"0","bottom":"20","left":"0","isLinked":false}},"elements":[],"isInner":false,"widgetType":"image-box","elType":"widget"},{"id":"50a45bf7","settings":{"ea_adv_data_table_static_html":"<thead><tr><th>Tabulka<\/th><th>T\u00fdm 1<\/th><th>T\u00fdm 2<\/th><th>T\u00fdm 3<\/th><th>T\u00fdm 4<\/th><th>T\u00fdm 5<\/th><th>Body<\/th><th>M\u00ed\u010de<\/th><th>Po\u0159ad\u00ed<\/th><\/tr><\/thead><tbody><tr><td>T\u00fdm 1<\/td><td>-<\/td><td><b><span style=\"font-size: 1.1em;\">0:2<\/span><\/b><br><i>18:25<\/i><br><i>23:25<\/i><\/td><td><b><span style=\"font-size: 1.1em;\">0:2<\/span><\/b><br><i>19:25<\/i><br><i>25:27<\/i><\/td><td><b><span style=\"font-size: 1.1em;\">2:0<\/span><\/b><br><i>25:17<\/i><br><i>28:26<\/i><\/td><td><b><span style=\"font-size: 1.1em;\">0:2<\/span><\/b><br><i>16:25<\/i><br><i>17:25<\/i><\/td><td>3<\/td><td>171:195<\/td><td>2.<\/td><\/tr><tr><td>T\u00fdm 2<\/td><td><b><span style=\"font-size: 1.1em;\">2:0<\/span><\/b><br><i>25:18<\/i><br><i>25:23<\/i><\/td><td>-<\/td><td><b><span style=\"font-size: 1.1em;\">1:1<\/span><\/b><br><i>26:24<\/i><br><i>13:25<\/i><\/td><td><b><span style=\"font-size: 1.1em;\">1:1<\/span><\/b><br><i>25:21<\/i><br><i>20:25<\/i><\/td><td><b><span style=\"font-size: 1.1em;\">2:0<\/span><\/b><br><i>25:23<\/i><br><i>25:20<\/i><\/td><td>8<\/td><td>184:179<\/td><td>1.<\/td><\/tr><tr><td>T\u00fdm 3<\/td><td><b><span style=\"font-size: 1.1em;\">2:0<\/span><\/b><br><i>25:19<\/i><br><i>27:25<\/i><\/td><td><b><span style=\"font-size: 1.1em;\">1:1<\/span><\/b><br><i>24:26<\/i><br><i>25:13<\/i><\/td><td>-<\/td><td><b><span style=\"font-size: 1.1em;\">2:0<\/span><\/b><br><i>25:20<\/i><br><i>25:20<\/i><\/td><td><b><span style=\"font-size: 1.1em;\">2:0<\/span><\/b><br><i>25:15<\/i><br><i>25:16<\/i><\/td><td>11<\/td><td>201:154<\/td><td>4.<\/td><\/tr><tr><td>T\u00fdm 4<\/td><td><b><span style=\"font-size: 1.1em;\">0:2<\/span><\/b><br><i>17:25<\/i><br><i>28:26<\/i><\/td><td><b><span style=\"font-size: 1.1em;\">1:1<\/span><\/b><br><i>21:25<\/i><br><i>25:20<\/i><\/td><td><b><span style=\"font-size: 1.1em;\">0:2<\/span><\/b><br><i>20:25<\/i><br><i>20:25<\/i><\/td><td>-<\/td><td><b><span style=\"font-size: 1.1em;\">2:0<\/span><\/b><br><i>25:18<\/i><br><i>25:23<\/i><\/td><td>5<\/td><td>181:187<\/td><td>3.<\/td><\/tr><tr><td>T\u00fdm 5<\/td><td><b><span style=\"font-size: 1.1em;\">2:0<\/span><\/b><br><i>25:16<\/i><br><i>25:17<\/i><\/td><td><b><span style=\"font-size: 1.1em;\">0:2<\/span><\/b><br><i>23:25<\/i><br><i>20:25<\/i><\/td><td><b><span style=\"font-size: 1.1em;\">0:2<\/span><\/b><br><i>15:25<\/i><br><i>16:25<\/i><\/td><td><b><span style=\"font-size: 1.1em;\">0:2<\/span><\/b><br><i>18:25<\/i><br><i>23:25<\/i><\/td><td>-<\/td><td>3<\/td><td>165:183<\/td><td>3.<\/td><\/tr><\/tbody>","ea_adv_data_table_sort":"","ea_adv_data_table_search":"","ea_adv_data_table_search_placeholder":"Search","ea_adv_data_table_pagination":"","ea_adv_data_table_head_typography_typography":"custom","ea_adv_data_table_head_typography_font_family":"Montserrat","ea_adv_data_table_head_typography_font_size":{"unit":"px","size":20,"sizes":[]},"ea_adv_data_table_head_typography_font_weight":"600","ea_adv_data_table_head_horizontal_alignment":"center","ea_adv_data_table_head_color":"#FFFFFF","ea_adv_data_table_body_typography_typography":"custom","ea_adv_data_table_body_typography_font_family":"Montserrat","ea_adv_data_table_body_typography_font_size":{"unit":"px","size":18,"sizes":[]},"ea_adv_data_table_body_typography_font_weight":"500","ea_adv_data_table_body_horizontal_alignment":"center","ea_adv_data_table_body_color":"#003E53","ea_adv_data_table_body_background":"#FFFFFF","custom_css":"selector td {\n    min-width: 100px;\n}\n\nselector th {\n    font-size: 18px;\n}\n\nselector td:first-child {\n    background-color: #003E53 !important;\n    color: #ffffff;\n    font-weight: 600;\n}\n\nselector td:last-child {\n    font-weight: bold;\n}\n\nselector td:nth-last-child(4) {\n    border-right-color: #003E53;\n}\n\nselector td:nth-last-child(-n+3){\n    min-width: 90px;\n    background-color: #F8F8F8\n        !important;\n}\n\nselector th:first-child {\n    background-color: #13627D !important;\n    font-weight: normal;\n}\n    ","__globals__":{"ea_adv_data_table_body_color":"","ea_adv_data_table_body_background":"globals\/colors?id=primary","ea_adv_data_table_body_typography_typography":"","ea_adv_data_table_head_color":"globals\/colors?id=primary","ea_adv_data_table_head_background":"globals\/colors?id=7fcabb5","ea_adv_data_table_head_typography_typography":"globals\/typography?id=primary"},"_margin":{"unit":"px","top":"0","right":"0","bottom":"20","left":"0","isLinked":false},"_padding":{"unit":"px","top":"0","right":"0","bottom":"10","left":"0","isLinked":false}},"elements":[],"isInner":false,"widgetType":"eael-advanced-data-table","elType":"widget"},{"id":"1f784660","settings":{"editor":"<p style=\"text-align: center;\"><b>Fin\u00e1le<\/b><\/p>","text_color":"#003E53","typography_typography":"custom","typography_font_family":"Montserrat","typography_font_size":{"unit":"px","size":33,"sizes":[]},"typography_font_weight":"600","__globals__":{"text_color":"globals\/colors?id=7fcabb5","typography_typography":""},"_margin":{"unit":"px","top":"0","right":"0","bottom":"0","left":"0","isLinked":true},"_padding":{"unit":"px","top":"0","right":"0","bottom":"0","left":"0","isLinked":true}},"elements":[],"isInner":false,"widgetType":"text-editor","elType":"widget"},{"id":"462b8dae","settings":{"editor":"<p style=\"text-align: center;\"><b>T\u00fdm 3 - T\u00fdm 2\u00a0 \u00a0 \u00a02:0<\/b> <i>(25:12, 25:17)<\/i><\/p>","text_color":"#003E53","typography_typography":"custom","typography_font_family":"Montserrat","typography_font_size":{"unit":"px","size":23,"sizes":[]},"typography_font_weight":"600","__globals__":{"text_color":"globals\/colors?id=7fcabb5","typography_typography":""},"_margin":{"unit":"px","top":"-20","right":"0","bottom":"0","left":"0","isLinked":false},"_padding":{"unit":"px","top":"0","right":"0","bottom":"0","left":"0","isLinked":false}},"elements":[],"isInner":false,"widgetType":"text-editor","elType":"widget"}],"isInner":false,"elType":"column"}],"isInner":false,"elType":"section"},{"id":"1eb01e8","settings":{"layout":"full_width"},"elements":[{"id":"6b8c819b","settings":{"_column_size":100,"_inline_size":null,"margin":{"unit":"px","top":"0","right":"0","bottom":"0","left":"0","isLinked":false},"padding":{"unit":"px","top":"0","right":"0","bottom":"0","left":"0","isLinked":false}},"elements":[{"id":"470d19fe","settings":{"selected_icon":{"value":{"url":"https:\/\/www.rozvedcik-volejbal.cz\/wp-content\/uploads\/2022\/06\/chevron-up-circle-outline.svg","id":4402},"library":"svg"},"link":{"url":"#page-top","is_external":"","nofollow":"","custom_attributes":""},"align":"right","size":{"unit":"px","size":55,"sizes":[]},"_margin":{"unit":"px","top":"-20","right":"20","bottom":"0","left":"0","isLinked":false},"_padding":{"unit":"px","top":"0","right":"0","bottom":"0","left":"0","isLinked":true},"motion_fx_motion_fx_scrolling":"yes","motion_fx_translateY_effect":"yes","motion_fx_translateY_speed":{"unit":"px","size":2.5,"sizes":[]},"motion_fx_translateY_affectedRange":{"unit":"%","size":"","sizes":{"start":50,"end":100}},"motion_fx_opacity_range":{"unit":"%","size":"","sizes":{"start":0,"end":57}},"sticky":"bottom","sticky_offset":10,"__globals__":{"hover_primary_color":"globals\/colors?id=primary","primary_color":"globals\/colors?id=7fcabb5"}},"elements":[],"isInner":false,"widgetType":"icon","elType":"widget"}],"isInner":false,"elType":"column"}],"isInner":false,"elType":"section"}],"settings":{"template":"default","eael_ext_toc_title":"Table of Contents","background_background":"classic","__globals__":{"background_color":"globals\/colors?id=secondary"}},"metadata":[]}