{"content":[{"id":"7c02b94","settings":{"background_background":"classic","__globals__":{"background_color":"globals\/colors?id=7fcabb5"},"content_width":{"unit":"px","size":1024,"sizes":[]}},"elements":[{"id":"89b62f0","settings":{"_column_size":100,"_inline_size":null},"elements":[{"id":"3cd2be4a","settings":{"align_items":"center","submenu_icon":{"value":"fas fa-angle-down","library":"fa-solid"},"dropdown":"mobile","text_align":"center","menu_typography_typography":"custom","menu_typography_font_family":"Montserrat","menu_typography_font_weight":"600","color_menu_item":"#8DACA6","color_menu_item_hover":"#8DACA6","pointer_color_menu_item_hover":"#8DACA6","color_menu_item_active":"#8DACA6","pointer_color_menu_item_active":"#FFFFFF","dropdown_typography_typography":"custom","dropdown_typography_font_family":"Montserrat","dropdown_typography_font_size":{"unit":"px","size":16,"sizes":[]},"dropdown_typography_font_weight":"500","__globals__":{"menu_typography_typography":"globals\/typography?id=primary","color_menu_item":"globals\/colors?id=primary","color_menu_item_hover":"globals\/colors?id=primary","pointer_color_menu_item_hover":"globals\/colors?id=6e40ef7","color_menu_item_active":"globals\/colors?id=primary","pointer_color_menu_item_active":"globals\/colors?id=primary","dropdown_typography_typography":"","color_dropdown_item":"globals\/colors?id=7fcabb5","color_dropdown_item_hover":"globals\/colors?id=primary","background_color_dropdown_item_hover":"globals\/colors?id=6e40ef7","color_dropdown_item_active":"globals\/colors?id=6e40ef7","background_color_dropdown_item_active":"globals\/colors?id=primary","toggle_color":"globals\/colors?id=7fcabb5","toggle_background_color":"globals\/colors?id=secondary","toggle_color_hover":"globals\/colors?id=primary","toggle_background_color_hover":"globals\/colors?id=secondary","background_color_dropdown_item":"globals\/colors?id=primary"},"_z_index_mobile":1,"animation_line":"grow","toggle_size_mobile":{"unit":"px","size":20,"sizes":[]},"toggle_border_width_mobile":{"unit":"px","size":3,"sizes":[]},"toggle_border_radius_mobile":{"unit":"px","size":2,"sizes":[]}},"elements":[],"isInner":false,"widgetType":"nav-menu","elType":"widget"}],"isInner":false,"elType":"column"}],"isInner":false,"elType":"section"},{"id":"1440c03d","settings":[],"elements":[{"id":"55e746e4","settings":{"_column_size":100,"_inline_size":null},"elements":[{"id":"13a76aae","settings":{"galleries":[{"gallery_title":"New Gallery","_id":"635cb48"}],"columns":3,"thumbnail_image_size":"medium_large","show_all_galleries_label":"All","overlay_title":"caption","image_hover_animation":"grow","gallery":[{"id":3010,"url":"https:\/\/www.rozvedcik-volejbal.cz\/wp-content\/uploads\/2021\/08\/20210807_091150-scaled.jpg"},{"id":3011,"url":"https:\/\/www.rozvedcik-volejbal.cz\/wp-content\/uploads\/2021\/08\/20210807_140222-scaled.jpg"},{"id":3012,"url":"https:\/\/www.rozvedcik-volejbal.cz\/wp-content\/uploads\/2021\/08\/20210807_140611-scaled.jpg"},{"id":3013,"url":"https:\/\/www.rozvedcik-volejbal.cz\/wp-content\/uploads\/2021\/08\/20210807_140618-scaled.jpg"},{"id":3014,"url":"https:\/\/www.rozvedcik-volejbal.cz\/wp-content\/uploads\/2021\/08\/20210807_141858-scaled.jpg"},{"id":3015,"url":"https:\/\/www.rozvedcik-volejbal.cz\/wp-content\/uploads\/2021\/08\/20210807_141922-scaled.jpg"},{"id":3016,"url":"https:\/\/www.rozvedcik-volejbal.cz\/wp-content\/uploads\/2021\/08\/20210807_141955-scaled.jpg"},{"id":3017,"url":"https:\/\/www.rozvedcik-volejbal.cz\/wp-content\/uploads\/2021\/08\/20210807_142004-scaled.jpg"},{"id":3018,"url":"https:\/\/www.rozvedcik-volejbal.cz\/wp-content\/uploads\/2021\/08\/20210807_142201-scaled.jpg"},{"id":3019,"url":"https:\/\/www.rozvedcik-volejbal.cz\/wp-content\/uploads\/2021\/08\/20210807_142359-scaled.jpg"},{"id":3020,"url":"https:\/\/www.rozvedcik-volejbal.cz\/wp-content\/uploads\/2021\/08\/20210807_144744-scaled.jpg"},{"id":3021,"url":"https:\/\/www.rozvedcik-volejbal.cz\/wp-content\/uploads\/2021\/08\/20210807_144853-scaled.jpg"},{"id":3022,"url":"https:\/\/www.rozvedcik-volejbal.cz\/wp-content\/uploads\/2021\/08\/20210807_145025-scaled.jpg"},{"id":3023,"url":"https:\/\/www.rozvedcik-volejbal.cz\/wp-content\/uploads\/2021\/08\/20210807_182313-scaled.jpg"},{"id":3028,"url":"https:\/\/www.rozvedcik-volejbal.cz\/wp-content\/uploads\/2021\/08\/IMG_5685-scaled.jpg"},{"id":3029,"url":"https:\/\/www.rozvedcik-volejbal.cz\/wp-content\/uploads\/2021\/08\/IMG_5686-scaled.jpg"},{"id":3030,"url":"https:\/\/www.rozvedcik-volejbal.cz\/wp-content\/uploads\/2021\/08\/IMG_5687-scaled.jpg"},{"id":3031,"url":"https:\/\/www.rozvedcik-volejbal.cz\/wp-content\/uploads\/2021\/08\/IMG_5691-scaled.jpg"},{"id":3032,"url":"https:\/\/www.rozvedcik-volejbal.cz\/wp-content\/uploads\/2021\/08\/IMG_5692-scaled.jpg"},{"id":3033,"url":"https:\/\/www.rozvedcik-volejbal.cz\/wp-content\/uploads\/2021\/08\/IMG_5697-scaled.jpg"},{"id":3034,"url":"https:\/\/www.rozvedcik-volejbal.cz\/wp-content\/uploads\/2021\/08\/IMG_5703-scaled.jpg"},{"id":3035,"url":"https:\/\/www.rozvedcik-volejbal.cz\/wp-content\/uploads\/2021\/08\/IMG_5708-scaled.jpg"},{"id":3036,"url":"https:\/\/www.rozvedcik-volejbal.cz\/wp-content\/uploads\/2021\/08\/IMG_5711-scaled.jpg"},{"id":3037,"url":"https:\/\/www.rozvedcik-volejbal.cz\/wp-content\/uploads\/2021\/08\/IMG_5715-scaled.jpg"},{"id":3038,"url":"https:\/\/www.rozvedcik-volejbal.cz\/wp-content\/uploads\/2021\/08\/IMG_5741-scaled.jpg"},{"id":3039,"url":"https:\/\/www.rozvedcik-volejbal.cz\/wp-content\/uploads\/2021\/08\/IMG_5742-scaled.jpg"},{"id":3040,"url":"https:\/\/www.rozvedcik-volejbal.cz\/wp-content\/uploads\/2021\/08\/IMG_5743-scaled.jpg"},{"id":3041,"url":"https:\/\/www.rozvedcik-volejbal.cz\/wp-content\/uploads\/2021\/08\/IMG_5750-scaled.jpg"},{"id":3042,"url":"https:\/\/www.rozvedcik-volejbal.cz\/wp-content\/uploads\/2021\/08\/IMG_5754-scaled.jpg"},{"id":3043,"url":"https:\/\/www.rozvedcik-volejbal.cz\/wp-content\/uploads\/2021\/08\/IMG_5760-scaled.jpg"},{"id":3044,"url":"https:\/\/www.rozvedcik-volejbal.cz\/wp-content\/uploads\/2021\/08\/IMG_5768-scaled.jpg"},{"id":3045,"url":"https:\/\/www.rozvedcik-volejbal.cz\/wp-content\/uploads\/2021\/08\/IMG_5794-scaled.jpg"},{"id":3046,"url":"https:\/\/www.rozvedcik-volejbal.cz\/wp-content\/uploads\/2021\/08\/IMG_5796-scaled.jpg"},{"id":3047,"url":"https:\/\/www.rozvedcik-volejbal.cz\/wp-content\/uploads\/2021\/08\/IMG_5799-scaled.jpg"},{"id":3048,"url":"https:\/\/www.rozvedcik-volejbal.cz\/wp-content\/uploads\/2021\/08\/IMG_5835-scaled.jpg"},{"id":3049,"url":"https:\/\/www.rozvedcik-volejbal.cz\/wp-content\/uploads\/2021\/08\/IMG_5839-scaled.jpg"},{"id":3050,"url":"https:\/\/www.rozvedcik-volejbal.cz\/wp-content\/uploads\/2021\/08\/IMG_5842-scaled.jpg"},{"id":3051,"url":"https:\/\/www.rozvedcik-volejbal.cz\/wp-content\/uploads\/2021\/08\/IMG_5855-scaled.jpg"},{"id":3052,"url":"https:\/\/www.rozvedcik-volejbal.cz\/wp-content\/uploads\/2021\/08\/IMG_5856-scaled.jpg"},{"id":3053,"url":"https:\/\/www.rozvedcik-volejbal.cz\/wp-content\/uploads\/2021\/08\/IMG_5857-scaled.jpg"},{"id":3054,"url":"https:\/\/www.rozvedcik-volejbal.cz\/wp-content\/uploads\/2021\/08\/IMG_5860-scaled.jpg"},{"id":3055,"url":"https:\/\/www.rozvedcik-volejbal.cz\/wp-content\/uploads\/2021\/08\/IMG_5865-scaled.jpg"},{"id":3056,"url":"https:\/\/www.rozvedcik-volejbal.cz\/wp-content\/uploads\/2021\/08\/IMG_5866-scaled.jpg"},{"id":3057,"url":"https:\/\/www.rozvedcik-volejbal.cz\/wp-content\/uploads\/2021\/08\/IMG_5868-scaled.jpg"},{"id":3058,"url":"https:\/\/www.rozvedcik-volejbal.cz\/wp-content\/uploads\/2021\/08\/IMG_5889-scaled.jpg"},{"id":3059,"url":"https:\/\/www.rozvedcik-volejbal.cz\/wp-content\/uploads\/2021\/08\/IMG_5892-scaled.jpg"},{"id":3060,"url":"https:\/\/www.rozvedcik-volejbal.cz\/wp-content\/uploads\/2021\/08\/IMG_5893-scaled.jpg"},{"id":3061,"url":"https:\/\/www.rozvedcik-volejbal.cz\/wp-content\/uploads\/2021\/08\/IMG_5895-scaled.jpg"},{"id":3062,"url":"https:\/\/www.rozvedcik-volejbal.cz\/wp-content\/uploads\/2021\/08\/IMG_5899-scaled.jpg"},{"id":3063,"url":"https:\/\/www.rozvedcik-volejbal.cz\/wp-content\/uploads\/2021\/08\/IMG_5914-scaled.jpg"},{"id":3064,"url":"https:\/\/www.rozvedcik-volejbal.cz\/wp-content\/uploads\/2021\/08\/IMG_5937-scaled.jpg"},{"id":3065,"url":"https:\/\/www.rozvedcik-volejbal.cz\/wp-content\/uploads\/2021\/08\/IMG_5942-scaled.jpg"},{"id":3066,"url":"https:\/\/www.rozvedcik-volejbal.cz\/wp-content\/uploads\/2021\/08\/IMG_5950-scaled.jpg"},{"id":3067,"url":"https:\/\/www.rozvedcik-volejbal.cz\/wp-content\/uploads\/2021\/08\/IMG_5958-scaled.jpg"},{"id":3068,"url":"https:\/\/www.rozvedcik-volejbal.cz\/wp-content\/uploads\/2021\/08\/IMG_5964-scaled.jpg"},{"id":3069,"url":"https:\/\/www.rozvedcik-volejbal.cz\/wp-content\/uploads\/2021\/08\/IMG_5969-scaled.jpg"},{"id":3070,"url":"https:\/\/www.rozvedcik-volejbal.cz\/wp-content\/uploads\/2021\/08\/IMG_5992-scaled.jpg"},{"id":3071,"url":"https:\/\/www.rozvedcik-volejbal.cz\/wp-content\/uploads\/2021\/08\/IMG_6008-scaled.jpg"},{"id":3072,"url":"https:\/\/www.rozvedcik-volejbal.cz\/wp-content\/uploads\/2021\/08\/IMG_6009-scaled.jpg"},{"id":3073,"url":"https:\/\/www.rozvedcik-volejbal.cz\/wp-content\/uploads\/2021\/08\/IMG_6035-scaled.jpg"},{"id":3074,"url":"https:\/\/www.rozvedcik-volejbal.cz\/wp-content\/uploads\/2021\/08\/IMG_6036-scaled.jpg"},{"id":3075,"url":"https:\/\/www.rozvedcik-volejbal.cz\/wp-content\/uploads\/2021\/08\/IMG_6044-scaled.jpg"},{"id":3076,"url":"https:\/\/www.rozvedcik-volejbal.cz\/wp-content\/uploads\/2021\/08\/IMG_6045-scaled.jpg"},{"id":3077,"url":"https:\/\/www.rozvedcik-volejbal.cz\/wp-content\/uploads\/2021\/08\/IMG_6046-scaled.jpg"},{"id":3078,"url":"https:\/\/www.rozvedcik-volejbal.cz\/wp-content\/uploads\/2021\/08\/IMG_6053-scaled.jpg"},{"id":3079,"url":"https:\/\/www.rozvedcik-volejbal.cz\/wp-content\/uploads\/2021\/08\/IMG_6054-scaled.jpg"},{"id":3080,"url":"https:\/\/www.rozvedcik-volejbal.cz\/wp-content\/uploads\/2021\/08\/IMG_6059-scaled.jpg"},{"id":3081,"url":"https:\/\/www.rozvedcik-volejbal.cz\/wp-content\/uploads\/2021\/08\/IMG_6060-scaled.jpg"},{"id":3082,"url":"https:\/\/www.rozvedcik-volejbal.cz\/wp-content\/uploads\/2021\/08\/IMG_6073-scaled.jpg"},{"id":3083,"url":"https:\/\/www.rozvedcik-volejbal.cz\/wp-content\/uploads\/2021\/08\/IMG_6074-scaled.jpg"},{"id":3084,"url":"https:\/\/www.rozvedcik-volejbal.cz\/wp-content\/uploads\/2021\/08\/IMG_6076-scaled.jpg"},{"id":3085,"url":"https:\/\/www.rozvedcik-volejbal.cz\/wp-content\/uploads\/2021\/08\/IMG_6078-scaled.jpg"},{"id":3086,"url":"https:\/\/www.rozvedcik-volejbal.cz\/wp-content\/uploads\/2021\/08\/IMG_6084-scaled.jpg"},{"id":3087,"url":"https:\/\/www.rozvedcik-volejbal.cz\/wp-content\/uploads\/2021\/08\/IMG_6086-scaled.jpg"},{"id":3088,"url":"https:\/\/www.rozvedcik-volejbal.cz\/wp-content\/uploads\/2021\/08\/IMG_6095-scaled.jpg"},{"id":3089,"url":"https:\/\/www.rozvedcik-volejbal.cz\/wp-content\/uploads\/2021\/08\/IMG_6119-scaled.jpg"},{"id":3090,"url":"https:\/\/www.rozvedcik-volejbal.cz\/wp-content\/uploads\/2021\/08\/IMG_6123-scaled.jpg"},{"id":3091,"url":"https:\/\/www.rozvedcik-volejbal.cz\/wp-content\/uploads\/2021\/08\/IMG_6125-scaled.jpg"},{"id":3092,"url":"https:\/\/www.rozvedcik-volejbal.cz\/wp-content\/uploads\/2021\/08\/IMG_6128-scaled.jpg"},{"id":3024,"url":"https:\/\/www.rozvedcik-volejbal.cz\/wp-content\/uploads\/2021\/08\/20210807_183226-scaled.jpg"},{"id":3093,"url":"https:\/\/www.rozvedcik-volejbal.cz\/wp-content\/uploads\/2021\/08\/IMG_6133-scaled.jpg"},{"id":3094,"url":"https:\/\/www.rozvedcik-volejbal.cz\/wp-content\/uploads\/2021\/08\/IMG_6135-scaled.jpg"},{"id":3095,"url":"https:\/\/www.rozvedcik-volejbal.cz\/wp-content\/uploads\/2021\/08\/IMG_6138-scaled.jpg"},{"id":3096,"url":"https:\/\/www.rozvedcik-volejbal.cz\/wp-content\/uploads\/2021\/08\/IMG_6143-scaled.jpg"},{"id":3097,"url":"https:\/\/www.rozvedcik-volejbal.cz\/wp-content\/uploads\/2021\/08\/IMG_6144-scaled.jpg"},{"id":3098,"url":"https:\/\/www.rozvedcik-volejbal.cz\/wp-content\/uploads\/2021\/08\/IMG_6147-scaled.jpg"},{"id":3026,"url":"https:\/\/www.rozvedcik-volejbal.cz\/wp-content\/uploads\/2021\/08\/20210807_221144-scaled.jpg"}]},"elements":[],"isInner":false,"widgetType":"gallery","elType":"widget"}],"isInner":false,"elType":"column"}],"isInner":false,"elType":"section"}],"settings":{"template":"default","eael_ext_toc_title":"Table of Contents"},"metadata":[]}