{"content":[{"id":"70b984a2","settings":{"background_background":"classic","__globals__":{"background_color":"globals\/colors?id=7fcabb5"},"content_width":{"unit":"px","size":1024,"sizes":[]},"_element_id":"page-top"},"elements":[{"id":"4a8e4f9d","settings":{"_column_size":100,"_inline_size":null},"elements":[{"id":"674d1aa2","settings":{"align_items":"center","submenu_icon":{"value":"fas fa-angle-down","library":"fa-solid"},"dropdown":"mobile","text_align":"center","menu_typography_typography":"custom","menu_typography_font_family":"Montserrat","menu_typography_font_weight":"600","color_menu_item":"#8DACA6","color_menu_item_hover":"#8DACA6","pointer_color_menu_item_hover":"#8DACA6","color_menu_item_active":"#8DACA6","pointer_color_menu_item_active":"#FFFFFF","dropdown_typography_typography":"custom","dropdown_typography_font_family":"Montserrat","dropdown_typography_font_size":{"unit":"px","size":16,"sizes":[]},"dropdown_typography_font_weight":"500","__globals__":{"menu_typography_typography":"globals\/typography?id=primary","color_menu_item":"globals\/colors?id=primary","color_menu_item_hover":"globals\/colors?id=primary","pointer_color_menu_item_hover":"globals\/colors?id=6e40ef7","color_menu_item_active":"globals\/colors?id=primary","pointer_color_menu_item_active":"globals\/colors?id=primary","dropdown_typography_typography":"","color_dropdown_item":"globals\/colors?id=7fcabb5","color_dropdown_item_hover":"globals\/colors?id=primary","background_color_dropdown_item_hover":"globals\/colors?id=6e40ef7","color_dropdown_item_active":"globals\/colors?id=6e40ef7","background_color_dropdown_item_active":"globals\/colors?id=primary","toggle_color":"globals\/colors?id=7fcabb5","toggle_background_color":"globals\/colors?id=secondary","toggle_color_hover":"globals\/colors?id=primary","toggle_background_color_hover":"globals\/colors?id=secondary","background_color_dropdown_item":"globals\/colors?id=primary"},"_z_index_mobile":1,"animation_line":"grow","toggle_size_mobile":{"unit":"px","size":20,"sizes":[]},"toggle_border_width_mobile":{"unit":"px","size":3,"sizes":[]},"toggle_border_radius_mobile":{"unit":"px","size":2,"sizes":[]}},"elements":[],"isInner":false,"widgetType":"nav-menu","elType":"widget"}],"isInner":false,"elType":"column"}],"isInner":false,"elType":"section"},{"id":"6d25aa29","settings":{"background_background":"classic","__globals__":{"background_color":"globals\/colors?id=7fcabb5"},"content_width":{"unit":"px","size":1024,"sizes":[]}},"elements":[{"id":"704c94e3","settings":{"_column_size":100,"_inline_size":null},"elements":[{"id":"23f45c9c","settings":{"title":"2021 - beach","align":"center","__globals__":{"title_color":"globals\/colors?id=primary","typography_typography":""},"title_color":"#FFFFFF","typography_typography":"custom","typography_font_family":"Montserrat","typography_font_weight":"400","typography_text_transform":"uppercase"},"elements":[],"isInner":false,"widgetType":"heading","elType":"widget"}],"isInner":false,"elType":"column"}],"isInner":false,"elType":"section"},{"id":"43bca31a","settings":{"structure":"20","background_background":"classic","__globals__":{"background_color_b":"globals\/colors?id=primary","background_color":"globals\/colors?id=secondary"},"content_width":{"unit":"px","size":1024,"sizes":[]}},"elements":[{"id":"10ad1521","settings":{"_column_size":50,"_inline_size":null,"content_position":"top","padding":{"unit":"px","top":"15","right":"0","bottom":"15","left":"0","isLinked":false},"custom_css":"selector .elementor-widget-wrap {\r\n        flex-direction: column;\r\n}\r\n\r\nselector .elementor-widget-wrap .align-to-bottom {\r\n        margin-top: auto;\r\n}"},"elements":[{"id":"35efb7d3","settings":{"icon_list":[{"text":"18.&nbsp;12.&nbsp;2021","selected_icon":{"value":"far fa-calendar-alt","library":"fa-regular"},"_id":"7a469eb"},{"text":"18&nbsp;hr\u00e1\u010d\u016f","selected_icon":{"value":"fas fa-users","library":"fa-solid"},"_id":"d7dca6f"},{"text":"Losov\u00e1n\u00ed: N\u00e1hodn\u00e9","selected_icon":{"value":"fas fa-dice","library":"fa-solid"},"_id":"68ad138"},{"_id":"834d463","text":"Syst\u00e9m: Dv\u011b roz\u0159azovac\u00ed skupiny 5 kluk\u016f a 4 holek, play-out kluk\u016f, play-off fixn\u00edch p\u00e1r\u016f","selected_icon":{"value":"fas fa-table","library":"fa-solid"}}],"icon_align":"left","icon_self_align":"center","_padding":{"unit":"%","top":"0","right":"5","bottom":"0","left":"5","isLinked":false},"__globals__":{"icon_typography_typography":"","icon_color":"globals\/colors?id=7fcabb5","text_color":"globals\/colors?id=7fcabb5"},"icon_align_mobile":"left","_padding_mobile":{"unit":"px","top":"0","right":"0","bottom":"0","left":"15","isLinked":false},"view":"","space_between":{"unit":"px","size":4,"sizes":[]},"icon_color":"#003E53","icon_size":{"unit":"px","size":25,"sizes":[]},"text_color":"#003E53","text_indent":{"unit":"px","size":18,"sizes":[]},"icon_typography_typography":"custom","icon_typography_font_family":"Montserrat","icon_typography_font_size":{"unit":"px","size":21,"sizes":[]},"icon_typography_font_weight":"600"},"elements":[],"isInner":false,"widgetType":"icon-list","elType":"widget"},{"id":"21fe0f3c","settings":{"content_width":{"unit":"px","size":500,"sizes":[]},"structure":"20","custom_css":"@media(max-width: 767px){\n    selector .elementor-button-wrapper {\n        padding: 0 20%;\n    }\n}\n\n@media(max-width: 450px){\n    selector .elementor-button-wrapper {\n        padding: 0 10%;\n    }\n}","css_classes":"align-to-bottom"},"elements":[{"id":"448fddae","settings":{"_column_size":50,"_inline_size":null},"elements":[{"id":"7c807b00","settings":{"text":"Turnaj 2021 - HOBBY","link":{"url":"https:\/\/www.rozvedcik-volejbal.cz\/previous\/2021-hobby\/","is_external":"","nofollow":"","custom_attributes":""},"align":"justify","selected_icon":{"value":"fas fa-angle-double-left","library":"fa-solid"},"border_radius":{"unit":"px","top":"2","right":"2","bottom":"2","left":"2","isLinked":true},"__globals__":{"typography_typography":"globals\/typography?id=primary","button_text_color":"globals\/colors?id=7fcabb5","background_color":"globals\/colors?id=a2c7b92","hover_color":"globals\/colors?id=primary"},"align_mobile":"justify","_z_index":1,"icon_indent":{"unit":"px","size":10,"sizes":[]},"_element_vertical_align":"flex-end","_margin":{"unit":"px","top":"-1","right":"-1","bottom":"-1","left":"-1","isLinked":true}},"elements":[],"isInner":false,"widgetType":"button","elType":"widget"}],"isInner":true,"elType":"column"},{"id":"4b9419f","settings":{"_column_size":50,"_inline_size":null},"elements":[{"id":"7792d3ca","settings":{"text":"Turnaj 2022 - PROFI","link":{"url":"https:\/\/www.rozvedcik-volejbal.cz\/previous\/2022-profi\/","is_external":"","nofollow":"","custom_attributes":""},"align":"justify","selected_icon":{"value":"fas fa-angle-double-right","library":"fa-solid"},"icon_align":"right","border_radius":{"unit":"px","top":"2","right":"2","bottom":"2","left":"2","isLinked":true},"__globals__":{"typography_typography":"globals\/typography?id=primary","button_text_color":"globals\/colors?id=7fcabb5","background_color":"globals\/colors?id=a2c7b92","hover_color":"globals\/colors?id=primary"},"align_mobile":"justify","icon_indent":{"unit":"px","size":10,"sizes":[]},"_element_custom_width":{"unit":"px","size":235,"sizes":[]},"_element_vertical_align":"flex-start","typography_typography":"custom","typography_font_family":"Montserrat","typography_font_weight":"600","hover_color":"#FFFFFF","_margin":{"unit":"px","top":"-1","right":"-1","bottom":"-1","left":"-1","isLinked":true}},"elements":[],"isInner":false,"widgetType":"button","elType":"widget"}],"isInner":true,"elType":"column"}],"isInner":true,"elType":"section"}],"isInner":false,"elType":"column"},{"id":"58c93f4a","settings":{"_column_size":50,"_inline_size":null,"custom_css":"@media (max-width: 767px){\r\n.eael-data-table-wrap {\r\n    overflow-x: scroll !important;\r\n    padding-bottom: 5px;\r\n}\r\n}","content_position":"space-between","padding":{"unit":"px","top":"15","right":"0","bottom":"15","left":"0","isLinked":false}},"elements":[{"id":"6e25ef6c","settings":{"carousel":[{"id":3751,"url":"https:\/\/www.rozvedcik-volejbal.cz\/wp-content\/uploads\/2021\/12\/20211218_165149-scaled.jpg"},{"id":3918,"url":"https:\/\/www.rozvedcik-volejbal.cz\/wp-content\/uploads\/2021\/12\/zuzazeli_zelena-scaled.jpg"},{"id":3865,"url":"https:\/\/www.rozvedcik-volejbal.cz\/wp-content\/uploads\/2021\/12\/20211218_145350-scaled.jpg"}],"thumbnail_size":"large","slides_to_show":"1"},"elements":[],"isInner":false,"widgetType":"image-carousel","elType":"widget"},{"id":"311350b9","settings":[],"elements":[{"id":"1302c13","settings":{"_column_size":100,"_inline_size":null},"elements":[{"id":"307f783c","settings":{"text":"V\u0161echny fotky","align":"center","selected_icon":{"value":"fas fa-angle-right","library":"fa-solid"},"icon_align":"right","border_radius":{"unit":"px","top":"2","right":"2","bottom":"2","left":"2","isLinked":true},"__globals__":{"typography_typography":"globals\/typography?id=primary","button_text_color":"globals\/colors?id=7fcabb5","background_color":"globals\/colors?id=a2c7b92","hover_color":"globals\/colors?id=primary"},"icon_indent":{"unit":"px","size":8,"sizes":[]},"link":{"url":"https:\/\/www.rozvedcik-volejbal.cz\/gallery\/2021-beach\/","is_external":"","nofollow":"","custom_attributes":""}},"elements":[],"isInner":false,"widgetType":"button","elType":"widget"}],"isInner":true,"elType":"column"}],"isInner":true,"elType":"section"}],"isInner":false,"elType":"column"}],"isInner":false,"elType":"section"},{"id":"5ddb2c5e","settings":{"custom_height":{"unit":"px","size":200,"sizes":[]},"column_position":"top","background_background":"classic","__globals__":{"background_color":"globals\/colors?id=secondary"},"content_width":{"unit":"px","size":1024,"sizes":[]}},"elements":[{"id":"601fe517","settings":{"_column_size":100,"_inline_size":null},"elements":[{"id":"7b1a2a87","settings":{"look":"line_icon","text":"Odd\u011blova\u010d","icon":{"value":"fas fa-volleyball-ball","library":"fa-solid"},"weight":{"unit":"px","size":3,"sizes":[]},"gap":{"unit":"px","size":10,"sizes":[]},"icon_size":{"unit":"px","size":60,"sizes":[]},"icon_spacing":{"unit":"px","size":25,"sizes":[]},"rotate":{"unit":"deg","size":"","sizes":[]},"__globals__":{"color":"globals\/colors?id=7fcabb5","primary_color":"globals\/colors?id=7fcabb5"}},"elements":[],"isInner":false,"widgetType":"divider","elType":"widget"}],"isInner":false,"elType":"column"}],"isInner":false,"elType":"section"},{"id":"50cab0fb","settings":{"content_width":{"unit":"px","size":1024,"sizes":[]}},"elements":[{"id":"6858e82f","settings":{"_column_size":100,"_inline_size":null},"elements":[{"id":"167c8b71","settings":{"editor":"<strong>Roz\u0159azovac\u00ed skupiny<\/strong><br>\n10 kluk\u016f a 8 holek se rozd\u011blilo do dvou skupin (5+4). V&nbsp;ka\u017ed\u00e9 skupin\u011b odehr\u00e1l ka\u017ed\u00fd kluk 4 utk\u00e1n\u00ed se 4 r\u016fzn\u00fdmi spoluhr\u00e1\u010dkami proti v\u0161em ostatn\u00edm kluk\u016fm. Hr\u00e1lo se na dva hran\u00e9 sety do 12&nbsp;bod\u016f (o&nbsp;2). Z&nbsp;ka\u017ed\u00e9 skupiny vzniklo zvl\u00e1\u0161\u0165 po\u0159ad\u00ed kluk\u016f a holek. O po\u0159ad\u00ed ve skupin\u011b rozhodovaly postupn\u011b: po\u010det bod\u016f (=&nbsp;set\u016f), po\u010det v\u00fdher 2:0, rozd\u00edl m\u00ed\u010d\u016f, sety ve vz\u00e1jemn\u00fdch z\u00e1pasech, rozd\u00edl m\u00ed\u010de ve vz\u00e1jmen\u00fdch z\u00e1pasech, ni\u017e\u0161\u00ed v\u00fd\u0161ka, vy\u0161\u0161\u00ed v\u00e1ha, v\u00fd\u0161e daru organiz\u00e1tor\u016fm.\n<br><br>\n<strong>Play-out kluk\u016f<\/strong><br>\nNejlep\u0161\u00ed kluci z&nbsp;ka\u017ed\u00e9 skupiny m\u011bli volno. Zbyl\u00fdch 8 kluk\u016f se spojilo do dvojic podle po\u0159ad\u00ed (druz\u00ed spolu apod.). Hr\u00e1ly se dv\u011b \"semifin\u00e1le\" (druz\u00ed proti p\u00e1t\u00fdm, t\u0159et\u00ed proti \u010dtvrt\u00fdm) a z\u00e1pas o udr\u017een\u00ed mezi prohran\u00fdmi. Hr\u00e1lo se na dva v\u00edt\u011bzn\u00e9 sety do 15&nbsp;bod\u016f (o&nbsp;2&nbsp;body). Pro pora\u017eenou dvojici turnaj skon\u010dil.\n<br><br>\n<strong>Play-off<\/strong><br>\nZbyl\u00fdch 16 hr\u00e1\u010d\u016f se se\u0159adilo podle po\u0159ad\u00ed ve skupin\u00e1ch (zvl\u00e1\u0161\u0165 podle pohlav\u00ed) a podle n\u011bj se vytvo\u0159ily mixov\u00e9 dvojice (nejlep\u0161\u00ed kluk ze skupiny A&nbsp;+&nbsp;nejlep\u0161\u00ed holka ze skupiny B, ..., nejhor\u0161\u00ed kluk ze skupiny B&nbsp;+&nbsp;nejhor\u0161\u00ed holka ze skupiny A). Hr\u00e1lo se od \u010dtvrtfin\u00e1le (k\u0159\u00ed\u017eem nejlep\u0161\u00ed proti nejhor\u0161\u00edm) a\u017e kompletn\u011b po z\u00e1pasy o um\u00edst\u011bn\u00ed. \u010ctvrtfin\u00e1le a spodn\u00ed pavouk se hr\u00e1ly na dva v\u00edt\u011bzn\u00e9 sety do&nbsp;12 a tiebreak do&nbsp;10, semifin\u00e1le do&nbsp;15 a tiebreak do&nbsp;10, fin\u00e1le a o t\u0159et\u00ed m\u00edsto se hr\u00e1ly klasicky (do&nbsp;21, tiebreak do&nbsp;15), v\u0161echno o&nbsp;2 body.","text_color":"#003E53","typography_typography":"custom","typography_font_family":"Montserrat","typography_font_weight":"500","__globals__":{"text_color":"globals\/colors?id=7fcabb5","typography_typography":""},"align":"justify","custom_css":"@media(max-width: 410px){\n    selector .elementor-widget-container {\n        text-align: center;\n    }\n}"},"elements":[],"isInner":false,"widgetType":"text-editor","elType":"widget"},{"id":"7b286356","settings":{"image":{"url":"https:\/\/www.rozvedcik-volejbal.cz\/wp-content\/uploads\/2021\/12\/20211218_133101-scaled.jpg","id":3730,"alt":"","source":"library"},"title_text":"<img draggable=\"false\" role=\"img\" class=\"emoji\" alt=\"\ud83e\udd47\" src=\"https:\/\/s.w.org\/images\/core\/emoji\/13.1.0\/svg\/1f947.svg\"> 1.&nbsp;m\u00edsto - Roman&nbsp;H. & B\u00e1ra&nbsp;J. <img draggable=\"false\" role=\"img\" class=\"emoji\" alt=\"\ud83e\udd47\" src=\"https:\/\/s.w.org\/images\/core\/emoji\/13.1.0\/svg\/1f947.svg\">","description_text":"","image_size":{"unit":"%","size":60,"sizes":[]},"title_bottom_space":{"unit":"px","size":20,"sizes":[]},"title_color":"#003E53","description_color":"#003E53","description_typography_typography":"custom","description_typography_font_family":"Montserrat","description_typography_font_weight":"500","__globals__":{"title_color":"globals\/colors?id=7fcabb5","description_typography_typography":"","description_color":"globals\/colors?id=7fcabb5"},"image_size_mobile":{"unit":"%","size":100,"sizes":[]},"_padding":{"unit":"px","top":"0","right":"0","bottom":"20","left":"0","isLinked":false},"_margin":{"unit":"px","top":"0","right":"0","bottom":"20","left":"0","isLinked":false}},"elements":[],"isInner":false,"widgetType":"image-box","elType":"widget"},{"id":"580971cd","settings":{"image":{"url":"https:\/\/www.rozvedcik-volejbal.cz\/wp-content\/uploads\/2021\/12\/20211218_151219-scaled.jpg","id":3737,"alt":"","source":"library"},"title_text":"<img draggable=\"false\" role=\"img\" class=\"emoji\" alt=\"\ud83e\udd48\" src=\"https:\/\/s.w.org\/images\/core\/emoji\/13.1.0\/svg\/1f948.svg\"> 2.&nbsp;m\u00edsto - Kubo&nbsp;G. & Mar\u0165a&nbsp;N. <img draggable=\"false\" role=\"img\" class=\"emoji\" alt=\"\ud83e\udd48\" src=\"https:\/\/s.w.org\/images\/core\/emoji\/13.1.0\/svg\/1f948.svg\">","description_text":"","image_size":{"unit":"%","size":60,"sizes":[]},"title_bottom_space":{"unit":"px","size":20,"sizes":[]},"title_color":"#003E53","description_color":"#003E53","description_typography_typography":"custom","description_typography_font_family":"Montserrat","description_typography_font_weight":"500","__globals__":{"title_color":"globals\/colors?id=7fcabb5","description_typography_typography":"","description_color":"globals\/colors?id=7fcabb5"},"image_size_mobile":{"unit":"%","size":100,"sizes":[]},"_padding":{"unit":"px","top":"0","right":"0","bottom":"20","left":"0","isLinked":false},"_margin":{"unit":"px","top":"0","right":"0","bottom":"20","left":"0","isLinked":false}},"elements":[],"isInner":false,"widgetType":"image-box","elType":"widget"},{"id":"5698ee4f","settings":{"image":{"url":"https:\/\/www.rozvedcik-volejbal.cz\/wp-content\/uploads\/2021\/12\/20211218_133237-scaled.jpg","id":3733,"alt":"","source":"library"},"title_text":"\ud83e\udd49 3.&nbsp;m\u00edsto - Honza&nbsp;K. & An\u010da \ud83e\udd49","description_text":"","image_size":{"unit":"%","size":60,"sizes":[]},"title_bottom_space":{"unit":"px","size":20,"sizes":[]},"title_color":"#003E53","description_color":"#003E53","description_typography_typography":"custom","description_typography_font_family":"Montserrat","description_typography_font_weight":"500","__globals__":{"title_color":"globals\/colors?id=7fcabb5","description_typography_typography":"","description_color":"globals\/colors?id=7fcabb5"},"image_size_mobile":{"unit":"%","size":100,"sizes":[]},"_padding":{"unit":"px","top":"0","right":"0","bottom":"20","left":"0","isLinked":false}},"elements":[],"isInner":false,"widgetType":"image-box","elType":"widget"},{"id":"11ed27dc","settings":{"image":{"url":"https:\/\/www.rozvedcik-volejbal.cz\/wp-content\/uploads\/2021\/12\/20211218_133149-scaled.jpg","id":3734,"alt":"","source":"library"},"title_text":"\ud83c\udfc5 4.&nbsp;m\u00edsto - He\u0159mi & B\u00e1ra \ud83c\udfc5","description_text":"","image_size":{"unit":"%","size":60,"sizes":[]},"title_bottom_space":{"unit":"px","size":20,"sizes":[]},"title_color":"#003E53","description_color":"#003E53","description_typography_typography":"custom","description_typography_font_family":"Montserrat","description_typography_font_weight":"500","__globals__":{"title_color":"globals\/colors?id=7fcabb5","description_typography_typography":"","description_color":"globals\/colors?id=7fcabb5"},"image_size_mobile":{"unit":"%","size":100,"sizes":[]},"_padding":{"unit":"px","top":"0","right":"0","bottom":"20","left":"0","isLinked":false},"_margin":{"unit":"px","top":"0","right":"0","bottom":"20","left":"0","isLinked":false}},"elements":[],"isInner":false,"widgetType":"image-box","elType":"widget"},{"id":"69b9986","settings":{"image":{"url":"https:\/\/www.rozvedcik-volejbal.cz\/wp-content\/uploads\/2021\/12\/20211218_133443-scaled.jpg","id":3731,"alt":"","source":"library"},"title_text":"<img draggable=\"false\" role=\"img\" class=\"emoji\" alt=\"\ud83c\udfc5\" src=\"https:\/\/s.w.org\/images\/core\/emoji\/13.1.0\/svg\/1f3c5.svg\"> 5.&nbsp;m\u00edsto - Zel\u00ed & An\u010da&nbsp;J. <img draggable=\"false\" role=\"img\" class=\"emoji\" alt=\"\ud83c\udfc5\" src=\"https:\/\/s.w.org\/images\/core\/emoji\/13.1.0\/svg\/1f3c5.svg\">","description_text":"","image_size":{"unit":"%","size":60,"sizes":[]},"title_bottom_space":{"unit":"px","size":20,"sizes":[]},"title_color":"#003E53","description_color":"#003E53","description_typography_typography":"custom","description_typography_font_family":"Montserrat","description_typography_font_weight":"500","__globals__":{"title_color":"globals\/colors?id=7fcabb5","description_typography_typography":"","description_color":"globals\/colors?id=7fcabb5"},"image_size_mobile":{"unit":"%","size":100,"sizes":[]},"_padding":{"unit":"px","top":"0","right":"0","bottom":"20","left":"0","isLinked":false},"_margin":{"unit":"px","top":"0","right":"0","bottom":"20","left":"0","isLinked":false}},"elements":[],"isInner":false,"widgetType":"image-box","elType":"widget"},{"id":"193e062b","settings":{"image":{"url":"https:\/\/www.rozvedcik-volejbal.cz\/wp-content\/uploads\/2021\/12\/20211218_133134-scaled.jpg","id":3735,"alt":"","source":"library"},"title_text":"<img draggable=\"false\" role=\"img\" class=\"emoji\" alt=\"\ud83c\udfc5\" src=\"https:\/\/s.w.org\/images\/core\/emoji\/13.1.0\/svg\/1f3c5.svg\"> 6.&nbsp;m\u00edsto - Ondra&nbsp;N. & M\u00ed\u0161a&nbsp;V. <img draggable=\"false\" role=\"img\" class=\"emoji\" alt=\"\ud83c\udfc5\" src=\"https:\/\/s.w.org\/images\/core\/emoji\/13.1.0\/svg\/1f3c5.svg\">","description_text":"","image_size":{"unit":"%","size":60,"sizes":[]},"title_bottom_space":{"unit":"px","size":20,"sizes":[]},"title_color":"#003E53","description_color":"#003E53","description_typography_typography":"custom","description_typography_font_family":"Montserrat","description_typography_font_weight":"500","__globals__":{"title_color":"globals\/colors?id=7fcabb5","description_typography_typography":"","description_color":"globals\/colors?id=7fcabb5"},"image_size_mobile":{"unit":"%","size":100,"sizes":[]},"_padding":{"unit":"px","top":"0","right":"0","bottom":"20","left":"0","isLinked":false},"_margin":{"unit":"px","top":"0","right":"0","bottom":"20","left":"0","isLinked":false}},"elements":[],"isInner":false,"widgetType":"image-box","elType":"widget"},{"id":"70d0e48e","settings":{"image":{"url":"https:\/\/www.rozvedcik-volejbal.cz\/wp-content\/uploads\/2021\/12\/20211218_133115-scaled.jpg","id":3729,"alt":"","source":"library"},"title_text":"<img draggable=\"false\" role=\"img\" class=\"emoji\" alt=\"\ud83c\udfc5\" src=\"https:\/\/s.w.org\/images\/core\/emoji\/13.1.0\/svg\/1f3c5.svg\"> 7.&nbsp;m\u00edsto - Ji\u0159\u00edk&nbsp;N. & Zuzka&nbsp;\u010c. <img draggable=\"false\" role=\"img\" class=\"emoji\" alt=\"\ud83c\udfc5\" src=\"https:\/\/s.w.org\/images\/core\/emoji\/13.1.0\/svg\/1f3c5.svg\">","description_text":"","image_size":{"unit":"%","size":60,"sizes":[]},"title_bottom_space":{"unit":"px","size":20,"sizes":[]},"title_color":"#003E53","description_color":"#003E53","description_typography_typography":"custom","description_typography_font_family":"Montserrat","description_typography_font_weight":"500","__globals__":{"title_color":"globals\/colors?id=7fcabb5","description_typography_typography":"","description_color":"globals\/colors?id=7fcabb5"},"image_size_mobile":{"unit":"%","size":100,"sizes":[]},"_padding":{"unit":"px","top":"0","right":"0","bottom":"20","left":"0","isLinked":false},"_margin":{"unit":"px","top":"0","right":"0","bottom":"20","left":"0","isLinked":false}},"elements":[],"isInner":false,"widgetType":"image-box","elType":"widget"},{"id":"31a8c039","settings":{"image":{"url":"https:\/\/www.rozvedcik-volejbal.cz\/wp-content\/uploads\/2021\/12\/20211218_133250-scaled.jpg","id":3732,"alt":"","source":"library"},"title_text":"<img draggable=\"false\" role=\"img\" class=\"emoji\" alt=\"\ud83c\udfc5\" src=\"https:\/\/s.w.org\/images\/core\/emoji\/13.1.0\/svg\/1f3c5.svg\"> 8.&nbsp;m\u00edsto - Vojta&nbsp;Hu. & Lucka&nbsp;K. <img draggable=\"false\" role=\"img\" class=\"emoji\" alt=\"\ud83c\udfc5\" src=\"https:\/\/s.w.org\/images\/core\/emoji\/13.1.0\/svg\/1f3c5.svg\">","description_text":"","image_size":{"unit":"%","size":60,"sizes":[]},"title_bottom_space":{"unit":"px","size":20,"sizes":[]},"title_color":"#003E53","description_color":"#003E53","description_typography_typography":"custom","description_typography_font_family":"Montserrat","description_typography_font_weight":"500","__globals__":{"title_color":"globals\/colors?id=7fcabb5","description_typography_typography":"","description_color":"globals\/colors?id=7fcabb5"},"image_size_mobile":{"unit":"%","size":100,"sizes":[]},"_padding":{"unit":"px","top":"0","right":"0","bottom":"20","left":"0","isLinked":false},"_margin":{"unit":"px","top":"0","right":"0","bottom":"20","left":"0","isLinked":false}},"elements":[],"isInner":false,"widgetType":"image-box","elType":"widget"},{"id":"613130ab","settings":{"image":{"url":"https:\/\/www.rozvedcik-volejbal.cz\/wp-content\/uploads\/2021\/12\/20211218_132238-scaled.jpg","id":3741,"alt":"","source":"library"},"title_text":"<img draggable=\"false\" role=\"img\" class=\"emoji\" alt=\"\ud83c\udfc5\" src=\"https:\/\/s.w.org\/images\/core\/emoji\/13.1.0\/svg\/1f3c5.svg\"> Vy\u0159azeni z play-out - Kuna &amp; \u0160imon&nbsp;C. <span style=\"font-size:20px\">(zleva)<\/span><img draggable=\"false\" role=\"img\" class=\"emoji\" alt=\"\ud83c\udfc5\" src=\"https:\/\/s.w.org\/images\/core\/emoji\/13.1.0\/svg\/1f3c5.svg\">","description_text":"","image_size":{"unit":"%","size":60,"sizes":[]},"title_bottom_space":{"unit":"px","size":20,"sizes":[]},"title_color":"#003E53","description_color":"#003E53","description_typography_typography":"custom","description_typography_font_family":"Montserrat","description_typography_font_weight":"500","__globals__":{"title_color":"globals\/colors?id=7fcabb5","description_typography_typography":"","description_color":"globals\/colors?id=7fcabb5"},"image_size_mobile":{"unit":"%","size":100,"sizes":[]},"_padding":{"unit":"px","top":"0","right":"0","bottom":"20","left":"0","isLinked":false},"_margin":{"unit":"px","top":"0","right":"0","bottom":"20","left":"0","isLinked":false}},"elements":[],"isInner":false,"widgetType":"image-box","elType":"widget"},{"id":"732e3d69","settings":{"editor":"<p style=\"text-align: center;\"><b>Skupina\u00a0\u03b1<\/b><\/p>","text_color":"#003E53","typography_typography":"custom","typography_font_family":"Montserrat","typography_font_size":{"unit":"px","size":33,"sizes":[]},"typography_font_weight":"600","__globals__":{"text_color":"globals\/colors?id=7fcabb5","typography_typography":""},"_margin":{"unit":"px","top":"0","right":"0","bottom":"0","left":"0","isLinked":true},"_padding":{"unit":"px","top":"0","right":"0","bottom":"0","left":"0","isLinked":true}},"elements":[],"isInner":false,"widgetType":"text-editor","elType":"widget"},{"id":"6a6985e9","settings":{"editor":"<p style=\"text-align: center;\"><b>He\u0159mi + Zuzka \u010c. - Kubo G. + An\u010da\u00a0 \u00a0 \u00a00:2<\/b>\u00a0<i>(7:12, 11:13)<\/i><\/p>\n<p style=\"text-align: center;\"><b>Roman H. + An\u010da J. - Vojta Hu. + M\u00ed\u0161a V.\u00a0 \u00a0 \u00a02:0<\/b>\u00a0<i>(12:10, 12:5)<\/i><\/p>\n<p style=\"text-align: center;\"><b>Vojta Hu. + An\u010da - Kuna + M\u00ed\u0161a V.\u00a0 \u00a0 \u00a02:0<\/b>\u00a0<i>(12:7, 12:6)<\/i><\/p>\n<p style=\"text-align: center;\"><b>He\u0159mi + An\u010da J. - Vojta Hu. + Zuzka \u010c.\u00a0 \u00a0 \u00a01:1<\/b>\u00a0<i>(12:8, 10:12)<\/i><\/p>\n<p style=\"text-align: center;\"><b>Kubo G. + M\u00ed\u0161a V. - Kuna + An\u010da\u00a0 \u00a0 \u00a01:1<\/b>\u00a0<i>(5:12, 12:10)<\/i><\/p>\n<p style=\"text-align: center;\"><b>He\u0159mi + An\u010da - Roman H. + Zuzka \u010c.\u00a0 \u00a0 \u00a01:1<\/b>\u00a0<i>(8:12, 12:5)<\/i><\/p>\n<p style=\"text-align: center;\"><b>He\u0159mi + M\u00ed\u0161a V. - Kuna + Zuzka \u010c.\u00a0 \u00a0 \u00a02:0<\/b>\u00a0<i>(12:8, 12:8)<\/i><\/p>\n<p style=\"text-align: center;\"><b>Kubo G. + An\u010da J. - Roman H. + An\u010da\u00a0 \u00a0 \u00a01:1<\/b>\u00a0<i>(13:15, 12:8)<\/i><\/p>\n<p style=\"text-align: center;\"><b>Kubo G. + Zuzka \u010c. - Vojta Hu. + An\u010da J.\u00a0 \u00a0 \u00a02:0<\/b>\u00a0<i>(12:8, 12:9)<\/i><\/p>\n<p style=\"text-align: center;\"><b>Roman H. + M\u00ed\u0161a V. - Kuna + An\u010da J.\u00a0 \u00a0 \u00a02:0<\/b>\u00a0<i>(12:8, 12:3)<\/i><\/p>","text_color":"#003E53","typography_typography":"custom","typography_font_family":"Montserrat","typography_font_size":{"unit":"px","size":23,"sizes":[]},"typography_font_weight":"600","__globals__":{"text_color":"globals\/colors?id=7fcabb5","typography_typography":""},"_margin":{"unit":"px","top":"-20","right":"0","bottom":"0","left":"0","isLinked":false},"_padding":{"unit":"px","top":"0","right":"0","bottom":"0","left":"0","isLinked":false}},"elements":[],"isInner":false,"widgetType":"text-editor","elType":"widget"},{"id":"226f43a5","settings":{"ea_adv_data_table_static_html":"<thead><tr><th>\u03b1 - kluci<\/th><th>Body<\/th><th>M\u00ed\u010de<\/th><th>Po\u0159ad\u00ed<\/th><\/tr><\/thead><tbody><tr><td>Roman H.<\/td><td>6<\/td><td>88:71<\/td><td><b>1.<\/b><\/td><\/tr><tr><td>Kubo G.<\/td><td>6<\/td><td>91:80<\/td><td><b>2.<\/b><\/td><\/tr><tr><td>He\u0159mi<\/td><td>4<\/td><td>84:78<\/td><td><b>3.<\/b><\/td><\/tr><tr><td>Vojta Hu.<\/td><td>3<\/td><td>76:93<\/td><td><b>4.<\/b><\/td><\/tr><tr><td>Kuna<\/td><td>1<\/td><td>62:89<\/td><td><b>5.<\/b><\/td><\/tr><\/tbody>","ea_adv_data_table_sort":"","ea_adv_data_table_search":"","ea_adv_data_table_search_placeholder":"Search","ea_adv_data_table_pagination":"","ea_adv_data_table_head_typography_typography":"custom","ea_adv_data_table_head_typography_font_family":"Montserrat","ea_adv_data_table_head_typography_font_size":{"unit":"px","size":20,"sizes":[]},"ea_adv_data_table_head_typography_font_weight":"600","ea_adv_data_table_head_horizontal_alignment":"center","ea_adv_data_table_head_color":"#FFFFFF","ea_adv_data_table_body_typography_typography":"custom","ea_adv_data_table_body_typography_font_family":"Montserrat","ea_adv_data_table_body_typography_font_size":{"unit":"px","size":18,"sizes":[]},"ea_adv_data_table_body_typography_font_weight":"500","ea_adv_data_table_body_horizontal_alignment":"center","ea_adv_data_table_body_color":"#003E53","ea_adv_data_table_body_background":"#FFFFFF","custom_css":"selector td {\n    min-width: 124px;\n}\n\nselector th {\n    font-size: 18px;\n}\n\nselector th:first-child {\n    font-weight: normal;\n}\n\nselector td:nth-last-child(-n+3){\n    background-color: #F8F8F8 !important;\n}\n\nselector td:first-child {\n    background-color: #003E53 !important;\n    color: #ffffff;\n    font-weight: 600;\n}\n\nselector th:first-child {\n    background-color: #13627D !important;   \n}\n    ","__globals__":{"ea_adv_data_table_body_color":"","ea_adv_data_table_body_background":"globals\/colors?id=primary","ea_adv_data_table_body_typography_typography":"","ea_adv_data_table_head_color":"globals\/colors?id=primary","ea_adv_data_table_head_background":"globals\/colors?id=7fcabb5","ea_adv_data_table_head_typography_typography":"globals\/typography?id=primary"},"_padding":{"unit":"%","top":"0","right":"10","bottom":"0","left":"10","isLinked":false}},"elements":[],"isInner":false,"widgetType":"eael-advanced-data-table","elType":"widget"},{"id":"2960a9bb","settings":{"ea_adv_data_table_static_html":"<thead><tr><th>\u03b1 - holky<\/th><th>Body<\/th><th>M\u00ed\u010de<\/th><th>Po\u0159ad\u00ed<\/th><\/tr><\/thead><tbody><tr><td>An\u010da<\/td><td>7<\/td><td>114:90<\/td><td><b>1.<\/b><\/td><\/tr><tr><td>M\u00ed\u0161a V.<\/td><td>5<\/td><td>93:91<\/td><td><b>2.<\/b><\/td><\/tr><tr><td>An\u010da J.<\/td><td>4<\/td><td>99:106<\/td><td><b>3.<\/b><\/td><\/tr><tr><td>Zuzka \u010c.<\/td><td>4<\/td><td>95:108<\/td><td><b>4.<\/b><\/td><\/tr><\/tbody>","ea_adv_data_table_sort":"","ea_adv_data_table_search":"","ea_adv_data_table_search_placeholder":"Search","ea_adv_data_table_pagination":"","ea_adv_data_table_head_typography_typography":"custom","ea_adv_data_table_head_typography_font_family":"Montserrat","ea_adv_data_table_head_typography_font_size":{"unit":"px","size":20,"sizes":[]},"ea_adv_data_table_head_typography_font_weight":"600","ea_adv_data_table_head_horizontal_alignment":"center","ea_adv_data_table_head_color":"#FFFFFF","ea_adv_data_table_body_typography_typography":"custom","ea_adv_data_table_body_typography_font_family":"Montserrat","ea_adv_data_table_body_typography_font_size":{"unit":"px","size":18,"sizes":[]},"ea_adv_data_table_body_typography_font_weight":"500","ea_adv_data_table_body_horizontal_alignment":"center","ea_adv_data_table_body_color":"#003E53","ea_adv_data_table_body_background":"#FFFFFF","custom_css":"selector td {\n    min-width: 124px;\n}\n\nselector th {\n    font-size: 18px;\n}\n\nselector th:first-child {\n    font-weight: normal;\n}\n\nselector td:nth-last-child(-n+3){\n    background-color: #F8F8F8 !important;\n}\n\nselector td:first-child {\n    background-color: #003E53 !important;\n    color: #ffffff;\n    font-weight: 600;\n}\n\nselector th:first-child {\n    background-color: #13627D !important;   \n}\n    ","__globals__":{"ea_adv_data_table_body_color":"","ea_adv_data_table_body_background":"globals\/colors?id=primary","ea_adv_data_table_body_typography_typography":"","ea_adv_data_table_head_color":"globals\/colors?id=primary","ea_adv_data_table_head_background":"globals\/colors?id=7fcabb5","ea_adv_data_table_head_typography_typography":"globals\/typography?id=primary"},"_padding":{"unit":"%","top":"0","right":"10","bottom":"0","left":"10","isLinked":false}},"elements":[],"isInner":false,"widgetType":"eael-advanced-data-table","elType":"widget"},{"id":"89e213c","settings":{"editor":"<p style=\"text-align: center;\"><b>Skupina\u00a0\u03b2<\/b><\/p>","text_color":"#003E53","typography_typography":"custom","typography_font_family":"Montserrat","typography_font_size":{"unit":"px","size":33,"sizes":[]},"typography_font_weight":"600","__globals__":{"text_color":"globals\/colors?id=7fcabb5","typography_typography":""},"_margin":{"unit":"px","top":"0","right":"0","bottom":"0","left":"0","isLinked":true},"_padding":{"unit":"px","top":"0","right":"0","bottom":"0","left":"0","isLinked":true}},"elements":[],"isInner":false,"widgetType":"text-editor","elType":"widget"},{"id":"53565f1f","settings":{"editor":"<p style=\"text-align: center;\"><b>Ji\u0159\u00edk N. + Lucka V. - Ondra N. + B\u00e1ra\u00a0 \u00a0 \u00a01:1<\/b>\u00a0<i>(5:12, 14:12)<\/i><\/p>\n<p style=\"text-align: center;\"><b>Zel\u00ed + B\u00e1ra J. - Honza K. + Lucka V.\u00a0 \u00a0 \u00a01:1<\/b>\u00a0<i>(12:6, 2:12)<\/i><\/p>\n<p style=\"text-align: center;\"><b>\u0160imon C. + Mar\u0165a N. - Ji\u0159\u00edk N. + B\u00e1ra\u00a0 \u00a0 \u00a00:2<\/b>\u00a0<i>(8:12, 11:13)<\/i><\/p>\n<p style=\"text-align: center;\"><b>\u0160imon C. + B\u00e1ra - Ondra N. + Mar\u0165a N.\u00a0 \u00a0 \u00a01:1<\/b>\u00a0<i>(7:12, 12:10)<\/i><\/p>\n<p style=\"text-align: center;\"><b>Zel\u00ed + Mar\u0165a N. - Ji\u0159\u00edk N. + B\u00e1ra J.\u00a0 \u00a0 \u00a02:0<\/b>\u00a0<i>(12:9, 12:8)<\/i><\/p>\n<p style=\"text-align: center;\"><b>Honza K. + B\u00e1ra - Ondra N. + Lucka V.\u00a0 \u00a0 \u00a01:1<\/b>\u00a0<i>(13:11, 10:12)<\/i><\/p>\n<p style=\"text-align: center;\"><b>Zel\u00ed + Lucka V. - \u0160imon C. + B\u00e1ra J.\u00a0 \u00a0 \u00a01:1<\/b>\u00a0<i>(12:8, 4:12)<\/i><\/p>\n<p style=\"text-align: center;\"><b>Zel\u00ed + B\u00e1ra - Ondra N. + B\u00e1ra J.\u00a0 \u00a0 \u00a00:2<\/b>\u00a0<i>(10:12, 10:12)<\/i><\/p>\n<p style=\"text-align: center;\"><b>Honza K. + Mar\u0165a N. - \u0160imon C. + Lucka V.\u00a0 \u00a0 \u00a02:0<\/b>\u00a0<i>(12:3, 12:5)<\/i><\/p>\n<p style=\"text-align: center;\"><b>Honza K. + B\u00e1ra J. - Ji\u0159\u00edk N. + Mar\u0165a N.\u00a0 \u00a0 \u00a02:0<\/b>\u00a0<i>(13:11, 12:9)<\/i><\/p>","text_color":"#003E53","typography_typography":"custom","typography_font_family":"Montserrat","typography_font_size":{"unit":"px","size":23,"sizes":[]},"typography_font_weight":"600","__globals__":{"text_color":"globals\/colors?id=7fcabb5","typography_typography":""},"_margin":{"unit":"px","top":"-20","right":"0","bottom":"0","left":"0","isLinked":false},"_padding":{"unit":"px","top":"0","right":"0","bottom":"0","left":"0","isLinked":false}},"elements":[],"isInner":false,"widgetType":"text-editor","elType":"widget"},{"id":"1a960d78","settings":{"ea_adv_data_table_static_html":"<thead><tr><th>\u03b2 - kluci<\/th><th>Body<\/th><th>M\u00ed\u010de<\/th><th>Po\u0159ad\u00ed<\/th><\/tr><\/thead><tbody><tr><td>Honza K.<\/td><td>6<\/td><td>90:65<\/td><td><b>1.<\/b><\/td><\/tr><tr><td>Ondra N.<\/td><td>5<\/td><td>93:81<\/td><td><b>2.<\/b><\/td><\/tr><tr><td>Zel\u00ed<\/td><td>4<\/td><td>74:79<\/td><td><b>3.<\/b><\/td><\/tr><tr><td>Ji\u0159\u00edk N.<\/td><td>3<\/td><td>81:92<\/td><td><b>4.<\/b><\/td><\/tr><tr><td>\u0160imon C.<\/td><td>2<\/td><td>66:87<\/td><td><b>5.<\/b><\/td><\/tr><\/tbody>","ea_adv_data_table_sort":"","ea_adv_data_table_search":"","ea_adv_data_table_search_placeholder":"Search","ea_adv_data_table_pagination":"","ea_adv_data_table_head_typography_typography":"custom","ea_adv_data_table_head_typography_font_family":"Montserrat","ea_adv_data_table_head_typography_font_size":{"unit":"px","size":20,"sizes":[]},"ea_adv_data_table_head_typography_font_weight":"600","ea_adv_data_table_head_horizontal_alignment":"center","ea_adv_data_table_head_color":"#FFFFFF","ea_adv_data_table_body_typography_typography":"custom","ea_adv_data_table_body_typography_font_family":"Montserrat","ea_adv_data_table_body_typography_font_size":{"unit":"px","size":18,"sizes":[]},"ea_adv_data_table_body_typography_font_weight":"500","ea_adv_data_table_body_horizontal_alignment":"center","ea_adv_data_table_body_color":"#003E53","ea_adv_data_table_body_background":"#FFFFFF","custom_css":"selector td {\n    min-width: 124px;\n}\n\nselector th {\n    font-size: 18px;\n}\n\nselector th:first-child {\n    font-weight: normal;\n}\n\nselector td:nth-last-child(-n+3){\n    background-color: #F8F8F8 !important;\n}\n\nselector td:first-child {\n    background-color: #003E53 !important;\n    color: #ffffff;\n    font-weight: 600;\n}\n\nselector th:first-child {\n    background-color: #13627D !important;   \n}\n    ","__globals__":{"ea_adv_data_table_body_color":"","ea_adv_data_table_body_background":"globals\/colors?id=primary","ea_adv_data_table_body_typography_typography":"","ea_adv_data_table_head_color":"globals\/colors?id=primary","ea_adv_data_table_head_background":"globals\/colors?id=7fcabb5","ea_adv_data_table_head_typography_typography":"globals\/typography?id=primary"},"_padding":{"unit":"%","top":"0","right":"0","bottom":"0","left":"0","isLinked":false}},"elements":[],"isInner":false,"widgetType":"eael-advanced-data-table","elType":"widget"},{"id":"7e99ff90","settings":{"ea_adv_data_table_static_html":"<thead><tr><th>\u03b2 - holky<\/th><th>Body<\/th><th>M\u00ed\u010de<\/th><th>Po\u0159ad\u00ed<\/th><\/tr><\/thead><tbody><tr><td>B\u00e1ra J.<\/td><td>6<\/td><td>100:98<\/td><td><b>1.<\/b><\/td><\/tr><tr><td>Mar\u0165a<\/td><td>5<\/td><td>108:94<\/td><td><b>2.<\/b><\/td><\/tr><tr><td>B\u00e1ra<\/td><td>5<\/td><td>111:107<\/td><td><b>3.<\/b><\/td><\/tr><tr><td>Lucka V.<\/td><td>4<\/td><td>84:105<\/td><td><b>4.<\/b><\/td><\/tr><\/tbody>","ea_adv_data_table_sort":"","ea_adv_data_table_search":"","ea_adv_data_table_search_placeholder":"Search","ea_adv_data_table_pagination":"","ea_adv_data_table_head_typography_typography":"custom","ea_adv_data_table_head_typography_font_family":"Montserrat","ea_adv_data_table_head_typography_font_size":{"unit":"px","size":20,"sizes":[]},"ea_adv_data_table_head_typography_font_weight":"600","ea_adv_data_table_head_horizontal_alignment":"center","ea_adv_data_table_head_color":"#FFFFFF","ea_adv_data_table_body_typography_typography":"custom","ea_adv_data_table_body_typography_font_family":"Montserrat","ea_adv_data_table_body_typography_font_size":{"unit":"px","size":18,"sizes":[]},"ea_adv_data_table_body_typography_font_weight":"500","ea_adv_data_table_body_horizontal_alignment":"center","ea_adv_data_table_body_color":"#003E53","ea_adv_data_table_body_background":"#FFFFFF","custom_css":"selector td {\n    min-width: 124px;\n}\n\nselector th {\n    font-size: 18px;\n}\n\nselector th:first-child {\n    font-weight: normal;\n}\n\nselector td:nth-last-child(-n+3){\n    background-color: #F8F8F8 !important;\n}\n\nselector td:first-child {\n    background-color: #003E53 !important;\n    color: #ffffff;\n    font-weight: 600;\n}\n\nselector th:first-child {\n    background-color: #13627D !important;   \n}\n    ","__globals__":{"ea_adv_data_table_body_color":"","ea_adv_data_table_body_background":"globals\/colors?id=primary","ea_adv_data_table_body_typography_typography":"","ea_adv_data_table_head_color":"globals\/colors?id=primary","ea_adv_data_table_head_background":"globals\/colors?id=7fcabb5","ea_adv_data_table_head_typography_typography":"globals\/typography?id=primary"},"_padding":{"unit":"%","top":"0","right":"0","bottom":"0","left":"0","isLinked":false}},"elements":[],"isInner":false,"widgetType":"eael-advanced-data-table","elType":"widget"},{"id":"118c6df5","settings":{"editor":"<p style=\"text-align: center;\"><b>Play-out kluk\u016f - o udr\u017een\u00ed<\/b><\/p>","text_color":"#003E53","typography_typography":"custom","typography_font_family":"Montserrat","typography_font_size":{"unit":"px","size":33,"sizes":[]},"typography_font_weight":"600","__globals__":{"text_color":"globals\/colors?id=7fcabb5","typography_typography":""},"_margin":{"unit":"px","top":"0","right":"0","bottom":"0","left":"0","isLinked":true},"_padding":{"unit":"px","top":"0","right":"0","bottom":"0","left":"0","isLinked":true}},"elements":[],"isInner":false,"widgetType":"text-editor","elType":"widget"},{"id":"777cbe55","settings":{"image":{"url":"https:\/\/www.rozvedcik-volejbal.cz\/wp-content\/uploads\/2022\/08\/B21-playout.svg","id":4813,"alt":"","source":"library"},"image_size":"custom","image_custom_dimension":{"width":"1024","height":""}},"elements":[],"isInner":false,"widgetType":"image","elType":"widget"},{"id":"124a78b8","settings":{"editor":"<p style=\"text-align: center;\"><b>Play-off<\/b><\/p>","text_color":"#003E53","typography_typography":"custom","typography_font_family":"Montserrat","typography_font_size":{"unit":"px","size":33,"sizes":[]},"typography_font_weight":"600","__globals__":{"text_color":"globals\/colors?id=7fcabb5","typography_typography":""},"_margin":{"unit":"px","top":"0","right":"0","bottom":"0","left":"0","isLinked":true},"_padding":{"unit":"px","top":"0","right":"0","bottom":"0","left":"0","isLinked":true}},"elements":[],"isInner":false,"widgetType":"text-editor","elType":"widget"},{"id":"23cbcc65","settings":{"image":{"url":"https:\/\/www.rozvedcik-volejbal.cz\/wp-content\/uploads\/2022\/08\/B21-playoff.svg","id":4811,"alt":"","source":"library"},"image_size":"custom","image_custom_dimension":{"width":"1024","height":""}},"elements":[],"isInner":false,"widgetType":"image","elType":"widget"}],"isInner":false,"elType":"column"}],"isInner":false,"elType":"section"},{"id":"439f1d28","settings":{"layout":"full_width","margin":{"unit":"px","top":"0","right":0,"bottom":"0","left":0,"isLinked":false},"padding":{"unit":"px","top":"0","right":"0","bottom":"0","left":"0","isLinked":false}},"elements":[{"id":"58625c5b","settings":{"_column_size":100,"_inline_size":null,"margin":{"unit":"px","top":"0","right":"0","bottom":"0","left":"0","isLinked":false},"padding":{"unit":"px","top":"0","right":"0","bottom":"0","left":"0","isLinked":false}},"elements":[{"id":"6289f1b2","settings":{"selected_icon":{"value":{"url":"https:\/\/www.rozvedcik-volejbal.cz\/wp-content\/uploads\/2022\/06\/chevron-up-circle-outline.svg","id":4402},"library":"svg"},"link":{"url":"#page-top","is_external":"","nofollow":"","custom_attributes":""},"align":"right","size":{"unit":"px","size":55,"sizes":[]},"_margin":{"unit":"px","top":"-20","right":"20","bottom":"0","left":"0","isLinked":false},"_padding":{"unit":"px","top":"0","right":"0","bottom":"0","left":"0","isLinked":true},"motion_fx_motion_fx_scrolling":"yes","motion_fx_translateY_effect":"yes","motion_fx_translateY_speed":{"unit":"px","size":2.5,"sizes":[]},"motion_fx_translateY_affectedRange":{"unit":"%","size":"","sizes":{"start":50,"end":100}},"motion_fx_opacity_range":{"unit":"%","size":"","sizes":{"start":0,"end":57}},"sticky":"bottom","sticky_offset":10,"__globals__":{"hover_primary_color":"globals\/colors?id=primary","primary_color":"globals\/colors?id=7fcabb5"}},"elements":[],"isInner":false,"widgetType":"icon","elType":"widget"}],"isInner":false,"elType":"column"}],"isInner":false,"elType":"section"}],"settings":{"template":"default","eael_ext_toc_title":"Table of Contents","background_background":"classic","__globals__":{"background_color":"globals\/colors?id=secondary"}},"metadata":[]}