{"content":[{"id":"1d2d84b4","settings":{"background_background":"classic","__globals__":{"background_color":"globals\/colors?id=7fcabb5"},"content_width":{"unit":"px","size":1024,"sizes":[]}},"elements":[{"id":"30bbce48","settings":{"_column_size":100,"_inline_size":null},"elements":[{"id":"32568c4c","settings":{"align_items":"center","submenu_icon":{"value":"fas fa-angle-down","library":"fa-solid"},"dropdown":"mobile","text_align":"center","menu_typography_typography":"custom","menu_typography_font_family":"Montserrat","menu_typography_font_weight":"600","color_menu_item":"#8DACA6","color_menu_item_hover":"#8DACA6","pointer_color_menu_item_hover":"#8DACA6","color_menu_item_active":"#8DACA6","pointer_color_menu_item_active":"#FFFFFF","dropdown_typography_typography":"custom","dropdown_typography_font_family":"Montserrat","dropdown_typography_font_size":{"unit":"px","size":16,"sizes":[]},"dropdown_typography_font_weight":"500","__globals__":{"menu_typography_typography":"globals\/typography?id=primary","color_menu_item":"globals\/colors?id=primary","color_menu_item_hover":"globals\/colors?id=primary","pointer_color_menu_item_hover":"globals\/colors?id=6e40ef7","color_menu_item_active":"globals\/colors?id=primary","pointer_color_menu_item_active":"globals\/colors?id=primary","dropdown_typography_typography":"","color_dropdown_item":"globals\/colors?id=7fcabb5","color_dropdown_item_hover":"globals\/colors?id=primary","background_color_dropdown_item_hover":"globals\/colors?id=6e40ef7","color_dropdown_item_active":"globals\/colors?id=6e40ef7","background_color_dropdown_item_active":"globals\/colors?id=primary","toggle_color":"globals\/colors?id=7fcabb5","toggle_background_color":"globals\/colors?id=secondary","toggle_color_hover":"globals\/colors?id=primary","toggle_background_color_hover":"globals\/colors?id=secondary","background_color_dropdown_item":"globals\/colors?id=primary"},"_z_index_mobile":1,"animation_line":"grow","toggle_size_mobile":{"unit":"px","size":20,"sizes":[]},"toggle_border_width_mobile":{"unit":"px","size":3,"sizes":[]},"toggle_border_radius_mobile":{"unit":"px","size":2,"sizes":[]}},"elements":[],"isInner":false,"widgetType":"nav-menu","elType":"widget"}],"isInner":false,"elType":"column"}],"isInner":false,"elType":"section"},{"id":"3927c49e","settings":[],"elements":[{"id":"119196f","settings":{"_column_size":100,"_inline_size":null},"elements":[{"id":"4445d329","settings":{"galleries":[{"gallery_title":"New Gallery","_id":"635cb48"}],"columns":3,"thumbnail_image_size":"medium_large","show_all_galleries_label":"All","overlay_title":"caption","image_hover_animation":"grow","gallery":[{"id":4108,"url":"https:\/\/www.rozvedcik-volejbal.cz\/wp-content\/uploads\/2022\/06\/286871900_2793201737654408_63257481865543165_n.jpg"},{"id":4112,"url":"https:\/\/www.rozvedcik-volejbal.cz\/wp-content\/uploads\/2022\/06\/287243108_396795732506025_3157368672086349841_n.jpg"},{"id":4110,"url":"https:\/\/www.rozvedcik-volejbal.cz\/wp-content\/uploads\/2022\/06\/286990305_394249652746980_1349217777196232709_n.jpg"},{"id":4107,"url":"https:\/\/www.rozvedcik-volejbal.cz\/wp-content\/uploads\/2022\/06\/286542823_454893093111754_140727205401518282_n.jpg"},{"id":4109,"url":"https:\/\/www.rozvedcik-volejbal.cz\/wp-content\/uploads\/2022\/06\/286986182_691604692130561_4072235463288143253_n.jpg"},{"id":4111,"url":"https:\/\/www.rozvedcik-volejbal.cz\/wp-content\/uploads\/2022\/06\/287203949_2359395444199790_3948589602298939443_n.jpg"},{"id":4114,"url":"https:\/\/www.rozvedcik-volejbal.cz\/wp-content\/uploads\/2022\/06\/ENDS9179.jpg"},{"id":4115,"url":"https:\/\/www.rozvedcik-volejbal.cz\/wp-content\/uploads\/2022\/06\/FMGY3844.jpg"},{"id":4116,"url":"https:\/\/www.rozvedcik-volejbal.cz\/wp-content\/uploads\/2022\/06\/FQEL7349.jpg"},{"id":4117,"url":"https:\/\/www.rozvedcik-volejbal.cz\/wp-content\/uploads\/2022\/06\/IMG_5231-scaled.jpg"},{"id":4118,"url":"https:\/\/www.rozvedcik-volejbal.cz\/wp-content\/uploads\/2022\/06\/IMG_5232-scaled.jpg"},{"id":4119,"url":"https:\/\/www.rozvedcik-volejbal.cz\/wp-content\/uploads\/2022\/06\/IMG_5235-scaled.jpg"},{"id":4120,"url":"https:\/\/www.rozvedcik-volejbal.cz\/wp-content\/uploads\/2022\/06\/IMG_5243-scaled.jpg"},{"id":4121,"url":"https:\/\/www.rozvedcik-volejbal.cz\/wp-content\/uploads\/2022\/06\/IMG_5248-scaled.jpg"},{"id":4221,"url":"https:\/\/www.rozvedcik-volejbal.cz\/wp-content\/uploads\/2022\/06\/VRJT4908.jpg"},{"id":4122,"url":"https:\/\/www.rozvedcik-volejbal.cz\/wp-content\/uploads\/2022\/06\/IMG_5251-scaled.jpg"},{"id":4124,"url":"https:\/\/www.rozvedcik-volejbal.cz\/wp-content\/uploads\/2022\/06\/IMG_5271-scaled.jpg"},{"id":4125,"url":"https:\/\/www.rozvedcik-volejbal.cz\/wp-content\/uploads\/2022\/06\/IMG_5274-scaled.jpg"},{"id":4126,"url":"https:\/\/www.rozvedcik-volejbal.cz\/wp-content\/uploads\/2022\/06\/IMG_5276-scaled.jpg"},{"id":4128,"url":"https:\/\/www.rozvedcik-volejbal.cz\/wp-content\/uploads\/2022\/06\/IMG_5385-scaled.jpg"},{"id":4129,"url":"https:\/\/www.rozvedcik-volejbal.cz\/wp-content\/uploads\/2022\/06\/IMG_5388-1-scaled.jpg"},{"id":4130,"url":"https:\/\/www.rozvedcik-volejbal.cz\/wp-content\/uploads\/2022\/06\/IMG_5396-scaled.jpg"},{"id":4131,"url":"https:\/\/www.rozvedcik-volejbal.cz\/wp-content\/uploads\/2022\/06\/IMG_5397-scaled.jpg"},{"id":4132,"url":"https:\/\/www.rozvedcik-volejbal.cz\/wp-content\/uploads\/2022\/06\/IMG_5398-scaled.jpg"},{"id":4133,"url":"https:\/\/www.rozvedcik-volejbal.cz\/wp-content\/uploads\/2022\/06\/IMG_5399-scaled.jpg"},{"id":4135,"url":"https:\/\/www.rozvedcik-volejbal.cz\/wp-content\/uploads\/2022\/06\/IMG_5405-scaled.jpg"},{"id":4136,"url":"https:\/\/www.rozvedcik-volejbal.cz\/wp-content\/uploads\/2022\/06\/IMG_5408-scaled.jpg"},{"id":4138,"url":"https:\/\/www.rozvedcik-volejbal.cz\/wp-content\/uploads\/2022\/06\/IMG_5420-scaled.jpg"},{"id":4139,"url":"https:\/\/www.rozvedcik-volejbal.cz\/wp-content\/uploads\/2022\/06\/IMG_5422-scaled.jpg"},{"id":4141,"url":"https:\/\/www.rozvedcik-volejbal.cz\/wp-content\/uploads\/2022\/06\/IMG_5439-scaled.jpg"},{"id":4142,"url":"https:\/\/www.rozvedcik-volejbal.cz\/wp-content\/uploads\/2022\/06\/IMG_5444-scaled.jpg"},{"id":4143,"url":"https:\/\/www.rozvedcik-volejbal.cz\/wp-content\/uploads\/2022\/06\/IMG_5445-scaled.jpg"},{"id":4144,"url":"https:\/\/www.rozvedcik-volejbal.cz\/wp-content\/uploads\/2022\/06\/IMG_5449-scaled.jpg"},{"id":4146,"url":"https:\/\/www.rozvedcik-volejbal.cz\/wp-content\/uploads\/2022\/06\/IMG_5474-scaled.jpg"},{"id":4147,"url":"https:\/\/www.rozvedcik-volejbal.cz\/wp-content\/uploads\/2022\/06\/IMG_5475-scaled.jpg"},{"id":4148,"url":"https:\/\/www.rozvedcik-volejbal.cz\/wp-content\/uploads\/2022\/06\/IMG_5476-scaled.jpg"},{"id":4149,"url":"https:\/\/www.rozvedcik-volejbal.cz\/wp-content\/uploads\/2022\/06\/IMG_5478-scaled.jpg"},{"id":4150,"url":"https:\/\/www.rozvedcik-volejbal.cz\/wp-content\/uploads\/2022\/06\/IMG_5479-scaled.jpg"},{"id":4151,"url":"https:\/\/www.rozvedcik-volejbal.cz\/wp-content\/uploads\/2022\/06\/IMG_5491-scaled.jpg"},{"id":4152,"url":"https:\/\/www.rozvedcik-volejbal.cz\/wp-content\/uploads\/2022\/06\/IMG_5495-scaled.jpg"},{"id":4153,"url":"https:\/\/www.rozvedcik-volejbal.cz\/wp-content\/uploads\/2022\/06\/IMG_5499-scaled.jpg"},{"id":4154,"url":"https:\/\/www.rozvedcik-volejbal.cz\/wp-content\/uploads\/2022\/06\/IMG_5506-scaled.jpg"},{"id":4155,"url":"https:\/\/www.rozvedcik-volejbal.cz\/wp-content\/uploads\/2022\/06\/IMG_5508-scaled.jpg"},{"id":4156,"url":"https:\/\/www.rozvedcik-volejbal.cz\/wp-content\/uploads\/2022\/06\/IMG_5510-scaled.jpg"},{"id":4157,"url":"https:\/\/www.rozvedcik-volejbal.cz\/wp-content\/uploads\/2022\/06\/IMG_5513-scaled.jpg"},{"id":4158,"url":"https:\/\/www.rozvedcik-volejbal.cz\/wp-content\/uploads\/2022\/06\/IMG_5514-scaled.jpg"},{"id":4165,"url":"https:\/\/www.rozvedcik-volejbal.cz\/wp-content\/uploads\/2022\/06\/IMG_5540-scaled.jpg"},{"id":4182,"url":"https:\/\/www.rozvedcik-volejbal.cz\/wp-content\/uploads\/2022\/06\/IMG_20220611_103416-scaled.jpg"},{"id":4183,"url":"https:\/\/www.rozvedcik-volejbal.cz\/wp-content\/uploads\/2022\/06\/IMG_20220611_103418-scaled.jpg"},{"id":4184,"url":"https:\/\/www.rozvedcik-volejbal.cz\/wp-content\/uploads\/2022\/06\/IMG_20220611_103846_1-scaled.jpg"},{"id":4185,"url":"https:\/\/www.rozvedcik-volejbal.cz\/wp-content\/uploads\/2022\/06\/IMG_20220611_103909-scaled.jpg"},{"id":4186,"url":"https:\/\/www.rozvedcik-volejbal.cz\/wp-content\/uploads\/2022\/06\/IMG_20220611_104007-scaled.jpg"},{"id":4187,"url":"https:\/\/www.rozvedcik-volejbal.cz\/wp-content\/uploads\/2022\/06\/IMG_20220611_104008_2-scaled.jpg"},{"id":4189,"url":"https:\/\/www.rozvedcik-volejbal.cz\/wp-content\/uploads\/2022\/06\/IMG_20220611_104105_3-scaled.jpg"},{"id":4190,"url":"https:\/\/www.rozvedcik-volejbal.cz\/wp-content\/uploads\/2022\/06\/IMG_20220611_104333-scaled.jpg"},{"id":4191,"url":"https:\/\/www.rozvedcik-volejbal.cz\/wp-content\/uploads\/2022\/06\/IMG_20220611_130032-scaled.jpg"},{"id":4192,"url":"https:\/\/www.rozvedcik-volejbal.cz\/wp-content\/uploads\/2022\/06\/IMG_20220611_130342_001_COVER-scaled.jpg"},{"id":4193,"url":"https:\/\/www.rozvedcik-volejbal.cz\/wp-content\/uploads\/2022\/06\/IMG_20220611_130401_002-scaled.jpg"},{"id":4194,"url":"https:\/\/www.rozvedcik-volejbal.cz\/wp-content\/uploads\/2022\/06\/IMG_20220611_130401_010-scaled.jpg"},{"id":4195,"url":"https:\/\/www.rozvedcik-volejbal.cz\/wp-content\/uploads\/2022\/06\/IMG_20220611_130401_012-scaled.jpg"},{"id":4196,"url":"https:\/\/www.rozvedcik-volejbal.cz\/wp-content\/uploads\/2022\/06\/IMG_20220611_130523_002-scaled.jpg"},{"id":4197,"url":"https:\/\/www.rozvedcik-volejbal.cz\/wp-content\/uploads\/2022\/06\/IMG_20220611_130526_006-scaled.jpg"},{"id":4198,"url":"https:\/\/www.rozvedcik-volejbal.cz\/wp-content\/uploads\/2022\/06\/IMG_20220611_130541_011-scaled.jpg"},{"id":4199,"url":"https:\/\/www.rozvedcik-volejbal.cz\/wp-content\/uploads\/2022\/06\/IMG_20220611_130643_001_COVER-scaled.jpg"},{"id":4200,"url":"https:\/\/www.rozvedcik-volejbal.cz\/wp-content\/uploads\/2022\/06\/IMG_20220611_130643_016-scaled.jpg"},{"id":4201,"url":"https:\/\/www.rozvedcik-volejbal.cz\/wp-content\/uploads\/2022\/06\/IMG_20220611_130718_007-scaled.jpg"},{"id":4202,"url":"https:\/\/www.rozvedcik-volejbal.cz\/wp-content\/uploads\/2022\/06\/IMG_20220611_130752_2-scaled.jpg"},{"id":4203,"url":"https:\/\/www.rozvedcik-volejbal.cz\/wp-content\/uploads\/2022\/06\/IMG_20220611_152807_005-scaled.jpg"},{"id":4204,"url":"https:\/\/www.rozvedcik-volejbal.cz\/wp-content\/uploads\/2022\/06\/IMG_20220611_152831_1-scaled.jpg"},{"id":4205,"url":"https:\/\/www.rozvedcik-volejbal.cz\/wp-content\/uploads\/2022\/06\/IMG_20220611_152843_011-scaled.jpg"},{"id":4206,"url":"https:\/\/www.rozvedcik-volejbal.cz\/wp-content\/uploads\/2022\/06\/IMG_20220611_152927_001_COVER-scaled.jpg"},{"id":4207,"url":"https:\/\/www.rozvedcik-volejbal.cz\/wp-content\/uploads\/2022\/06\/IMG_20220611_153026_016-scaled.jpg"},{"id":4208,"url":"https:\/\/www.rozvedcik-volejbal.cz\/wp-content\/uploads\/2022\/06\/IMG_20220611_153130_017-scaled.jpg"},{"id":4209,"url":"https:\/\/www.rozvedcik-volejbal.cz\/wp-content\/uploads\/2022\/06\/IMG_20220611_153612-scaled.jpg"},{"id":4210,"url":"https:\/\/www.rozvedcik-volejbal.cz\/wp-content\/uploads\/2022\/06\/IMG_20220611_153730_009-scaled.jpg"},{"id":4211,"url":"https:\/\/www.rozvedcik-volejbal.cz\/wp-content\/uploads\/2022\/06\/IMG_20220611_153850-scaled.jpg"},{"id":4212,"url":"https:\/\/www.rozvedcik-volejbal.cz\/wp-content\/uploads\/2022\/06\/IMG_20220611_153943-scaled.jpg"},{"id":4214,"url":"https:\/\/www.rozvedcik-volejbal.cz\/wp-content\/uploads\/2022\/06\/IMG_E5256-scaled.jpg"},{"id":4215,"url":"https:\/\/www.rozvedcik-volejbal.cz\/wp-content\/uploads\/2022\/06\/IMG_E5426-scaled.jpg"},{"id":4219,"url":"https:\/\/www.rozvedcik-volejbal.cz\/wp-content\/uploads\/2022\/06\/OTEL8879.jpg"},{"id":4220,"url":"https:\/\/www.rozvedcik-volejbal.cz\/wp-content\/uploads\/2022\/06\/TARN3106.jpg"},{"id":4159,"url":"https:\/\/www.rozvedcik-volejbal.cz\/wp-content\/uploads\/2022\/06\/IMG_5515-scaled.jpg"},{"id":4160,"url":"https:\/\/www.rozvedcik-volejbal.cz\/wp-content\/uploads\/2022\/06\/IMG_5522-scaled.jpg"},{"id":4161,"url":"https:\/\/www.rozvedcik-volejbal.cz\/wp-content\/uploads\/2022\/06\/IMG_5527-scaled.jpg"},{"id":4162,"url":"https:\/\/www.rozvedcik-volejbal.cz\/wp-content\/uploads\/2022\/06\/IMG_5530-scaled.jpg"},{"id":4163,"url":"https:\/\/www.rozvedcik-volejbal.cz\/wp-content\/uploads\/2022\/06\/IMG_5534-scaled.jpg"},{"id":4166,"url":"https:\/\/www.rozvedcik-volejbal.cz\/wp-content\/uploads\/2022\/06\/IMG_5548-scaled.jpg"},{"id":4099,"url":"https:\/\/www.rozvedcik-volejbal.cz\/wp-content\/uploads\/2022\/06\/IMG_5574-scaled.jpg"},{"id":4164,"url":"https:\/\/www.rozvedcik-volejbal.cz\/wp-content\/uploads\/2022\/06\/IMG_5537-scaled.jpg"},{"id":4169,"url":"https:\/\/www.rozvedcik-volejbal.cz\/wp-content\/uploads\/2022\/06\/IMG_5557-scaled.jpg"},{"id":4170,"url":"https:\/\/www.rozvedcik-volejbal.cz\/wp-content\/uploads\/2022\/06\/IMG_5559-scaled.jpg"},{"id":4167,"url":"https:\/\/www.rozvedcik-volejbal.cz\/wp-content\/uploads\/2022\/06\/IMG_5549-scaled.jpg"},{"id":4217,"url":"https:\/\/www.rozvedcik-volejbal.cz\/wp-content\/uploads\/2022\/06\/IMG_E5552-scaled.jpg"},{"id":4171,"url":"https:\/\/www.rozvedcik-volejbal.cz\/wp-content\/uploads\/2022\/06\/IMG_5562-scaled.jpg"},{"id":4172,"url":"https:\/\/www.rozvedcik-volejbal.cz\/wp-content\/uploads\/2022\/06\/IMG_5567-scaled.jpg"},{"id":4173,"url":"https:\/\/www.rozvedcik-volejbal.cz\/wp-content\/uploads\/2022\/06\/IMG_5571-scaled.jpg"},{"id":4174,"url":"https:\/\/www.rozvedcik-volejbal.cz\/wp-content\/uploads\/2022\/06\/IMG_5572-scaled.jpg"},{"id":4175,"url":"https:\/\/www.rozvedcik-volejbal.cz\/wp-content\/uploads\/2022\/06\/IMG_5573-scaled.jpg"},{"id":4177,"url":"https:\/\/www.rozvedcik-volejbal.cz\/wp-content\/uploads\/2022\/06\/IMG_5576-scaled.jpg"},{"id":4178,"url":"https:\/\/www.rozvedcik-volejbal.cz\/wp-content\/uploads\/2022\/06\/IMG_5579-scaled.jpg"},{"id":4179,"url":"https:\/\/www.rozvedcik-volejbal.cz\/wp-content\/uploads\/2022\/06\/IMG_5580-scaled.jpg"},{"id":4100,"url":"https:\/\/www.rozvedcik-volejbal.cz\/wp-content\/uploads\/2022\/06\/IMG_5584-scaled.jpg"},{"id":4113,"url":"https:\/\/www.rozvedcik-volejbal.cz\/wp-content\/uploads\/2022\/06\/DHAE3576.jpg"},{"id":4181,"url":"https:\/\/www.rozvedcik-volejbal.cz\/wp-content\/uploads\/2022\/06\/IMG_5627-scaled.jpg"}]},"elements":[],"isInner":false,"widgetType":"gallery","elType":"widget"}],"isInner":false,"elType":"column"}],"isInner":false,"elType":"section"}],"settings":{"template":"default","eael_ext_toc_title":"Table of Contents"},"metadata":[]}