{"content":[{"id":"6755c0a6","settings":{"background_background":"classic","__globals__":{"background_color":"globals\/colors?id=7fcabb5"},"content_width":{"unit":"px","size":1024,"sizes":[]},"_element_id":"page-top"},"elements":[{"id":"6be689c0","settings":{"_column_size":100,"_inline_size":null},"elements":[{"id":"275d38ab","settings":{"align_items":"center","submenu_icon":{"value":"fas fa-angle-down","library":"fa-solid"},"dropdown":"mobile","text_align":"center","menu_typography_typography":"custom","menu_typography_font_family":"Montserrat","menu_typography_font_weight":"600","color_menu_item":"#8DACA6","color_menu_item_hover":"#8DACA6","pointer_color_menu_item_hover":"#8DACA6","color_menu_item_active":"#8DACA6","pointer_color_menu_item_active":"#FFFFFF","dropdown_typography_typography":"custom","dropdown_typography_font_family":"Montserrat","dropdown_typography_font_size":{"unit":"px","size":16,"sizes":[]},"dropdown_typography_font_weight":"500","__globals__":{"menu_typography_typography":"globals\/typography?id=primary","color_menu_item":"globals\/colors?id=primary","color_menu_item_hover":"globals\/colors?id=primary","pointer_color_menu_item_hover":"globals\/colors?id=6e40ef7","color_menu_item_active":"globals\/colors?id=primary","pointer_color_menu_item_active":"globals\/colors?id=primary","dropdown_typography_typography":"","color_dropdown_item":"globals\/colors?id=7fcabb5","color_dropdown_item_hover":"globals\/colors?id=primary","background_color_dropdown_item_hover":"globals\/colors?id=6e40ef7","color_dropdown_item_active":"globals\/colors?id=6e40ef7","background_color_dropdown_item_active":"globals\/colors?id=primary","toggle_color":"globals\/colors?id=7fcabb5","toggle_background_color":"globals\/colors?id=secondary","toggle_color_hover":"globals\/colors?id=primary","toggle_background_color_hover":"globals\/colors?id=secondary","background_color_dropdown_item":"globals\/colors?id=primary"},"_z_index_mobile":1,"animation_line":"grow","toggle_size_mobile":{"unit":"px","size":20,"sizes":[]},"toggle_border_width_mobile":{"unit":"px","size":3,"sizes":[]},"toggle_border_radius_mobile":{"unit":"px","size":2,"sizes":[]}},"elements":[],"isInner":false,"widgetType":"nav-menu","elType":"widget"}],"isInner":false,"elType":"column"}],"isInner":false,"elType":"section"},{"id":"1d1bf5ba","settings":{"background_background":"classic","__globals__":{"background_color":"globals\/colors?id=7fcabb5"},"content_width":{"unit":"px","size":1024,"sizes":[]}},"elements":[{"id":"66d6e1d5","settings":{"_column_size":100,"_inline_size":null},"elements":[{"id":"6361f085","settings":{"title":"2022&nbsp;-&nbsp;PROFI","align":"center","__globals__":{"title_color":"globals\/colors?id=primary","typography_typography":""},"title_color":"#FFFFFF","typography_typography":"custom","typography_font_family":"Montserrat","typography_font_weight":"400","typography_text_transform":"uppercase"},"elements":[],"isInner":false,"widgetType":"heading","elType":"widget"}],"isInner":false,"elType":"column"}],"isInner":false,"elType":"section"},{"id":"5b295beb","settings":{"structure":"20","background_background":"classic","__globals__":{"background_color_b":"globals\/colors?id=primary","background_color":"globals\/colors?id=secondary"},"content_width":{"unit":"px","size":1024,"sizes":[]}},"elements":[{"id":"415a08d4","settings":{"_column_size":50,"_inline_size":null,"content_position":"top","padding":{"unit":"px","top":"15","right":"0","bottom":"15","left":"0","isLinked":false},"custom_css":"selector .elementor-widget-wrap {\r\n        flex-direction: column;\r\n}\r\n\r\nselector .elementor-widget-wrap .align-to-bottom {\r\n        margin-top: auto;\r\n}"},"elements":[{"id":"4cfa75b7","settings":{"icon_list":[{"text":"11. 6. 2022","selected_icon":{"value":"far fa-calendar-alt","library":"fa-regular"},"_id":"7a469eb"},{"text":"25 hr\u00e1\u010d\u016f","selected_icon":{"value":"fas fa-users","library":"fa-solid"},"_id":"d7dca6f"},{"text":"Losov\u00e1n\u00ed: N\u00e1hodn\u00e9","selected_icon":{"value":"fas fa-dice","library":"fa-solid"},"_id":"68ad138"},{"_id":"834d463","text":"Syst\u00e9m: <span style=\"white-space: normal;\">2&nbsp;podturnaje 4&nbsp;t\u00fdm\u016f a fin\u00e1le<\/span>","selected_icon":{"value":"fas fa-table","library":"fa-solid"}}],"icon_align":"left","icon_self_align":"center","_padding":{"unit":"%","top":"0","right":"5","bottom":"0","left":"5","isLinked":false},"__globals__":{"icon_typography_typography":"","icon_color":"globals\/colors?id=7fcabb5","text_color":"globals\/colors?id=7fcabb5"},"icon_align_mobile":"left","_padding_mobile":{"unit":"px","top":"0","right":"0","bottom":"0","left":"15","isLinked":false},"view":"","space_between":{"unit":"px","size":4,"sizes":[]},"icon_color":"#003E53","icon_size":{"unit":"px","size":25,"sizes":[]},"text_color":"#003E53","text_indent":{"unit":"px","size":18,"sizes":[]},"icon_typography_typography":"custom","icon_typography_font_family":"Montserrat","icon_typography_font_size":{"unit":"px","size":21,"sizes":[]},"icon_typography_font_weight":"600"},"elements":[],"isInner":false,"widgetType":"icon-list","elType":"widget"},{"id":"ae4fd3a","settings":{"content_width":{"unit":"px","size":500,"sizes":[]},"structure":"20","custom_css":"@media(max-width: 767px){\n    selector .elementor-button-wrapper {\n        padding: 0 20%;\n    }\n}\n\n@media(max-width: 450px){\n    selector .elementor-button-wrapper {\n        padding: 0 10%;\n    }\n}","css_classes":"align-to-bottom"},"elements":[{"id":"151077a9","settings":{"_column_size":50,"_inline_size":null},"elements":[{"id":"267f5584","settings":{"text":"Turnaj 2021 - BEACH","link":{"url":"https:\/\/www.rozvedcik-volejbal.cz\/previous\/2021-beach\/","is_external":"","nofollow":"","custom_attributes":""},"align":"justify","selected_icon":{"value":"fas fa-angle-double-left","library":"fa-solid"},"border_radius":{"unit":"px","top":"2","right":"2","bottom":"2","left":"2","isLinked":true},"__globals__":{"typography_typography":"globals\/typography?id=primary","button_text_color":"globals\/colors?id=7fcabb5","background_color":"globals\/colors?id=a2c7b92","hover_color":"globals\/colors?id=primary"},"align_mobile":"justify","_z_index":1,"icon_indent":{"unit":"px","size":8,"sizes":[]},"_element_vertical_align":"flex-end","_margin":{"unit":"px","top":"-1","right":"-1","bottom":"-1","left":"-1","isLinked":true}},"elements":[],"isInner":false,"widgetType":"button","elType":"widget"}],"isInner":true,"elType":"column"},{"id":"1b130348","settings":{"_column_size":50,"_inline_size":null},"elements":[{"id":"640a0799","settings":{"text":"Turnaj 2022 - HOBBY","link":{"url":"https:\/\/www.rozvedcik-volejbal.cz\/previous\/2022-hobby\/","is_external":"","nofollow":"","custom_attributes":""},"align":"justify","selected_icon":{"value":"fas fa-angle-double-right","library":"fa-solid"},"icon_align":"right","border_radius":{"unit":"px","top":"2","right":"2","bottom":"2","left":"2","isLinked":true},"__globals__":{"typography_typography":"globals\/typography?id=primary","button_text_color":"globals\/colors?id=7fcabb5","background_color":"globals\/colors?id=a2c7b92","hover_color":"globals\/colors?id=primary"},"align_mobile":"justify","icon_indent":{"unit":"px","size":8,"sizes":[]},"_element_custom_width":{"unit":"px","size":235,"sizes":[]},"_element_vertical_align":"flex-start","typography_typography":"custom","typography_font_family":"Montserrat","typography_font_weight":"600","hover_color":"#FFFFFF","_margin":{"unit":"px","top":"-1","right":"-1","bottom":"-1","left":"-1","isLinked":true}},"elements":[],"isInner":false,"widgetType":"button","elType":"widget"}],"isInner":true,"elType":"column"}],"isInner":true,"elType":"section"}],"isInner":false,"elType":"column"},{"id":"46630965","settings":{"_column_size":50,"_inline_size":null,"custom_css":"@media (max-width: 767px){\r\n.eael-data-table-wrap {\r\n    overflow-x: scroll !important;\r\n    padding-bottom: 5px;\r\n}\r\n}","content_position":"space-between","padding":{"unit":"px","top":"15","right":"0","bottom":"15","left":"0","isLinked":false}},"elements":[{"id":"1ff17629","settings":{"carousel":[{"id":4099,"url":"https:\/\/www.rozvedcik-volejbal.cz\/wp-content\/uploads\/2022\/06\/IMG_5574-scaled.jpg"},{"id":4102,"url":"https:\/\/www.rozvedcik-volejbal.cz\/wp-content\/uploads\/2022\/06\/vitezove-scaled.jpg"},{"id":4101,"url":"https:\/\/www.rozvedcik-volejbal.cz\/wp-content\/uploads\/2022\/06\/nancy-scaled.jpg"}],"thumbnail_size":"large","slides_to_show":"1"},"elements":[],"isInner":false,"widgetType":"image-carousel","elType":"widget"},{"id":"67be1f77","settings":[],"elements":[{"id":"138407ca","settings":{"_column_size":100,"_inline_size":null},"elements":[{"id":"13ac0c9","settings":{"text":"V\u0161echny fotky","align":"center","selected_icon":{"value":"fas fa-angle-right","library":"fa-solid"},"icon_align":"right","border_radius":{"unit":"px","top":"2","right":"2","bottom":"2","left":"2","isLinked":true},"__globals__":{"typography_typography":"globals\/typography?id=primary","button_text_color":"globals\/colors?id=7fcabb5","background_color":"globals\/colors?id=a2c7b92","hover_color":"globals\/colors?id=primary"},"icon_indent":{"unit":"px","size":8,"sizes":[]},"link":{"url":"https:\/\/www.rozvedcik-volejbal.cz\/gallery\/2022-profi\/","is_external":"","nofollow":"","custom_attributes":""}},"elements":[],"isInner":false,"widgetType":"button","elType":"widget"}],"isInner":true,"elType":"column"}],"isInner":true,"elType":"section"}],"isInner":false,"elType":"column"}],"isInner":false,"elType":"section"},{"id":"3dbedfcc","settings":{"custom_height":{"unit":"px","size":200,"sizes":[]},"column_position":"top","background_background":"classic","__globals__":{"background_color":"globals\/colors?id=secondary"},"content_width":{"unit":"px","size":1024,"sizes":[]}},"elements":[{"id":"6bd9cde0","settings":{"_column_size":100,"_inline_size":null},"elements":[{"id":"462f3ca6","settings":{"look":"line_icon","text":"Odd\u011blova\u010d","icon":{"value":"fas fa-volleyball-ball","library":"fa-solid"},"weight":{"unit":"px","size":3,"sizes":[]},"gap":{"unit":"px","size":10,"sizes":[]},"icon_size":{"unit":"px","size":60,"sizes":[]},"icon_spacing":{"unit":"px","size":25,"sizes":[]},"rotate":{"unit":"deg","size":"","sizes":[]},"__globals__":{"color":"globals\/colors?id=7fcabb5","primary_color":"globals\/colors?id=7fcabb5"}},"elements":[],"isInner":false,"widgetType":"divider","elType":"widget"}],"isInner":false,"elType":"column"}],"isInner":false,"elType":"section"},{"id":"4b3d4bcb","settings":{"content_width":{"unit":"px","size":1024,"sizes":[]},"padding":{"unit":"px","top":"0","right":"0","bottom":"10","left":"0","isLinked":false}},"elements":[{"id":"2555b23b","settings":{"_column_size":100,"_inline_size":null},"elements":[{"id":"2a6bea44","settings":{"editor":"Turnaje se \u00fa\u010dastnilo 12 nalosovan\u00fdch dvojic. Hr\u00e1ly se dva podturnaje \u2013 dopoledn\u00ed a odpoledn\u00ed. V&nbsp;ka\u017ed\u00e9m podturnaji se podle rozlosov\u00e1n\u00ed spojily v\u017edy t\u0159i dvojice do \u010dty\u0159 t\u00fdm\u016f tak, \u017ee ka\u017ed\u00e9 dvojici se mezi dopoledn\u00edm a odpoledn\u00edm podturnajem vym\u011bnili v\u0161ichni \u010dty\u0159i spoluhr\u00e1\u010di.<br<br>\nOba podturnaje se hr\u00e1ly formou skupiny syst\u00e9mem ka\u017ed\u00fd s&nbsp;ka\u017ed\u00fdm. Z\u00e1pasy se hr\u00e1ly na dva hran\u00e9 sety do&nbsp;25 (o&nbsp;2&nbsp;body) od stavu\u00a05:5. Bodovalo se setov\u00fdm syst\u00e9mem \u2013 za v\u00edt\u011bzstv\u00ed 2:0 dva body, za rem\u00edzu 1:1 jeden bod a za prohru 0:2 nula bod\u016f.<br><br>\nO po\u0159ad\u00ed ve skupin\u00e1ch rozhodovaly postupn\u011b: po\u010det bod\u016f, po\u010det v\u00fdher\u00a02:0, pom\u011br m\u00ed\u010d\u016f, po\u010det bod\u016f ze vz\u00e1jemn\u00e9ho z\u00e1pasu, pom\u011br m\u00ed\u010d\u016f ze vz\u00e1jemn\u00e9ho z\u00e1pasu, ni\u017e\u0161\u00ed sou\u010det v\u00fd\u0161ky v\u0161ech hr\u00e1\u010d\u016f, vy\u0161\u0161\u00ed sou\u010det v\u00e1hy v\u0161ech hr\u00e1\u010d\u016f, v\u00fd\u0161e nezi\u0161tn\u00e9ho daru organiz\u00e1tor\u016fm.<br><br>\nVyhodnocen\u00ed turnaje (mezi dvojicemi) prob\u00edhalo sou\u010dtem v\u00fdsledk\u016f z&nbsp;obou turnaj\u016f. O po\u0159ad\u00ed rozhodovaly postupn\u011b: po\u010det bod\u016f, po\u010det v\u00fdher 2:0, pom\u011br m\u00ed\u010d\u016f, po\u0159ad\u00ed v&nbsp;druh\u00e9m turnaji, po\u0159ad\u00ed v&nbsp;prvn\u00edm turnaji.<br><br>\nN\u00e1sledn\u011b se vytvo\u0159ily t\u00fdmy, kter\u00e9 si proti sob\u011b zahr\u00e1ly fin\u00e1le. M\u011bli jsme 3&nbsp;typy dvojic (A:&nbsp;MA+MD, B:&nbsp;MB+ZB, C:&nbsp;MC+ZA). T\u00fdmy do fin\u00e1le byly n\u00e1sleduj\u00edc\u00ed - t\u00fdm&nbsp;1: nejlep\u0161\u00ed dvojice typu\u00a0A + 2.&nbsp;nejlep\u0161\u00ed dvojice typu\u00a0B + 2.&nbsp;nejlep\u0161\u00ed dvojice typu\u00a0C; t\u00fdm&nbsp;2: 2.&nbsp;nejlep\u0161\u00ed dvojice typu\u00a0A + nejlep\u0161\u00ed dvojice typu\u00a0B + nejlep\u0161\u00ed dvojice typu\u00a0C. V&nbsp;na\u0161em p\u0159\u00edpad\u011b to dokonce dopadlo tak, \u017ee si proti sob\u011b zahr\u00e1la kompletn\u00ed sestava v\u00edt\u011bz\u016f prvn\u00edho turnaje proti kompletn\u00ed sestav\u011b v\u00edt\u011bz\u016f druh\u00e9ho turnaje.","text_color":"#003E53","typography_typography":"custom","typography_font_family":"Montserrat","typography_font_weight":"500","__globals__":{"text_color":"globals\/colors?id=7fcabb5","typography_typography":""},"align":"justify","custom_css":"@media(max-width: 410px){\n    selector .elementor-widget-container {\n        text-align: center;\n    }\n}"},"elements":[],"isInner":false,"widgetType":"text-editor","elType":"widget"},{"id":"6ffe9bf2","settings":{"title":"Dopoledn\u00ed turnaj","align":"center","typography_typography":"custom","typography_font_family":"Montserrat","typography_font_size":{"unit":"px","size":42,"sizes":[]},"typography_font_weight":"400","typography_text_transform":"uppercase","__globals__":{"title_color":"globals\/colors?id=7fcabb5"},"_margin":{"unit":"px","top":"30","right":"0","bottom":"0","left":"0","isLinked":false}},"elements":[],"isInner":false,"widgetType":"heading","elType":"widget"},{"id":"66009987","settings":{"image":{"url":"https:\/\/www.rozvedcik-volejbal.cz\/wp-content\/uploads\/2022\/06\/286572626_1010197949867400_2818239005261795672_n.jpg","id":4244,"alt":"","source":"library"},"title_text":"<img draggable=\"false\" role=\"img\" class=\"emoji\" alt=\"\ud83e\udd47\" src=\"https:\/\/s.w.org\/images\/core\/emoji\/13.1.0\/svg\/1f947.svg\"> 1.&nbsp;m\u00edsto <img draggable=\"false\" role=\"img\" class=\"emoji\" alt=\"\ud83e\udd47\" src=\"https:\/\/s.w.org\/images\/core\/emoji\/13.1.0\/svg\/1f947.svg\">","description_text":"Zleva: <i>Mazy, Pajmi\u010d, Poky, Vojta<\/i><br>Zleva vp\u0159edu: <i>Radka&nbsp;M., Martina&nbsp;D.<\/i>","image_size":{"unit":"%","size":60,"sizes":[]},"title_bottom_space":{"unit":"px","size":20,"sizes":[]},"title_color":"#003E53","description_color":"#003E53","description_typography_typography":"custom","description_typography_font_family":"Montserrat","description_typography_font_weight":"500","__globals__":{"title_color":"globals\/colors?id=7fcabb5","description_typography_typography":"","description_color":"globals\/colors?id=7fcabb5"},"image_size_mobile":{"unit":"%","size":100,"sizes":[]},"_padding":{"unit":"px","top":"0","right":"0","bottom":"20","left":"0","isLinked":false},"_margin":{"unit":"px","top":"0","right":"0","bottom":"20","left":"0","isLinked":false}},"elements":[],"isInner":false,"widgetType":"image-box","elType":"widget"},{"id":"130d130c","settings":{"image":{"url":"https:\/\/www.rozvedcik-volejbal.cz\/wp-content\/uploads\/2022\/06\/286141978_785877979447252_2148121500548345017_n.jpg","id":4243,"alt":"","source":"library"},"title_text":"<img draggable=\"false\" role=\"img\" class=\"emoji\" alt=\"\ud83e\udd48\" src=\"https:\/\/s.w.org\/images\/core\/emoji\/13.1.0\/svg\/1f948.svg\"> 2.&nbsp;m\u00edsto <img draggable=\"false\" role=\"img\" class=\"emoji\" alt=\"\ud83e\udd48\" src=\"https:\/\/s.w.org\/images\/core\/emoji\/13.1.0\/svg\/1f948.svg\">","description_text":"Zleva: <i>Michal&nbsp;N., M\u00e1ra&nbsp;Z., Zuzka&nbsp;\u010c., Hanka&nbsp;V., \u017dum, Juan<\/i>","image_size":{"unit":"%","size":60,"sizes":[]},"title_bottom_space":{"unit":"px","size":20,"sizes":[]},"title_color":"#003E53","description_color":"#003E53","description_typography_typography":"custom","description_typography_font_family":"Montserrat","description_typography_font_weight":"500","__globals__":{"title_color":"globals\/colors?id=7fcabb5","description_typography_typography":"","description_color":"globals\/colors?id=7fcabb5"},"image_size_mobile":{"unit":"%","size":100,"sizes":[]},"_padding":{"unit":"px","top":"0","right":"0","bottom":"20","left":"0","isLinked":false},"_margin":{"unit":"px","top":"0","right":"0","bottom":"20","left":"0","isLinked":false}},"elements":[],"isInner":false,"widgetType":"image-box","elType":"widget"},{"id":"62c874","settings":{"image":{"url":"https:\/\/www.rozvedcik-volejbal.cz\/wp-content\/uploads\/2022\/06\/286015406_388436606587318_8274487930255550815_n.jpg","id":4242,"alt":"","source":"library"},"title_text":"\ud83e\udd49 3.&nbsp;m\u00edsto \ud83e\udd49","description_text":"Zleva: <i>An\u010da, Tomy, Naty&nbsp;V., Kudla, Michal&nbsp;H.<\/i> <span style=\"font-size:0.85em\">+ <i>Zel\u00ed<\/i>&nbsp;(chyb\u00ed)<\/span>","image_size":{"unit":"%","size":60,"sizes":[]},"title_bottom_space":{"unit":"px","size":20,"sizes":[]},"title_color":"#003E53","description_color":"#003E53","description_typography_typography":"custom","description_typography_font_family":"Montserrat","description_typography_font_weight":"500","__globals__":{"title_color":"globals\/colors?id=7fcabb5","description_typography_typography":"","description_color":"globals\/colors?id=7fcabb5"},"image_size_mobile":{"unit":"%","size":100,"sizes":[]},"_padding":{"unit":"px","top":"0","right":"0","bottom":"20","left":"0","isLinked":false}},"elements":[],"isInner":false,"widgetType":"image-box","elType":"widget"},{"id":"79faccee","settings":{"image":{"url":"https:\/\/www.rozvedcik-volejbal.cz\/wp-content\/uploads\/2022\/06\/285535806_595236065155015_1550859161970331245_n.jpg","id":4241,"alt":"","source":"library"},"title_text":"\ud83c\udfc5 4.&nbsp;m\u00edsto \ud83c\udfc5","description_text":"Zleva: <i>Alex&nbsp;L., Ziky, Valda, B\u00e1ra, Radim&nbsp;P., Kali, Zuzka&nbsp;\u0160\u00e1tek<\/i>","image_size":{"unit":"%","size":60,"sizes":[]},"title_bottom_space":{"unit":"px","size":20,"sizes":[]},"title_color":"#003E53","description_color":"#003E53","description_typography_typography":"custom","description_typography_font_family":"Montserrat","description_typography_font_weight":"500","__globals__":{"title_color":"globals\/colors?id=7fcabb5","description_typography_typography":"","description_color":"globals\/colors?id=7fcabb5"},"image_size_mobile":{"unit":"%","size":100,"sizes":[]},"_padding":{"unit":"px","top":"0","right":"0","bottom":"20","left":"0","isLinked":false},"_margin":{"unit":"px","top":"0","right":"0","bottom":"20","left":"0","isLinked":false}},"elements":[],"isInner":false,"widgetType":"image-box","elType":"widget"},{"id":"3de09394","settings":{"ea_adv_data_table_static_html":"<thead><tr><th>Dopoledn\u00ed turnaj<\/th><th>A<\/th><th>B<\/th><th>C<\/th><th>D<\/th><th>Body<\/th><th>M\u00ed\u010de<\/th><th>Po\u0159ad\u00ed<\/th><\/tr><\/thead><tbody><tr><td>A<\/td><td>-<\/td><td><b><span style='font-size: 1.1em;'>0:2<\/span><\/b><br><i>22:25<\/i><br><i>19:25<\/i><\/td><td><b><span style='font-size: 1.1em;'>2:0<\/span><\/b><br><i>25:14<\/i><br><i>25:17<\/i><\/td><td><b><span style='font-size: 1.1em;'>1:1<\/span><\/b><br><i>25:21<\/i><br><i>22:25<\/i><\/td><td>3<\/td><td>138:127<\/td><td>2.<\/td><\/tr><tr><td>B<\/td><td><b><span style='font-size: 1.1em;'>2:0<\/span><\/b><br><i>25:22<\/i><br><i>25:19<\/i><\/td><td>-<\/td><td><b><span style='font-size: 1.1em;'>1:1<\/span><\/b><br><i>21:25<\/i><br><i>25:20<\/i><\/td><td><b><span style='font-size: 1.1em;'>2:0<\/span><\/b><br><i>25:19<\/i><br><i>25:23<\/i><\/td><td>5<\/td><td>146:128<\/td><td>1.<\/td><\/tr><tr><td>C<\/td><td><b><span style='font-size: 1.1em;'>0:2<\/span><\/b><br><i>14:25<\/i><br><i>17:25<\/i><\/td><td><b><span style='font-size: 1.1em;'>1:1<\/span><\/b><br><i>25:21<\/i><br><i>20:25<\/i><\/td><td>-<\/td><td><b><span style='font-size: 1.1em;'>0:2<\/span><\/b><br><i>23:25<\/i><br><i>24:26<\/i><\/td><td>1<\/td><td>123:147<\/td><td>4.<\/td><\/tr><tr><td>D<\/td><td><b><span style='font-size: 1.1em;'>1:1<\/span><\/b><br><i>21:25<\/i><br><i>25:22<\/i><\/td><td><b><span style='font-size: 1.1em;'>0:2<\/span><\/b><br><i>19:25<\/i><br><i>23:25<\/i><\/td><td><b><span style='font-size: 1.1em;'>2:0<\/span><\/b><br><i>25:23<\/i><br><i>26:24<\/i><\/td><td>-<\/td><td>3<\/td><td>139:144<\/td><td>3.<\/td><\/tr><\/tbody>","ea_adv_data_table_sort":"","ea_adv_data_table_search":"","ea_adv_data_table_search_placeholder":"Search","ea_adv_data_table_pagination":"","ea_adv_data_table_head_typography_typography":"custom","ea_adv_data_table_head_typography_font_family":"Montserrat","ea_adv_data_table_head_typography_font_size":{"unit":"px","size":20,"sizes":[]},"ea_adv_data_table_head_typography_font_weight":"600","ea_adv_data_table_head_horizontal_alignment":"center","ea_adv_data_table_head_color":"#FFFFFF","ea_adv_data_table_body_typography_typography":"custom","ea_adv_data_table_body_typography_font_family":"Montserrat","ea_adv_data_table_body_typography_font_size":{"unit":"px","size":18,"sizes":[]},"ea_adv_data_table_body_typography_font_weight":"500","ea_adv_data_table_body_horizontal_alignment":"center","ea_adv_data_table_body_color":"#003E53","ea_adv_data_table_body_background":"#FFFFFF","custom_css":"selector td {\n    min-width: 100px;\n}\n\nselector th {\n    font-size: 18px;\n}\n\nselector td:first-child {\n    background-color: #003E53 !important;\n    color: #ffffff;\n    font-weight: 600;\n}\n\nselector td:last-child {\n    font-weight: bold;\n}\n\nselector td:nth-last-child(4) {\n    border-right-color: #003E53;\n}\n\nselector td:nth-last-child(-n+3){\n    min-width: 90px;\n    background-color: #F8F8F8\n        !important;\n}\n\nselector th:first-child {\n    background-color: #13627D !important;\n    font-weight: normal;\n}\n    ","__globals__":{"ea_adv_data_table_body_color":"","ea_adv_data_table_body_background":"globals\/colors?id=primary","ea_adv_data_table_body_typography_typography":"","ea_adv_data_table_head_color":"globals\/colors?id=primary","ea_adv_data_table_head_background":"globals\/colors?id=7fcabb5","ea_adv_data_table_head_typography_typography":"globals\/typography?id=primary"},"_margin":{"unit":"px","top":"0","right":"0","bottom":"50","left":"0","isLinked":false}},"elements":[],"isInner":false,"widgetType":"eael-advanced-data-table","elType":"widget"},{"id":"63e8b668","settings":{"title":"ODpoledn\u00ed turnaj","align":"center","typography_typography":"custom","typography_font_family":"Montserrat","typography_font_size":{"unit":"px","size":42,"sizes":[]},"typography_font_weight":"400","typography_text_transform":"uppercase","__globals__":{"title_color":"globals\/colors?id=7fcabb5"}},"elements":[],"isInner":false,"widgetType":"heading","elType":"widget"},{"id":"37d679f2","settings":{"image":{"url":"https:\/\/www.rozvedcik-volejbal.cz\/wp-content\/uploads\/2022\/06\/IMG_5456-scaled.jpg","id":4248,"alt":"","source":"library"},"title_text":"<img draggable=\"false\" role=\"img\" class=\"emoji\" alt=\"\ud83e\udd47\" src=\"https:\/\/s.w.org\/images\/core\/emoji\/13.1.0\/svg\/1f947.svg\"> 1.&nbsp;m\u00edsto <img draggable=\"false\" role=\"img\" class=\"emoji\" alt=\"\ud83e\udd47\" src=\"https:\/\/s.w.org\/images\/core\/emoji\/13.1.0\/svg\/1f947.svg\">","description_text":"Zleva: Naty&nbsp;V., Radim&nbsp;P., Hanka&nbsp;V., Valda, Michal&nbsp;N., Zel\u00ed","image_size":{"unit":"%","size":60,"sizes":[]},"title_bottom_space":{"unit":"px","size":20,"sizes":[]},"title_color":"#003E53","description_color":"#003E53","description_typography_typography":"custom","description_typography_font_family":"Montserrat","description_typography_font_weight":"500","__globals__":{"title_color":"globals\/colors?id=7fcabb5","description_typography_typography":"","description_color":"globals\/colors?id=7fcabb5"},"image_size_mobile":{"unit":"%","size":100,"sizes":[]},"_padding":{"unit":"px","top":"0","right":"0","bottom":"20","left":"0","isLinked":false},"_margin":{"unit":"px","top":"0","right":"0","bottom":"20","left":"0","isLinked":false}},"elements":[],"isInner":false,"widgetType":"image-box","elType":"widget"},{"id":"1e9579db","settings":{"image":{"url":"https:\/\/www.rozvedcik-volejbal.cz\/wp-content\/uploads\/2022\/06\/IMG_5431-scaled.jpg","id":4245,"alt":"","source":"library"},"title_text":"<img draggable=\"false\" role=\"img\" class=\"emoji\" alt=\"\ud83e\udd48\" src=\"https:\/\/s.w.org\/images\/core\/emoji\/13.1.0\/svg\/1f948.svg\"> 2.&nbsp;m\u00edsto <img draggable=\"false\" role=\"img\" class=\"emoji\" alt=\"\ud83e\udd48\" src=\"https:\/\/s.w.org\/images\/core\/emoji\/13.1.0\/svg\/1f948.svg\">","description_text":"Zleva: <i>Michal&nbsp;H., Ziky, Pajmi\u010d, An\u010da, Vojta, Zuzka&nbsp;\u0160\u00e1tek<\/i>","image_size":{"unit":"%","size":60,"sizes":[]},"title_bottom_space":{"unit":"px","size":20,"sizes":[]},"title_color":"#003E53","description_color":"#003E53","description_typography_typography":"custom","description_typography_font_family":"Montserrat","description_typography_font_weight":"500","__globals__":{"title_color":"globals\/colors?id=7fcabb5","description_typography_typography":"","description_color":"globals\/colors?id=7fcabb5"},"image_size_mobile":{"unit":"%","size":100,"sizes":[]},"_padding":{"unit":"px","top":"0","right":"0","bottom":"20","left":"0","isLinked":false},"_margin":{"unit":"px","top":"0","right":"0","bottom":"20","left":"0","isLinked":false}},"elements":[],"isInner":false,"widgetType":"image-box","elType":"widget"},{"id":"46d16fa8","settings":{"image":{"url":"https:\/\/www.rozvedcik-volejbal.cz\/wp-content\/uploads\/2022\/06\/IMG_5455-scaled.jpg","id":4247,"alt":"","source":"library"},"title_text":"\ud83e\udd49 3.&nbsp;m\u00edsto \ud83e\udd49","description_text":"Zleva: <i>Tomy, Kudla, Martina&nbsp;D., Zuzka&nbsp;\u010c., \u017dum, Mazy<\/i>","image_size":{"unit":"%","size":60,"sizes":[]},"title_bottom_space":{"unit":"px","size":20,"sizes":[]},"title_color":"#003E53","description_color":"#003E53","description_typography_typography":"custom","description_typography_font_family":"Montserrat","description_typography_font_weight":"500","__globals__":{"title_color":"globals\/colors?id=7fcabb5","description_typography_typography":"","description_color":"globals\/colors?id=7fcabb5"},"image_size_mobile":{"unit":"%","size":100,"sizes":[]},"_padding":{"unit":"px","top":"0","right":"0","bottom":"20","left":"0","isLinked":false},"_margin":{"unit":"px","top":"0","right":"0","bottom":"20","left":"0","isLinked":false}},"elements":[],"isInner":false,"widgetType":"image-box","elType":"widget"},{"id":"30adfde6","settings":{"image":{"url":"https:\/\/www.rozvedcik-volejbal.cz\/wp-content\/uploads\/2022\/06\/IMG_5433-scaled.jpg","id":4246,"alt":"","source":"library"},"title_text":"<img draggable=\"false\" role=\"img\" class=\"emoji\" alt=\"\ud83c\udfc5\" src=\"https:\/\/s.w.org\/images\/core\/emoji\/13.1.0\/svg\/1f3c5.svg\"> 4.&nbsp;m\u00edsto <img draggable=\"false\" role=\"img\" class=\"emoji\" alt=\"\ud83c\udfc5\" src=\"https:\/\/s.w.org\/images\/core\/emoji\/13.1.0\/svg\/1f3c5.svg\">","description_text":"Zleva: <i>M\u00e1ra&nbsp;Z., Radka M., B\u00e1ra, Juan, Alex&nbsp;L., Poky<\/i>","image_size":{"unit":"%","size":60,"sizes":[]},"title_bottom_space":{"unit":"px","size":20,"sizes":[]},"title_color":"#003E53","description_color":"#003E53","description_typography_typography":"custom","description_typography_font_family":"Montserrat","description_typography_font_weight":"500","__globals__":{"title_color":"globals\/colors?id=7fcabb5","description_typography_typography":"","description_color":"globals\/colors?id=7fcabb5"},"image_size_mobile":{"unit":"%","size":100,"sizes":[]},"_padding":{"unit":"px","top":"0","right":"0","bottom":"20","left":"0","isLinked":false},"_margin":{"unit":"px","top":"0","right":"0","bottom":"20","left":"0","isLinked":false}},"elements":[],"isInner":false,"widgetType":"image-box","elType":"widget"},{"id":"14933ad7","settings":{"ea_adv_data_table_static_html":"<thead><tr><th>Odpoledn\u00ed turnaj<\/th><th>I<\/th><th>J<\/th><th>K<\/th><th>L<\/th><th>Body<\/th><th>M\u00ed\u010de<\/th><th>Po\u0159ad\u00ed<\/th><\/tr><\/thead><tbody><tr><td>I<\/td><td>-<\/td><td><b><span style='font-size: 1.1em;'>2:0<\/span><\/b><br><i>25:17<\/i><br><i>25:23<\/i><\/td><td><b><span style='font-size: 1.1em;'>2:0<\/span><\/b><br><i>29:27<\/i><br><i>25:17<\/i><\/td><td><b><span style='font-size: 1.1em;'>2:0<\/span><\/b><br><i>25:23<\/i><br><i>25:18<\/i><\/td><td>6<\/td><td>154:125<\/td><td>1.<\/td><\/tr><tr><td>J<\/td><td><b><span style='font-size: 1.1em;'>0:2<\/span><\/b><br><i>17:25<\/i><br><i>23:25<\/i><\/td><td>-<\/td><td><b><span style='font-size: 1.1em;'>1:1<\/span><\/b><br><i>26:28<\/i><br><i>25:23<\/i><\/td><td><b><span style='font-size: 1.1em;'>1:1<\/span><\/b><br><i>25:15<\/i><br><i>24:26<\/i><\/td><td>2<\/td><td>140:142<\/td><td>3.<\/td><\/tr><tr><td>K<\/td><td><b><span style='font-size: 1.1em;'>0:2<\/span><\/b><br><i>27:29<\/i><br><i>17:25<\/i><\/td><td><b><span style='font-size: 1.1em;'>1:1<\/span><\/b><br><i>28:26<\/i><br><i>23:25<\/i><\/td><td>-<\/td><td><b><span style='font-size: 1.1em;'>0:2<\/span><\/b><br><i>27:29<\/i><br><i>16:25<\/i><\/td><td>1<\/td><td>138:159<\/td><td>4.<\/td><\/tr><tr><td>L<\/td><td><b><span style='font-size: 1.1em;'>0:2<\/span><\/b><br><i>23:25<\/i><br><i>18:25<\/i><\/td><td><b><span style='font-size: 1.1em;'>1:1<\/span><\/b><br><i>15:25<\/i><br><i>26:24<\/i><\/td><td><b><span style='font-size: 1.1em;'>2:0<\/span><\/b><br><i>29:27<\/i><br><i>25:16<\/i><\/td><td>-<\/td><td>3<\/td><td>136:142<\/td><td>2.<\/td><\/tr><\/tbody>","ea_adv_data_table_sort":"","ea_adv_data_table_search":"","ea_adv_data_table_search_placeholder":"Search","ea_adv_data_table_pagination":"","ea_adv_data_table_head_typography_typography":"custom","ea_adv_data_table_head_typography_font_family":"Montserrat","ea_adv_data_table_head_typography_font_size":{"unit":"px","size":20,"sizes":[]},"ea_adv_data_table_head_typography_font_weight":"600","ea_adv_data_table_head_horizontal_alignment":"center","ea_adv_data_table_head_color":"#FFFFFF","ea_adv_data_table_body_typography_typography":"custom","ea_adv_data_table_body_typography_font_family":"Montserrat","ea_adv_data_table_body_typography_font_size":{"unit":"px","size":18,"sizes":[]},"ea_adv_data_table_body_typography_font_weight":"500","ea_adv_data_table_body_horizontal_alignment":"center","ea_adv_data_table_body_color":"#003E53","ea_adv_data_table_body_background":"#FFFFFF","custom_css":"selector td {\n    min-width: 100px;\n}\n\nselector th {\n    font-size: 18px;\n}\n\nselector td:first-child {\n    background-color: #003E53 !important;\n    color: #ffffff;\n    font-weight: 600;\n}\n\nselector td:last-child {\n    font-weight: bold;\n}\n\nselector td:nth-last-child(4) {\n    border-right-color: #003E53;\n}\n\nselector td:nth-last-child(-n+3){\n    min-width: 90px;\n    background-color: #F8F8F8\n        !important;\n}\n\nselector th:first-child {\n    background-color: #13627D !important;\n    font-weight: normal;\n}\n    ","__globals__":{"ea_adv_data_table_body_color":"","ea_adv_data_table_body_background":"globals\/colors?id=primary","ea_adv_data_table_body_typography_typography":"","ea_adv_data_table_head_color":"globals\/colors?id=primary","ea_adv_data_table_head_background":"globals\/colors?id=7fcabb5","ea_adv_data_table_head_typography_typography":"globals\/typography?id=primary"},"_margin":{"unit":"px","top":"0","right":"0","bottom":"50","left":"0","isLinked":false}},"elements":[],"isInner":false,"widgetType":"eael-advanced-data-table","elType":"widget"},{"id":"7215ef44","settings":{"title":"FIN\u00c1LE","align":"center","typography_typography":"custom","typography_font_family":"Montserrat","typography_font_size":{"unit":"px","size":42,"sizes":[]},"typography_font_weight":"400","typography_text_transform":"uppercase","__globals__":{"title_color":"globals\/colors?id=7fcabb5"}},"elements":[],"isInner":false,"widgetType":"heading","elType":"widget"},{"id":"42a986af","settings":{"image":{"url":"https:\/\/www.rozvedcik-volejbal.cz\/wp-content\/uploads\/2022\/06\/IMG_5584-1-scaled.jpg","id":4180,"alt":"","source":"library"},"title_text":"<img draggable=\"false\" role=\"img\" class=\"emoji\" alt=\"\ud83e\udd47\" src=\"https:\/\/s.w.org\/images\/core\/emoji\/13.1.0\/svg\/1f947.svg\"> 1.&nbsp;m\u00edsto <img draggable=\"false\" role=\"img\" class=\"emoji\" alt=\"\ud83e\udd47\" src=\"https:\/\/s.w.org\/images\/core\/emoji\/13.1.0\/svg\/1f947.svg\">","description_text":"Zleva vp\u0159edu: <i>Mazy, Martina&nbsp;D., Radka&nbsp;M., Vojta, Pajmi\u010d<\/i><br>\nVzadu: Poky","image_size":{"unit":"%","size":60,"sizes":[]},"title_bottom_space":{"unit":"px","size":20,"sizes":[]},"title_color":"#003E53","description_color":"#003E53","description_typography_typography":"custom","description_typography_font_family":"Montserrat","description_typography_font_weight":"500","__globals__":{"title_color":"globals\/colors?id=7fcabb5","description_typography_typography":"","description_color":"globals\/colors?id=7fcabb5"},"image_size_mobile":{"unit":"%","size":100,"sizes":[]},"_padding":{"unit":"px","top":"0","right":"0","bottom":"20","left":"0","isLinked":false},"_margin":{"unit":"px","top":"0","right":"0","bottom":"20","left":"0","isLinked":false}},"elements":[],"isInner":false,"widgetType":"image-box","elType":"widget"},{"id":"715c11c1","settings":{"image":{"url":"https:\/\/www.rozvedcik-volejbal.cz\/wp-content\/uploads\/2022\/06\/IMG_5573-scaled.jpg","id":4175,"alt":"","source":"library"},"title_text":"<img draggable=\"false\" role=\"img\" class=\"emoji\" alt=\"\ud83e\udd48\" src=\"https:\/\/s.w.org\/images\/core\/emoji\/13.1.0\/svg\/1f948.svg\"> 2.&nbsp;m\u00edsto <img draggable=\"false\" role=\"img\" class=\"emoji\" alt=\"\ud83e\udd48\" src=\"https:\/\/s.w.org\/images\/core\/emoji\/13.1.0\/svg\/1f948.svg\">","description_text":"Zleva: <i>Radim&nbsp;P., Hanka&nbsp;V., Valda, Naty&nbsp;V., Michal&nbsp;N., Zel\u00ed<\/i>","image_size":{"unit":"%","size":60,"sizes":[]},"title_bottom_space":{"unit":"px","size":20,"sizes":[]},"title_color":"#003E53","description_color":"#003E53","description_typography_typography":"custom","description_typography_font_family":"Montserrat","description_typography_font_weight":"500","__globals__":{"title_color":"globals\/colors?id=7fcabb5","description_typography_typography":"","description_color":"globals\/colors?id=7fcabb5"},"image_size_mobile":{"unit":"%","size":100,"sizes":[]},"_padding":{"unit":"px","top":"0","right":"0","bottom":"20","left":"0","isLinked":false},"_margin":{"unit":"px","top":"0","right":"0","bottom":"20","left":"0","isLinked":false}},"elements":[],"isInner":false,"widgetType":"image-box","elType":"widget"},{"id":"1fd8cf7","settings":{"editor":"<p style=\"text-align: center;\"><b>T\u00fdm&nbsp;1 - T\u00fdm&nbsp;2\u00a0 \u00a0 \u00a02:0<\/b> <i>(25:23,&nbsp;25:18)<\/i><\/p>","text_color":"#003E53","typography_typography":"custom","typography_font_family":"Montserrat","typography_font_size":{"unit":"px","size":23,"sizes":[]},"typography_font_weight":"600","__globals__":{"text_color":"globals\/colors?id=7fcabb5","typography_typography":""},"_margin":{"unit":"px","top":"-20","right":"0","bottom":"0","left":"0","isLinked":false},"_padding":{"unit":"px","top":"0","right":"0","bottom":"33","left":"0","isLinked":false}},"elements":[],"isInner":false,"widgetType":"text-editor","elType":"widget"},{"id":"1abb7e09","settings":{"title":"DVOJICE","align":"center","typography_typography":"custom","typography_font_family":"Montserrat","typography_font_size":{"unit":"px","size":42,"sizes":[]},"typography_font_weight":"400","typography_text_transform":"uppercase","__globals__":{"title_color":"globals\/colors?id=7fcabb5"}},"elements":[],"isInner":false,"widgetType":"heading","elType":"widget"},{"id":"4e4d9867","settings":{"image":{"url":"https:\/\/www.rozvedcik-volejbal.cz\/wp-content\/uploads\/2022\/06\/286676053_348832460547053_4117985328106454490_n.jpg","id":4229,"alt":"","source":"library"},"title_text":"<img draggable=\"false\" role=\"img\" class=\"emoji\" alt=\"\ud83e\udd47\" src=\"https:\/\/s.w.org\/images\/core\/emoji\/13.1.0\/svg\/1f947.svg\"> 1.&nbsp;m\u00edsto - Michal&nbsp;N. &amp; Hanka&nbsp;V. <img draggable=\"false\" role=\"img\" class=\"emoji\" alt=\"\ud83e\udd47\" src=\"https:\/\/s.w.org\/images\/core\/emoji\/13.1.0\/svg\/1f947.svg\">","description_text":"","image_size":{"unit":"%","size":60,"sizes":[]},"title_bottom_space":{"unit":"px","size":20,"sizes":[]},"title_color":"#003E53","description_color":"#003E53","description_typography_typography":"custom","description_typography_font_family":"Montserrat","description_typography_font_weight":"500","__globals__":{"title_color":"globals\/colors?id=7fcabb5","description_typography_typography":"","description_color":"globals\/colors?id=7fcabb5"},"image_size_mobile":{"unit":"%","size":100,"sizes":[]},"_padding":{"unit":"px","top":"0","right":"0","bottom":"20","left":"0","isLinked":false},"_margin":{"unit":"px","top":"0","right":"0","bottom":"20","left":"0","isLinked":false}},"elements":[],"isInner":false,"widgetType":"image-box","elType":"widget"},{"id":"5789fa48","settings":{"image":{"url":"https:\/\/www.rozvedcik-volejbal.cz\/wp-content\/uploads\/2022\/06\/286726065_340044931618299_5867604255534572423_n.jpg","id":4230,"alt":"","source":"library"},"title_text":"<img draggable=\"false\" role=\"img\" class=\"emoji\" alt=\"\ud83e\udd48\" src=\"https:\/\/s.w.org\/images\/core\/emoji\/13.1.0\/svg\/1f948.svg\"> 2.&nbsp;m\u00edsto - Zel\u00ed &amp; Naty&nbsp;V. <img draggable=\"false\" role=\"img\" class=\"emoji\" alt=\"\ud83e\udd48\" src=\"https:\/\/s.w.org\/images\/core\/emoji\/13.1.0\/svg\/1f948.svg\">","description_text":"","image_size":{"unit":"%","size":60,"sizes":[]},"title_bottom_space":{"unit":"px","size":20,"sizes":[]},"title_color":"#003E53","description_color":"#003E53","description_typography_typography":"custom","description_typography_font_family":"Montserrat","description_typography_font_weight":"500","__globals__":{"title_color":"globals\/colors?id=7fcabb5","description_typography_typography":"","description_color":"globals\/colors?id=7fcabb5"},"image_size_mobile":{"unit":"%","size":100,"sizes":[]},"_padding":{"unit":"px","top":"0","right":"0","bottom":"20","left":"0","isLinked":false},"_margin":{"unit":"px","top":"0","right":"0","bottom":"20","left":"0","isLinked":false}},"elements":[],"isInner":false,"widgetType":"image-box","elType":"widget"},{"id":"39a037fb","settings":{"image":{"url":"https:\/\/www.rozvedcik-volejbal.cz\/wp-content\/uploads\/2022\/06\/IMG_5412-scaled.jpg","id":4232,"alt":"","source":"library"},"title_text":"<img draggable=\"false\" role=\"img\" class=\"emoji\" alt=\"\ud83e\udd49\" src=\"https:\/\/s.w.org\/images\/core\/emoji\/14.0.0\/svg\/1f949.svg\"> 3.&nbsp;m\u00edsto - Pajmi\u010d &amp; Vojta <img draggable=\"false\" role=\"img\" class=\"emoji\" alt=\"\ud83e\udd49\" src=\"https:\/\/s.w.org\/images\/core\/emoji\/14.0.0\/svg\/1f949.svg\">","description_text":"","image_size":{"unit":"%","size":60,"sizes":[]},"title_bottom_space":{"unit":"px","size":20,"sizes":[]},"title_color":"#003E53","description_color":"#003E53","description_typography_typography":"custom","description_typography_font_family":"Montserrat","description_typography_font_weight":"500","__globals__":{"title_color":"globals\/colors?id=7fcabb5","description_typography_typography":"","description_color":"globals\/colors?id=7fcabb5"},"image_size_mobile":{"unit":"%","size":100,"sizes":[]},"_padding":{"unit":"px","top":"0","right":"0","bottom":"20","left":"0","isLinked":false},"_margin":{"unit":"px","top":"0","right":"0","bottom":"20","left":"0","isLinked":false}},"elements":[],"isInner":false,"widgetType":"image-box","elType":"widget"},{"id":"3992fa6d","settings":{"image":{"url":"https:\/\/www.rozvedcik-volejbal.cz\/wp-content\/uploads\/2022\/06\/IMG_5465-scaled.jpg","id":4238,"alt":"","source":"library"},"title_text":"<img draggable=\"false\" role=\"img\" class=\"emoji\" alt=\"\ud83c\udfc5\" src=\"https:\/\/s.w.org\/images\/core\/emoji\/13.1.0\/svg\/1f3c5.svg\"> 4.&nbsp;m\u00edsto - Mazy &amp; Martina&nbsp;D. <img draggable=\"false\" role=\"img\" class=\"emoji\" alt=\"\ud83c\udfc5\" src=\"https:\/\/s.w.org\/images\/core\/emoji\/13.1.0\/svg\/1f3c5.svg\"> ","description_text":"","image_size":{"unit":"%","size":60,"sizes":[]},"title_bottom_space":{"unit":"px","size":20,"sizes":[]},"title_color":"#003E53","description_color":"#003E53","description_typography_typography":"custom","description_typography_font_family":"Montserrat","description_typography_font_weight":"500","__globals__":{"title_color":"globals\/colors?id=7fcabb5","description_typography_typography":"","description_color":"globals\/colors?id=7fcabb5"},"image_size_mobile":{"unit":"%","size":100,"sizes":[]},"_padding":{"unit":"px","top":"0","right":"0","bottom":"20","left":"0","isLinked":false},"_margin":{"unit":"px","top":"0","right":"0","bottom":"20","left":"0","isLinked":false}},"elements":[],"isInner":false,"widgetType":"image-box","elType":"widget"},{"id":"17f20987","settings":{"image":{"url":"https:\/\/www.rozvedcik-volejbal.cz\/wp-content\/uploads\/2022\/06\/IMG_5457-scaled.jpg","id":4235,"alt":"","source":"library"},"title_text":"<img draggable=\"false\" role=\"img\" class=\"emoji\" alt=\"\ud83c\udfc5\" src=\"https:\/\/s.w.org\/images\/core\/emoji\/13.1.0\/svg\/1f3c5.svg\"> 5.&nbsp;m\u00edsto - Radim&nbsp;P. &amp; Valda <img draggable=\"false\" role=\"img\" class=\"emoji\" alt=\"\ud83c\udfc5\" src=\"https:\/\/s.w.org\/images\/core\/emoji\/13.1.0\/svg\/1f3c5.svg\">","description_text":"","image_size":{"unit":"%","size":60,"sizes":[]},"title_bottom_space":{"unit":"px","size":20,"sizes":[]},"title_color":"#003E53","description_color":"#003E53","description_typography_typography":"custom","description_typography_font_family":"Montserrat","description_typography_font_weight":"500","__globals__":{"title_color":"globals\/colors?id=7fcabb5","description_typography_typography":"","description_color":"globals\/colors?id=7fcabb5"},"image_size_mobile":{"unit":"%","size":100,"sizes":[]},"_padding":{"unit":"px","top":"0","right":"0","bottom":"20","left":"0","isLinked":false},"_margin":{"unit":"px","top":"0","right":"0","bottom":"20","left":"0","isLinked":false}},"elements":[],"isInner":false,"widgetType":"image-box","elType":"widget"},{"id":"3e51c187","settings":{"image":{"url":"https:\/\/www.rozvedcik-volejbal.cz\/wp-content\/uploads\/2022\/06\/287852793_563515038568462_5492870287658331269_n.jpg","id":4231,"alt":"","source":"library"},"title_text":"<img draggable=\"false\" role=\"img\" class=\"emoji\" alt=\"\ud83c\udfc5\" src=\"https:\/\/s.w.org\/images\/core\/emoji\/13.1.0\/svg\/1f3c5.svg\"> 6.&nbsp;m\u00edsto - Radka&nbsp;M. &amp; Poky <img draggable=\"false\" role=\"img\" class=\"emoji\" alt=\"\ud83c\udfc5\" src=\"https:\/\/s.w.org\/images\/core\/emoji\/13.1.0\/svg\/1f3c5.svg\"> ","description_text":"","image_size":{"unit":"%","size":60,"sizes":[]},"title_bottom_space":{"unit":"px","size":20,"sizes":[]},"title_color":"#003E53","description_color":"#003E53","description_typography_typography":"custom","description_typography_font_family":"Montserrat","description_typography_font_weight":"500","__globals__":{"title_color":"globals\/colors?id=7fcabb5","description_typography_typography":"","description_color":"globals\/colors?id=7fcabb5"},"image_size_mobile":{"unit":"%","size":100,"sizes":[]},"_padding":{"unit":"px","top":"0","right":"0","bottom":"20","left":"0","isLinked":false},"_margin":{"unit":"px","top":"0","right":"0","bottom":"20","left":"0","isLinked":false}},"elements":[],"isInner":false,"widgetType":"image-box","elType":"widget"},{"id":"64bcfad2","settings":{"image":{"url":"https:\/\/www.rozvedcik-volejbal.cz\/wp-content\/uploads\/2022\/06\/IMG_5461-scaled.jpg","id":4236,"alt":"","source":"library"},"title_text":"<img draggable=\"false\" role=\"img\" class=\"emoji\" alt=\"\ud83c\udfc5\" src=\"https:\/\/s.w.org\/images\/core\/emoji\/13.1.0\/svg\/1f3c5.svg\"> 7.&nbsp;m\u00edsto - An\u010da &amp; Michal&nbsp;H. <img draggable=\"false\" role=\"img\" class=\"emoji\" alt=\"\ud83c\udfc5\" src=\"https:\/\/s.w.org\/images\/core\/emoji\/13.1.0\/svg\/1f3c5.svg\">","description_text":"","image_size":{"unit":"%","size":60,"sizes":[]},"title_bottom_space":{"unit":"px","size":20,"sizes":[]},"title_color":"#003E53","description_color":"#003E53","description_typography_typography":"custom","description_typography_font_family":"Montserrat","description_typography_font_weight":"500","__globals__":{"title_color":"globals\/colors?id=7fcabb5","description_typography_typography":"","description_color":"globals\/colors?id=7fcabb5"},"image_size_mobile":{"unit":"%","size":100,"sizes":[]},"_padding":{"unit":"px","top":"0","right":"0","bottom":"20","left":"0","isLinked":false},"_margin":{"unit":"px","top":"0","right":"0","bottom":"20","left":"0","isLinked":false}},"elements":[],"isInner":false,"widgetType":"image-box","elType":"widget"},{"id":"42464184","settings":{"image":{"url":"https:\/\/www.rozvedcik-volejbal.cz\/wp-content\/uploads\/2022\/06\/IMG_5472-scaled.jpg","id":4239,"alt":"","source":"library"},"title_text":"<img draggable=\"false\" role=\"img\" class=\"emoji\" alt=\"\ud83c\udfc5\" src=\"https:\/\/s.w.org\/images\/core\/emoji\/13.1.0\/svg\/1f3c5.svg\"> 8.&nbsp;m\u00edsto - Zuzka&nbsp;\u010c. &amp; \u017dum <img draggable=\"false\" role=\"img\" class=\"emoji\" alt=\"\ud83c\udfc5\" src=\"https:\/\/s.w.org\/images\/core\/emoji\/13.1.0\/svg\/1f3c5.svg\">","description_text":"","image_size":{"unit":"%","size":60,"sizes":[]},"title_bottom_space":{"unit":"px","size":20,"sizes":[]},"title_color":"#003E53","description_color":"#003E53","description_typography_typography":"custom","description_typography_font_family":"Montserrat","description_typography_font_weight":"500","__globals__":{"title_color":"globals\/colors?id=7fcabb5","description_typography_typography":"","description_color":"globals\/colors?id=7fcabb5"},"image_size_mobile":{"unit":"%","size":100,"sizes":[]},"_padding":{"unit":"px","top":"0","right":"0","bottom":"20","left":"0","isLinked":false},"_margin":{"unit":"px","top":"0","right":"0","bottom":"20","left":"0","isLinked":false}},"elements":[],"isInner":false,"widgetType":"image-box","elType":"widget"},{"id":"776bfac1","settings":{"image":{"url":"https:\/\/www.rozvedcik-volejbal.cz\/wp-content\/uploads\/2022\/06\/IMG_5489-scaled.jpg","id":4240,"alt":"","source":"library"},"title_text":"<img draggable=\"false\" role=\"img\" class=\"emoji\" alt=\"\ud83c\udfc5\" src=\"https:\/\/s.w.org\/images\/core\/emoji\/13.1.0\/svg\/1f3c5.svg\"> 9.&nbsp;m\u00edsto - Tomy &amp; Kudla <img draggable=\"false\" role=\"img\" class=\"emoji\" alt=\"\ud83c\udfc5\" src=\"https:\/\/s.w.org\/images\/core\/emoji\/13.1.0\/svg\/1f3c5.svg\">","description_text":"","image_size":{"unit":"%","size":60,"sizes":[]},"title_bottom_space":{"unit":"px","size":20,"sizes":[]},"title_color":"#003E53","description_color":"#003E53","description_typography_typography":"custom","description_typography_font_family":"Montserrat","description_typography_font_weight":"500","__globals__":{"title_color":"globals\/colors?id=7fcabb5","description_typography_typography":"","description_color":"globals\/colors?id=7fcabb5"},"image_size_mobile":{"unit":"%","size":100,"sizes":[]},"_padding":{"unit":"px","top":"0","right":"0","bottom":"20","left":"0","isLinked":false},"_margin":{"unit":"px","top":"0","right":"0","bottom":"20","left":"0","isLinked":false}},"elements":[],"isInner":false,"widgetType":"image-box","elType":"widget"},{"id":"66a225bf","settings":{"image":{"url":"https:\/\/www.rozvedcik-volejbal.cz\/wp-content\/uploads\/2022\/06\/IMG_5416-scaled.jpg","id":4234,"alt":"","source":"library"},"title_text":"<img draggable=\"false\" role=\"img\" class=\"emoji\" alt=\"\ud83c\udfc5\" src=\"https:\/\/s.w.org\/images\/core\/emoji\/13.1.0\/svg\/1f3c5.svg\"> 10.&nbsp;m\u00edsto - M\u00e1ra&nbsp;Z. &amp; Juan <img draggable=\"false\" role=\"img\" class=\"emoji\" alt=\"\ud83c\udfc5\" src=\"https:\/\/s.w.org\/images\/core\/emoji\/13.1.0\/svg\/1f3c5.svg\">","description_text":"","image_size":{"unit":"%","size":60,"sizes":[]},"title_bottom_space":{"unit":"px","size":20,"sizes":[]},"title_color":"#003E53","description_color":"#003E53","description_typography_typography":"custom","description_typography_font_family":"Montserrat","description_typography_font_weight":"500","__globals__":{"title_color":"globals\/colors?id=7fcabb5","description_typography_typography":"","description_color":"globals\/colors?id=7fcabb5"},"image_size_mobile":{"unit":"%","size":100,"sizes":[]},"_padding":{"unit":"px","top":"0","right":"0","bottom":"20","left":"0","isLinked":false},"_margin":{"unit":"px","top":"0","right":"0","bottom":"20","left":"0","isLinked":false}},"elements":[],"isInner":false,"widgetType":"image-box","elType":"widget"},{"id":"692b8532","settings":{"image":{"url":"https:\/\/www.rozvedcik-volejbal.cz\/wp-content\/uploads\/2022\/06\/IMG_5413-scaled.jpg","id":4233,"alt":"","source":"library"},"title_text":"<img draggable=\"false\" role=\"img\" class=\"emoji\" alt=\"\ud83c\udfc5\" src=\"https:\/\/s.w.org\/images\/core\/emoji\/13.1.0\/svg\/1f3c5.svg\"> 11.&nbsp;m\u00edsto - Kali &amp; Ziky &amp; Zuzka&nbsp;\u0160\u00e1tek <img draggable=\"false\" role=\"img\" class=\"emoji\" alt=\"\ud83c\udfc5\" src=\"https:\/\/s.w.org\/images\/core\/emoji\/13.1.0\/svg\/1f3c5.svg\">","description_text":"","image_size":{"unit":"%","size":60,"sizes":[]},"title_bottom_space":{"unit":"px","size":20,"sizes":[]},"title_color":"#003E53","description_color":"#003E53","description_typography_typography":"custom","description_typography_font_family":"Montserrat","description_typography_font_weight":"500","__globals__":{"title_color":"globals\/colors?id=7fcabb5","description_typography_typography":"","description_color":"globals\/colors?id=7fcabb5"},"image_size_mobile":{"unit":"%","size":100,"sizes":[]},"_padding":{"unit":"px","top":"0","right":"0","bottom":"20","left":"0","isLinked":false},"_margin":{"unit":"px","top":"0","right":"0","bottom":"20","left":"0","isLinked":false}},"elements":[],"isInner":false,"widgetType":"image-box","elType":"widget"},{"id":"5cd2ebbe","settings":{"image":{"url":"https:\/\/www.rozvedcik-volejbal.cz\/wp-content\/uploads\/2022\/06\/IMG_5464-scaled.jpg","id":4237,"alt":"","source":"library"},"title_text":"<img draggable=\"false\" role=\"img\" class=\"emoji\" alt=\"\ud83c\udfc5\" src=\"https:\/\/s.w.org\/images\/core\/emoji\/13.1.0\/svg\/1f3c5.svg\"> 12.&nbsp;m\u00edsto - B\u00e1ra &amp; Alex&nbsp;L.<img draggable=\"false\" role=\"img\" class=\"emoji\" alt=\"\ud83c\udfc5\" src=\"https:\/\/s.w.org\/images\/core\/emoji\/13.1.0\/svg\/1f3c5.svg\">","description_text":"","image_size":{"unit":"%","size":60,"sizes":[]},"title_bottom_space":{"unit":"px","size":20,"sizes":[]},"title_color":"#003E53","description_color":"#003E53","description_typography_typography":"custom","description_typography_font_family":"Montserrat","description_typography_font_weight":"500","__globals__":{"title_color":"globals\/colors?id=7fcabb5","description_typography_typography":"","description_color":"globals\/colors?id=7fcabb5"},"image_size_mobile":{"unit":"%","size":100,"sizes":[]},"_padding":{"unit":"px","top":"0","right":"0","bottom":"20","left":"0","isLinked":false},"_margin":{"unit":"px","top":"0","right":"0","bottom":"20","left":"0","isLinked":false}},"elements":[],"isInner":false,"widgetType":"image-box","elType":"widget"},{"id":"7213437f","settings":{"ea_adv_data_table_static_html":"<thead><tr><th>Celkov\u00e9 v\u00fdsledky<\/th><th>Body<\/th><th>M\u00ed\u010de<\/th><th>Po\u0159ad\u00ed<\/th><\/tr><\/thead><tbody><tr><td>Michal N. & Hanka V.<\/td><td>9<\/td><td>292:252<\/td><td><b>1.<\/b><\/td><\/tr><tr><td>Zel\u00ed & Naty V.<\/td><td>9<\/td><td>293:269<\/td><td><b>2.<\/b><\/td><\/tr><tr><td>Pajmi\u010d & Vojta<\/td><td>8<\/td><td>282:270<\/td><td><b>3.<\/b><\/td><\/tr><tr><td>Mazy & Martina D.<\/td><td>7<\/td><td>286:270<\/td><td><b>4.<\/b><\/td><\/tr><tr><td>Valda & Radim P.<\/td><td>7<\/td><td>277:272<\/td><td><b>5.<\/b><\/td><\/tr><tr><td>Poky & Radka M.<\/td><td>6<\/td><td>284:287<\/td><td><b>6.<\/b><\/td><\/tr><tr><td>Michal H. & An\u010da<\/td><td>6<\/td><td>275:286<\/td><td><b>7.<\/b><\/td><\/tr><tr><td>\u017dum & Zuzka \u010c.<\/td><td>5<\/td><td>278:269<\/td><td><b>8.<\/b><\/td><\/tr><tr><td>Kudla & Tomy<\/td><td>5<\/td><td>279:286<\/td><td><b>9.<\/b><\/td><\/tr><tr><td>M\u00e1ra Z. & Juan<\/td><td>4<\/td><td>276:286<\/td><td><b>10.<\/b><\/td><\/tr><tr><td>Ziky & Kali & Zuzka \u0160\u00e1tek<\/td><td>4<\/td><td>259:289<\/td><td><b>11.<\/b><\/td><\/tr><tr><td>Alex L. & B\u00e1ra<\/td><td>2<\/td><td>261:306<\/td><td><b>12.<\/b><\/td><\/tr><\/tbody>","ea_adv_data_table_sort":"","ea_adv_data_table_search":"","ea_adv_data_table_search_placeholder":"Search","ea_adv_data_table_pagination":"","ea_adv_data_table_head_typography_typography":"custom","ea_adv_data_table_head_typography_font_family":"Montserrat","ea_adv_data_table_head_typography_font_size":{"unit":"px","size":20,"sizes":[]},"ea_adv_data_table_head_typography_font_weight":"600","ea_adv_data_table_head_horizontal_alignment":"center","ea_adv_data_table_head_color":"#FFFFFF","ea_adv_data_table_body_typography_typography":"custom","ea_adv_data_table_body_typography_font_family":"Montserrat","ea_adv_data_table_body_typography_font_size":{"unit":"px","size":18,"sizes":[]},"ea_adv_data_table_body_typography_font_weight":"500","ea_adv_data_table_body_horizontal_alignment":"center","ea_adv_data_table_body_color":"#003E53","ea_adv_data_table_body_background":"#FFFFFF","custom_css":"selector td {\n    min-width: 124px;\n}\n\nselector th {\n    font-size: 18px;\n}\n\nselector th:first-child {\n    font-weight: normal;\n}\n\nselector td:nth-last-child(-n+3){\n    background-color: #F8F8F8 !important;\n}\n\nselector td:first-child {\n    background-color: #003E53 !important;\n    color: #ffffff;\n    font-weight: 600;\n}\n\nselector th:first-child {\n    background-color: #13627D !important;   \n}\n    ","__globals__":{"ea_adv_data_table_body_color":"","ea_adv_data_table_body_background":"globals\/colors?id=primary","ea_adv_data_table_body_typography_typography":"","ea_adv_data_table_head_color":"globals\/colors?id=primary","ea_adv_data_table_head_background":"globals\/colors?id=7fcabb5","ea_adv_data_table_head_typography_typography":"globals\/typography?id=primary"},"_padding":{"unit":"%","top":"0","right":"10","bottom":"0","left":"10","isLinked":false},"_margin":{"unit":"px","top":"0","right":"0","bottom":"0","left":"0","isLinked":false}},"elements":[],"isInner":false,"widgetType":"eael-advanced-data-table","elType":"widget"}],"isInner":false,"elType":"column"}],"isInner":false,"elType":"section"},{"id":"64277738","settings":{"layout":"full_width","margin":{"unit":"px","top":"0","right":0,"bottom":"0","left":0,"isLinked":false},"padding":{"unit":"px","top":"0","right":"0","bottom":"0","left":"0","isLinked":false}},"elements":[{"id":"b4ad1dc","settings":{"_column_size":100,"_inline_size":null,"margin":{"unit":"px","top":"0","right":"0","bottom":"0","left":"0","isLinked":false},"padding":{"unit":"px","top":"0","right":"0","bottom":"0","left":"0","isLinked":false}},"elements":[{"id":"5ffdb474","settings":{"selected_icon":{"value":{"url":"https:\/\/www.rozvedcik-volejbal.cz\/wp-content\/uploads\/2022\/06\/chevron-up-circle-outline.svg","id":4402},"library":"svg"},"link":{"url":"#page-top","is_external":"","nofollow":"","custom_attributes":""},"align":"right","size":{"unit":"px","size":55,"sizes":[]},"_margin":{"unit":"px","top":"-20","right":"20","bottom":"0","left":"0","isLinked":false},"_padding":{"unit":"px","top":"0","right":"0","bottom":"0","left":"0","isLinked":true},"motion_fx_motion_fx_scrolling":"yes","motion_fx_translateY_effect":"yes","motion_fx_translateY_speed":{"unit":"px","size":2.5,"sizes":[]},"motion_fx_translateY_affectedRange":{"unit":"%","size":"","sizes":{"start":50,"end":100}},"motion_fx_opacity_range":{"unit":"%","size":"","sizes":{"start":0,"end":57}},"sticky":"bottom","sticky_offset":10,"__globals__":{"hover_primary_color":"globals\/colors?id=primary","primary_color":"globals\/colors?id=7fcabb5"}},"elements":[],"isInner":false,"widgetType":"icon","elType":"widget"}],"isInner":false,"elType":"column"}],"isInner":false,"elType":"section"}],"settings":{"template":"default","eael_ext_toc_title":"Table of Contents","background_background":"classic","__globals__":{"background_color":"globals\/colors?id=secondary"},"custom_css":"@media(max-width: 767px){\n    .flex-reversed-section > div{\n        flex-direction: column-reverse;\n    }\n}"},"metadata":[]}