{"content":[{"id":"eff59b6","settings":{"background_background":"classic","__globals__":{"background_color":"globals\/colors?id=7fcabb5"},"content_width":{"unit":"px","size":1024,"sizes":[]}},"elements":[{"id":"cacd6a2","settings":{"_column_size":100,"_inline_size":null},"elements":[{"id":"53d2d270","settings":{"align_items":"center","submenu_icon":{"value":"fas fa-angle-down","library":"fa-solid"},"dropdown":"mobile","text_align":"center","menu_typography_typography":"custom","menu_typography_font_family":"Montserrat","menu_typography_font_weight":"600","color_menu_item":"#8DACA6","color_menu_item_hover":"#8DACA6","pointer_color_menu_item_hover":"#8DACA6","color_menu_item_active":"#8DACA6","pointer_color_menu_item_active":"#FFFFFF","dropdown_typography_typography":"custom","dropdown_typography_font_family":"Montserrat","dropdown_typography_font_size":{"unit":"px","size":16,"sizes":[]},"dropdown_typography_font_weight":"500","__globals__":{"menu_typography_typography":"globals\/typography?id=primary","color_menu_item":"globals\/colors?id=primary","color_menu_item_hover":"globals\/colors?id=primary","pointer_color_menu_item_hover":"globals\/colors?id=6e40ef7","color_menu_item_active":"globals\/colors?id=primary","pointer_color_menu_item_active":"globals\/colors?id=primary","dropdown_typography_typography":"","color_dropdown_item":"globals\/colors?id=7fcabb5","color_dropdown_item_hover":"globals\/colors?id=primary","background_color_dropdown_item_hover":"globals\/colors?id=6e40ef7","color_dropdown_item_active":"globals\/colors?id=6e40ef7","background_color_dropdown_item_active":"globals\/colors?id=primary","toggle_color":"globals\/colors?id=7fcabb5","toggle_background_color":"globals\/colors?id=secondary","toggle_color_hover":"globals\/colors?id=primary","toggle_background_color_hover":"globals\/colors?id=secondary","background_color_dropdown_item":"globals\/colors?id=primary"},"_z_index_mobile":1,"animation_line":"grow","toggle_size_mobile":{"unit":"px","size":20,"sizes":[]},"toggle_border_width_mobile":{"unit":"px","size":3,"sizes":[]},"toggle_border_radius_mobile":{"unit":"px","size":2,"sizes":[]}},"elements":[],"isInner":false,"widgetType":"nav-menu","elType":"widget"}],"isInner":false,"elType":"column"}],"isInner":false,"elType":"section"},{"id":"2605e2da","settings":[],"elements":[{"id":"60af3666","settings":{"_column_size":100,"_inline_size":null},"elements":[{"id":"16971f7f","settings":{"galleries":[{"gallery_title":"New Gallery","_id":"635cb48"}],"columns":3,"thumbnail_image_size":"medium_large","show_all_galleries_label":"All","overlay_title":"caption","image_hover_animation":"grow","gallery":[{"id":4668,"url":"https:\/\/www.rozvedcik-volejbal.cz\/wp-content\/uploads\/2022\/08\/20220806_141607-scaled.jpg"},{"id":4669,"url":"https:\/\/www.rozvedcik-volejbal.cz\/wp-content\/uploads\/2022\/08\/20220806_142513-scaled.jpg"},{"id":4670,"url":"https:\/\/www.rozvedcik-volejbal.cz\/wp-content\/uploads\/2022\/08\/20220806_142714-scaled.jpg"},{"id":4671,"url":"https:\/\/www.rozvedcik-volejbal.cz\/wp-content\/uploads\/2022\/08\/20220806_142735-scaled.jpg"},{"id":4672,"url":"https:\/\/www.rozvedcik-volejbal.cz\/wp-content\/uploads\/2022\/08\/20220806_142856-scaled.jpg"},{"id":4673,"url":"https:\/\/www.rozvedcik-volejbal.cz\/wp-content\/uploads\/2022\/08\/20220806_142859-scaled.jpg"},{"id":4674,"url":"https:\/\/www.rozvedcik-volejbal.cz\/wp-content\/uploads\/2022\/08\/20220806_142918-scaled.jpg"},{"id":4675,"url":"https:\/\/www.rozvedcik-volejbal.cz\/wp-content\/uploads\/2022\/08\/20220806_143020-scaled.jpg"},{"id":4676,"url":"https:\/\/www.rozvedcik-volejbal.cz\/wp-content\/uploads\/2022\/08\/20220806_143228-scaled.jpg"},{"id":4677,"url":"https:\/\/www.rozvedcik-volejbal.cz\/wp-content\/uploads\/2022\/08\/20220806_143249-scaled.jpg"},{"id":4678,"url":"https:\/\/www.rozvedcik-volejbal.cz\/wp-content\/uploads\/2022\/08\/20220806_143358-scaled.jpg"},{"id":4679,"url":"https:\/\/www.rozvedcik-volejbal.cz\/wp-content\/uploads\/2022\/08\/20220806_143403-scaled.jpg"},{"id":4680,"url":"https:\/\/www.rozvedcik-volejbal.cz\/wp-content\/uploads\/2022\/08\/20220806_144742-scaled.jpg"},{"id":4681,"url":"https:\/\/www.rozvedcik-volejbal.cz\/wp-content\/uploads\/2022\/08\/20220806_145039-scaled.jpg"},{"id":4682,"url":"https:\/\/www.rozvedcik-volejbal.cz\/wp-content\/uploads\/2022\/08\/20220806_145305-scaled.jpg"},{"id":4683,"url":"https:\/\/www.rozvedcik-volejbal.cz\/wp-content\/uploads\/2022\/08\/20220806_145624_upr-scaled.jpg"},{"id":4684,"url":"https:\/\/www.rozvedcik-volejbal.cz\/wp-content\/uploads\/2022\/08\/20220806_151951-scaled.jpg"},{"id":4685,"url":"https:\/\/www.rozvedcik-volejbal.cz\/wp-content\/uploads\/2022\/08\/20220806_152126-scaled.jpg"},{"id":4686,"url":"https:\/\/www.rozvedcik-volejbal.cz\/wp-content\/uploads\/2022\/08\/20220806_152134-scaled.jpg"},{"id":4687,"url":"https:\/\/www.rozvedcik-volejbal.cz\/wp-content\/uploads\/2022\/08\/20220806_152207-scaled.jpg"},{"id":4688,"url":"https:\/\/www.rozvedcik-volejbal.cz\/wp-content\/uploads\/2022\/08\/20220806_152808-scaled.jpg"},{"id":4689,"url":"https:\/\/www.rozvedcik-volejbal.cz\/wp-content\/uploads\/2022\/08\/20220806_153124-scaled.jpg"},{"id":4690,"url":"https:\/\/www.rozvedcik-volejbal.cz\/wp-content\/uploads\/2022\/08\/20220806_153453-scaled.jpg"},{"id":4691,"url":"https:\/\/www.rozvedcik-volejbal.cz\/wp-content\/uploads\/2022\/08\/20220806_153458-scaled.jpg"},{"id":4692,"url":"https:\/\/www.rozvedcik-volejbal.cz\/wp-content\/uploads\/2022\/08\/20220806_153508-scaled.jpg"},{"id":4693,"url":"https:\/\/www.rozvedcik-volejbal.cz\/wp-content\/uploads\/2022\/08\/20220806_162631-scaled.jpg"},{"id":4694,"url":"https:\/\/www.rozvedcik-volejbal.cz\/wp-content\/uploads\/2022\/08\/20220806_162632-scaled.jpg"},{"id":4695,"url":"https:\/\/www.rozvedcik-volejbal.cz\/wp-content\/uploads\/2022\/08\/20220806_162709-scaled.jpg"},{"id":4696,"url":"https:\/\/www.rozvedcik-volejbal.cz\/wp-content\/uploads\/2022\/08\/20220806_162726-scaled.jpg"},{"id":4697,"url":"https:\/\/www.rozvedcik-volejbal.cz\/wp-content\/uploads\/2022\/08\/20220806_162729-scaled.jpg"},{"id":4698,"url":"https:\/\/www.rozvedcik-volejbal.cz\/wp-content\/uploads\/2022\/08\/20220806_162731-scaled.jpg"},{"id":4699,"url":"https:\/\/www.rozvedcik-volejbal.cz\/wp-content\/uploads\/2022\/08\/20220806_162812-scaled.jpg"},{"id":4700,"url":"https:\/\/www.rozvedcik-volejbal.cz\/wp-content\/uploads\/2022\/08\/20220806_162842-scaled.jpg"},{"id":4701,"url":"https:\/\/www.rozvedcik-volejbal.cz\/wp-content\/uploads\/2022\/08\/20220806_162908-scaled.jpg"},{"id":4702,"url":"https:\/\/www.rozvedcik-volejbal.cz\/wp-content\/uploads\/2022\/08\/20220806_162909-scaled.jpg"},{"id":4703,"url":"https:\/\/www.rozvedcik-volejbal.cz\/wp-content\/uploads\/2022\/08\/20220806_162910-scaled.jpg"},{"id":4704,"url":"https:\/\/www.rozvedcik-volejbal.cz\/wp-content\/uploads\/2022\/08\/20220806_162935-scaled.jpg"},{"id":4705,"url":"https:\/\/www.rozvedcik-volejbal.cz\/wp-content\/uploads\/2022\/08\/20220806_162943-scaled.jpg"},{"id":4706,"url":"https:\/\/www.rozvedcik-volejbal.cz\/wp-content\/uploads\/2022\/08\/20220806_162949-scaled.jpg"},{"id":4707,"url":"https:\/\/www.rozvedcik-volejbal.cz\/wp-content\/uploads\/2022\/08\/20220806_162956-scaled.jpg"},{"id":4708,"url":"https:\/\/www.rozvedcik-volejbal.cz\/wp-content\/uploads\/2022\/08\/20220806_163014-scaled.jpg"},{"id":4709,"url":"https:\/\/www.rozvedcik-volejbal.cz\/wp-content\/uploads\/2022\/08\/20220806_163041-scaled.jpg"},{"id":4710,"url":"https:\/\/www.rozvedcik-volejbal.cz\/wp-content\/uploads\/2022\/08\/20220806_163043-scaled.jpg"},{"id":4711,"url":"https:\/\/www.rozvedcik-volejbal.cz\/wp-content\/uploads\/2022\/08\/20220806_163121-scaled.jpg"},{"id":4712,"url":"https:\/\/www.rozvedcik-volejbal.cz\/wp-content\/uploads\/2022\/08\/20220806_163202-scaled.jpg"},{"id":4713,"url":"https:\/\/www.rozvedcik-volejbal.cz\/wp-content\/uploads\/2022\/08\/20220806_163205-scaled.jpg"},{"id":4714,"url":"https:\/\/www.rozvedcik-volejbal.cz\/wp-content\/uploads\/2022\/08\/20220806_163206-scaled.jpg"},{"id":4715,"url":"https:\/\/www.rozvedcik-volejbal.cz\/wp-content\/uploads\/2022\/08\/20220806_163224-scaled.jpg"},{"id":4716,"url":"https:\/\/www.rozvedcik-volejbal.cz\/wp-content\/uploads\/2022\/08\/20220806_1633250-scaled.jpg"},{"id":4717,"url":"https:\/\/www.rozvedcik-volejbal.cz\/wp-content\/uploads\/2022\/08\/20220806_163403-scaled.jpg"},{"id":4718,"url":"https:\/\/www.rozvedcik-volejbal.cz\/wp-content\/uploads\/2022\/08\/20220806_163628-scaled.jpg"},{"id":4719,"url":"https:\/\/www.rozvedcik-volejbal.cz\/wp-content\/uploads\/2022\/08\/20220806_163724-scaled.jpg"},{"id":4720,"url":"https:\/\/www.rozvedcik-volejbal.cz\/wp-content\/uploads\/2022\/08\/20220806_163735-scaled.jpg"},{"id":4721,"url":"https:\/\/www.rozvedcik-volejbal.cz\/wp-content\/uploads\/2022\/08\/20220806_164018-scaled.jpg"},{"id":4722,"url":"https:\/\/www.rozvedcik-volejbal.cz\/wp-content\/uploads\/2022\/08\/20220806_164355-scaled.jpg"},{"id":4723,"url":"https:\/\/www.rozvedcik-volejbal.cz\/wp-content\/uploads\/2022\/08\/20220806_164357-scaled.jpg"},{"id":4724,"url":"https:\/\/www.rozvedcik-volejbal.cz\/wp-content\/uploads\/2022\/08\/20220806_164423-scaled.jpg"},{"id":4725,"url":"https:\/\/www.rozvedcik-volejbal.cz\/wp-content\/uploads\/2022\/08\/20220806_164425-scaled.jpg"},{"id":4726,"url":"https:\/\/www.rozvedcik-volejbal.cz\/wp-content\/uploads\/2022\/08\/20220806_164447-scaled.jpg"},{"id":4727,"url":"https:\/\/www.rozvedcik-volejbal.cz\/wp-content\/uploads\/2022\/08\/20220806_164457-scaled.jpg"},{"id":4728,"url":"https:\/\/www.rozvedcik-volejbal.cz\/wp-content\/uploads\/2022\/08\/20220806_164526-scaled.jpg"},{"id":4729,"url":"https:\/\/www.rozvedcik-volejbal.cz\/wp-content\/uploads\/2022\/08\/20220806_164530-scaled.jpg"},{"id":4730,"url":"https:\/\/www.rozvedcik-volejbal.cz\/wp-content\/uploads\/2022\/08\/20220806_164719-scaled.jpg"},{"id":4731,"url":"https:\/\/www.rozvedcik-volejbal.cz\/wp-content\/uploads\/2022\/08\/20220806_164807-scaled.jpg"},{"id":4732,"url":"https:\/\/www.rozvedcik-volejbal.cz\/wp-content\/uploads\/2022\/08\/20220806_164814-scaled.jpg"},{"id":4733,"url":"https:\/\/www.rozvedcik-volejbal.cz\/wp-content\/uploads\/2022\/08\/20220806_183049-scaled.jpg"},{"id":4734,"url":"https:\/\/www.rozvedcik-volejbal.cz\/wp-content\/uploads\/2022\/08\/20220806_1830570-scaled.jpg"},{"id":4735,"url":"https:\/\/www.rozvedcik-volejbal.cz\/wp-content\/uploads\/2022\/08\/20220806_183140-scaled.jpg"},{"id":4736,"url":"https:\/\/www.rozvedcik-volejbal.cz\/wp-content\/uploads\/2022\/08\/20220806_183401-scaled.jpg"},{"id":4737,"url":"https:\/\/www.rozvedcik-volejbal.cz\/wp-content\/uploads\/2022\/08\/20220806_183416-scaled.jpg"},{"id":4738,"url":"https:\/\/www.rozvedcik-volejbal.cz\/wp-content\/uploads\/2022\/08\/20220806_183420-scaled.jpg"},{"id":4739,"url":"https:\/\/www.rozvedcik-volejbal.cz\/wp-content\/uploads\/2022\/08\/20220806_183522-scaled.jpg"},{"id":4740,"url":"https:\/\/www.rozvedcik-volejbal.cz\/wp-content\/uploads\/2022\/08\/20220806_183545-scaled.jpg"},{"id":4741,"url":"https:\/\/www.rozvedcik-volejbal.cz\/wp-content\/uploads\/2022\/08\/20220806_183610-scaled.jpg"},{"id":4742,"url":"https:\/\/www.rozvedcik-volejbal.cz\/wp-content\/uploads\/2022\/08\/20220806_183702-scaled.jpg"},{"id":4743,"url":"https:\/\/www.rozvedcik-volejbal.cz\/wp-content\/uploads\/2022\/08\/20220806_183746-scaled.jpg"},{"id":4744,"url":"https:\/\/www.rozvedcik-volejbal.cz\/wp-content\/uploads\/2022\/08\/20220806_183850-scaled.jpg"},{"id":4745,"url":"https:\/\/www.rozvedcik-volejbal.cz\/wp-content\/uploads\/2022\/08\/20220806_184424-scaled.jpg"},{"id":4746,"url":"https:\/\/www.rozvedcik-volejbal.cz\/wp-content\/uploads\/2022\/08\/20220806_184544-scaled.jpg"},{"id":4747,"url":"https:\/\/www.rozvedcik-volejbal.cz\/wp-content\/uploads\/2022\/08\/20220806_185533-scaled.jpg"},{"id":4748,"url":"https:\/\/www.rozvedcik-volejbal.cz\/wp-content\/uploads\/2022\/08\/20220806_195611-scaled.jpg"},{"id":4749,"url":"https:\/\/www.rozvedcik-volejbal.cz\/wp-content\/uploads\/2022\/08\/20220806_195620-scaled.jpg"},{"id":4750,"url":"https:\/\/www.rozvedcik-volejbal.cz\/wp-content\/uploads\/2022\/08\/20220806_195728-scaled.jpg"},{"id":4751,"url":"https:\/\/www.rozvedcik-volejbal.cz\/wp-content\/uploads\/2022\/08\/20220806_195750-scaled.jpg"},{"id":4752,"url":"https:\/\/www.rozvedcik-volejbal.cz\/wp-content\/uploads\/2022\/08\/20220806_195757-scaled.jpg"},{"id":4753,"url":"https:\/\/www.rozvedcik-volejbal.cz\/wp-content\/uploads\/2022\/08\/20220806_195808-scaled.jpg"},{"id":4754,"url":"https:\/\/www.rozvedcik-volejbal.cz\/wp-content\/uploads\/2022\/08\/20220806_195903-scaled.jpg"},{"id":4755,"url":"https:\/\/www.rozvedcik-volejbal.cz\/wp-content\/uploads\/2022\/08\/20220806_195907-scaled.jpg"},{"id":4756,"url":"https:\/\/www.rozvedcik-volejbal.cz\/wp-content\/uploads\/2022\/08\/20220806_195938-scaled.jpg"},{"id":4757,"url":"https:\/\/www.rozvedcik-volejbal.cz\/wp-content\/uploads\/2022\/08\/20220806_200013-scaled.jpg"},{"id":4758,"url":"https:\/\/www.rozvedcik-volejbal.cz\/wp-content\/uploads\/2022\/08\/20220806_200054-scaled.jpg"}]},"elements":[],"isInner":false,"widgetType":"gallery","elType":"widget"}],"isInner":false,"elType":"column"}],"isInner":false,"elType":"section"}],"settings":{"template":"default","eael_ext_toc_title":"Table of Contents"},"metadata":[]}