{"content":[{"id":"56f44ad8","settings":{"content_width":{"unit":"px","size":1024,"sizes":[]},"background_background":"classic","__globals__":{"background_color":"globals\/colors?id=7fcabb5"},"_element_id":"page-top","content_position":"middle","hide_mobile":"hidden-mobile"},"elements":[{"id":"ff9dfcf","settings":{"_column_size":100,"_inline_size":null,"space_between_widgets":5},"elements":[{"id":"1b9bcff9","settings":{"align_items":"center","dropdown":"mobile","text_align":"center","color_menu_item":"#FFFFFF","color_menu_item_hover":"#FFFFFF","pointer_color_menu_item_hover":"#FFFFFF","pointer_color_menu_item_active":"#003E53","dropdown_typography_typography":"custom","dropdown_typography_font_family":"Montserrat","dropdown_typography_font_size":{"unit":"px","size":16,"sizes":[]},"dropdown_typography_font_weight":"500","toggle_size":{"unit":"px","size":20,"sizes":[]},"toggle_border_width":{"unit":"px","size":3,"sizes":[]},"toggle_border_radius":{"unit":"px","size":2,"sizes":[]},"__globals__":{"color_menu_item":"globals\/colors?id=primary","color_menu_item_hover":"globals\/colors?id=primary","pointer_color_menu_item_hover":"globals\/colors?id=6e40ef7","pointer_color_menu_item_active":"globals\/colors?id=primary","dropdown_typography_typography":"","color_dropdown_item":"globals\/colors?id=primary","background_color_dropdown_item":"globals\/colors?id=7fcabb5","color_dropdown_item_hover":"globals\/colors?id=primary","background_color_dropdown_item_hover":"globals\/colors?id=6e40ef7","color_dropdown_item_active":"globals\/colors?id=6e40ef7","background_color_dropdown_item_active":"globals\/colors?id=7fcabb5","toggle_color":"globals\/colors?id=7fcabb5","toggle_background_color":"globals\/colors?id=primary","toggle_color_hover":"globals\/colors?id=6e40ef7","toggle_background_color_hover":"globals\/colors?id=primary"},"submenu_icon":{"value":"fas fa-angle-down","library":"fa-solid"},"animation_line":"grow"},"elements":[],"isInner":false,"widgetType":"nav-menu","elType":"widget"}],"isInner":false,"elType":"column"}],"isInner":false,"elType":"section"},{"id":"6ab4523b","settings":{"content_width":{"unit":"px","size":1024},"custom_height":{"unit":"px","size":105},"content_position":"middle","structure":"20","padding_tablet":{"unit":"px","top":"0","right":"20","bottom":"0","left":"20","isLinked":""},"padding_mobile":{"unit":"px","top":"25","right":"25","bottom":"25","left":"25","isLinked":"1"},"_title":"Header","background_background":"classic","hide_desktop":"hidden-desktop","hide_tablet":"hidden-tablet","custom_css":"@media(max-width: 510px){\n    selector .to-be-even {\n        width: 100%;\n    }\n    \n    selector .elementor-menu-toggle {\n        margin: 0 auto;\n    }\n}","__globals__":{"background_color":"globals\/colors?id=7fcabb5"}},"elements":[{"id":"635e400c","settings":{"_column_size":"50","_inline_size":24,"_inline_size_tablet":65,"_inline_size_mobile":50,"css_classes":"to-be-even"},"elements":[{"id":"1781a2ef","settings":{"title":"Rozv\u011bd\u010d\u00edk","header_size":"p","align_mobile":"center","typography_typography":"custom","typography_font_family":"Montserrat","typography_font_weight":"600","__globals__":{"typography_typography":"","title_color":""},"typography_font_size":{"unit":"px","size":35,"sizes":[]},"typography_text_transform":"uppercase"},"elements":[],"isInner":false,"widgetType":"heading","elType":"widget"}],"isInner":"","elType":"column"},{"id":"521f822","settings":{"_column_size":"50","space_between_widgets":5,"_inline_size":75.897999999999996134647517465054988861083984375,"_inline_size_tablet":35,"_inline_size_mobile":50,"css_classes":"to-be-even"},"elements":[{"id":"228e46c0","settings":{"align_items":"center","text_align":"center","color_menu_item":"#FFFFFF","color_menu_item_hover":"#FFFFFF","pointer_color_menu_item_hover":"#FFFFFF","pointer_color_menu_item_active":"#003E53","dropdown_typography_typography":"custom","dropdown_typography_font_family":"Montserrat","dropdown_typography_font_size":{"unit":"px","size":16,"sizes":[]},"dropdown_typography_font_weight":"500","toggle_size":{"unit":"px","size":20,"sizes":[]},"toggle_border_width":{"unit":"px","size":3,"sizes":[]},"toggle_border_radius":{"unit":"px","size":2,"sizes":[]},"__globals__":{"color_menu_item":"globals\/colors?id=primary","color_menu_item_hover":"globals\/colors?id=primary","pointer_color_menu_item_hover":"globals\/colors?id=6e40ef7","pointer_color_menu_item_active":"globals\/colors?id=primary","dropdown_typography_typography":"","color_dropdown_item":"globals\/colors?id=primary","background_color_dropdown_item":"globals\/colors?id=7fcabb5","color_dropdown_item_hover":"globals\/colors?id=primary","background_color_dropdown_item_hover":"globals\/colors?id=6e40ef7","color_dropdown_item_active":"globals\/colors?id=6e40ef7","background_color_dropdown_item_active":"globals\/colors?id=7fcabb5","toggle_color":"globals\/colors?id=7fcabb5","toggle_background_color":"globals\/colors?id=primary","toggle_color_hover":"globals\/colors?id=6e40ef7","toggle_background_color_hover":"globals\/colors?id=primary"},"submenu_icon":{"value":"fas fa-angle-down","library":"fa-solid"},"animation_line":"grow","toggle_align":"right"},"elements":[],"isInner":false,"widgetType":"nav-menu","elType":"widget"}],"isInner":"","elType":"column"}],"isInner":"","elType":"section"},{"id":"f1f9063","settings":{"content_width":{"unit":"px","size":1024,"sizes":[]},"padding":{"unit":"px","top":"30","right":"0","bottom":"0","left":"0","isLinked":false}},"elements":[{"id":"13cf9c4d","settings":{"_column_size":100,"_inline_size":null,"custom_css":"selector .flex-reversed li {\n    flex-direction: row-reverse;\n}\n\nselector .flex-reversed .elementor-icon-list-icon  {\n    margin-left: 15px;\n}\n\nselector .flex-reversed a {\n    flex-direction: row-reverse;\n}\n\nselector .flex-reversed .elementor-icon-list-text {\n    text-align: right;\n}\n\n@media(max-width: 767px){\n    selector .flex-reversed li {\n        flex-direction: row;\n    }\n    \n    selector .flex-reversed .elementor-icon-list-icon  {\n    margin-left: 0;\n}\n    \n    selector .flex-reversed a {\n        flex-direction: row;\n    }\n    \n    selector .flex-reversed-section > div{\n        flex-direction: column-reverse;\n    }\n    \n    selector .flex-reversed .elementor-icon-list-text{\n        text-align: left;\n    }\n}\n"},"elements":[{"id":"1e1ed951","settings":{"structure":"20","margin":{"unit":"px","top":"0","right":0,"bottom":"20","left":0,"isLinked":false},"margin_mobile":{"unit":"px","top":"0","right":0,"bottom":"21","left":0,"isLinked":false}},"elements":[{"id":"1d4140d","settings":{"_column_size":50,"_inline_size":null},"elements":[{"id":"1e63a34e","settings":{"carousel":[{"id":4750,"url":"https:\/\/www.rozvedcik-volejbal.cz\/wp-content\/uploads\/2022\/08\/20220806_195728-scaled.jpg"},{"id":4744,"url":"https:\/\/www.rozvedcik-volejbal.cz\/wp-content\/uploads\/2022\/08\/20220806_183850-scaled.jpg"},{"id":4719,"url":"https:\/\/www.rozvedcik-volejbal.cz\/wp-content\/uploads\/2022\/08\/20220806_163724-scaled.jpg"}],"thumbnail_size":"large","slides_to_show":"1","navigation":"dots","link_to":"custom","link":{"url":"https:\/\/www.rozvedcik-volejbal.cz\/gallery\/galerie-2022-hobby\/","is_external":"","nofollow":"","custom_attributes":""}},"elements":[],"isInner":false,"widgetType":"image-carousel","elType":"widget"}],"isInner":true,"elType":"column"},{"id":"265ec93f","settings":{"_column_size":50,"_inline_size":null,"content_position":"center","padding":{"unit":"px","top":"0","right":"0","bottom":"50","left":"25","isLinked":false},"padding_mobile":{"unit":"px","top":"0","right":"0","bottom":"0","left":"0","isLinked":true}},"elements":[{"id":"2b5eec18","settings":{"title":"2022 - HOBBy","align":"left","__globals__":{"typography_typography":"globals\/typography?id=f704b06","title_color":"globals\/colors?id=7fcabb5"},"align_mobile":"center","_padding":{"unit":"px","top":"0","right":"0","bottom":"0","left":"0","isLinked":false},"_margin":{"unit":"px","top":"0","right":"0","bottom":"0","left":"0","isLinked":false}},"elements":[],"isInner":false,"widgetType":"heading","elType":"widget"},{"id":"9869742","settings":{"icon_list":[{"text":"6.&nbsp;8.&nbsp;2022","selected_icon":{"value":"far fa-calendar-alt","library":"fa-regular"},"_id":"7a469eb"},{"text":"35&nbsp;hr\u00e1\u010d\u016f","selected_icon":{"value":"fas fa-users","library":"fa-solid"},"_id":"d7dca6f"},{"text":"Losov\u00e1n\u00ed: N\u00e1hodn\u00e9","selected_icon":{"value":"fas fa-dice","library":"fa-solid"},"_id":"68ad138"},{"_id":"834d463","text":"Syst\u00e9m: 2 skupiny po 3 t\u00fdmech a play-off","selected_icon":{"value":"fas fa-table","library":"fa-solid"}}],"icon_align":"left","icon_self_align":"center","_padding":{"unit":"%","top":"0","right":"0","bottom":"0","left":"0","isLinked":false},"__globals__":{"icon_typography_typography":"","icon_color":"globals\/colors?id=7fcabb5","text_color":"globals\/colors?id=7fcabb5"},"icon_align_mobile":"left","_padding_mobile":{"unit":"px","top":"0","right":"0","bottom":"0","left":"0","isLinked":false},"view":"","space_between":{"unit":"px","size":4,"sizes":[]},"icon_color":"#003E53","icon_size":{"unit":"px","size":25,"sizes":[]},"text_color":"#003E53","text_indent":{"unit":"px","size":18,"sizes":[]},"icon_typography_typography":"custom","icon_typography_font_family":"Montserrat","icon_typography_font_size":{"unit":"px","size":21,"sizes":[]},"icon_typography_font_weight":"600"},"elements":[],"isInner":false,"widgetType":"icon-list","elType":"widget"},{"id":"47281e8e","settings":{"text":"V\u0161e o turnaji","link":{"url":"https:\/\/www.rozvedcik-volejbal.cz\/previous\/2022-hobby\/","is_external":"","nofollow":"","custom_attributes":""},"align":"left","selected_icon":{"value":"fas fa-angle-right","library":"fa-solid"},"icon_align":"right","border_radius":{"unit":"px","top":"2","right":"2","bottom":"2","left":"2","isLinked":true},"_margin":{"unit":"px","top":"0","right":"0","bottom":"0","left":"0","isLinked":true},"__globals__":{"typography_typography":"globals\/typography?id=primary","button_text_color":"globals\/colors?id=primary","background_color":"globals\/colors?id=6e40ef7","border_color":"globals\/colors?id=6e40ef7","hover_color":"globals\/colors?id=primary","button_background_hover_color":"globals\/colors?id=secondary","button_hover_border_color":"globals\/colors?id=6e40ef7"},"align_mobile":"center","_padding":{"unit":"px","top":"13","right":"0","bottom":"0","left":"0","isLinked":false},"_padding_mobile":{"unit":"px","top":"0","right":"0","bottom":"0","left":"0","isLinked":true},"icon_indent":{"unit":"px","size":12,"sizes":[]}},"elements":[],"isInner":false,"widgetType":"button","elType":"widget"}],"isInner":true,"elType":"column"}],"isInner":true,"elType":"section"},{"id":"57f14533","settings":{"hide_desktop":"hidden-desktop","hide_tablet":"hidden-tablet"},"elements":[{"id":"5bb48bc8","settings":{"_column_size":100,"_inline_size":null},"elements":[{"id":"171f596e","settings":{"look":"line_icon","text":"Odd\u011blova\u010d","icon":{"value":"fas fa-volleyball-ball","library":"fa-solid"},"weight":{"unit":"px","size":2,"sizes":[]},"__globals__":{"color":"globals\/colors?id=7fcabb5","primary_color":"globals\/colors?id=7fcabb5"}},"elements":[],"isInner":false,"widgetType":"divider","elType":"widget"}],"isInner":true,"elType":"column"}],"isInner":true,"elType":"section"},{"id":"45b7b31c","settings":{"structure":"20","margin":{"unit":"px","top":"0","right":0,"bottom":"20","left":0,"isLinked":false},"margin_mobile":{"unit":"px","top":"14","right":0,"bottom":"21","left":0,"isLinked":false},"css_classes":"flex-reversed-section"},"elements":[{"id":"2cc238d9","settings":{"_column_size":50,"_inline_size":null,"content_position":"center","padding":{"unit":"px","top":"0","right":"25","bottom":"50","left":"0","isLinked":false},"padding_mobile":{"unit":"px","top":"0","right":"0","bottom":"0","left":"0","isLinked":true}},"elements":[{"id":"e67912a","settings":{"title":"2022 - PROFI","align":"right","__globals__":{"typography_typography":"globals\/typography?id=f704b06","title_color":"globals\/colors?id=7fcabb5"},"align_mobile":"center","_padding":{"unit":"px","top":"0","right":"0","bottom":"0","left":"0","isLinked":false},"_margin":{"unit":"px","top":"0","right":"0","bottom":"0","left":"0","isLinked":false}},"elements":[],"isInner":false,"widgetType":"heading","elType":"widget"},{"id":"5a97c36f","settings":{"icon_list":[{"text":"11.&nbsp;6.&nbsp;2022","selected_icon":{"value":"far fa-calendar-alt","library":"fa-regular"},"_id":"7a469eb"},{"text":"25&nbsp;hr\u00e1\u010d\u016f","selected_icon":{"value":"fas fa-users","library":"fa-solid"},"_id":"d7dca6f"},{"text":"Losov\u00e1n\u00ed: N\u00e1hodn\u00e9","selected_icon":{"value":"fas fa-dice","library":"fa-solid"},"_id":"68ad138"},{"_id":"834d463","text":"Syst\u00e9m: 2&nbsp;podturnaje 4&nbsp;t\u00fdm\u016f&nbsp;+&nbsp;fin\u00e1le","selected_icon":{"value":"fas fa-table","library":"fa-solid"}}],"icon_align":"left","icon_self_align":"center","_padding":{"unit":"%","top":"0","right":"0","bottom":"0","left":"5","isLinked":false},"__globals__":{"icon_typography_typography":"","icon_color":"globals\/colors?id=7fcabb5","text_color":"globals\/colors?id=7fcabb5"},"icon_align_mobile":"left","_padding_mobile":{"unit":"px","top":"0","right":"0","bottom":"0","left":"0","isLinked":false},"view":"","space_between":{"unit":"px","size":4,"sizes":[]},"icon_color":"#003E53","icon_size":{"unit":"px","size":25,"sizes":[]},"text_color":"#003E53","text_indent":{"unit":"px","size":18,"sizes":[]},"icon_typography_typography":"custom","icon_typography_font_family":"Montserrat","icon_typography_font_size":{"unit":"px","size":21,"sizes":[]},"icon_typography_font_weight":"600","_css_classes":"flex-reversed"},"elements":[],"isInner":false,"widgetType":"icon-list","elType":"widget"},{"id":"56775067","settings":{"text":"V\u0161e o turnaji","link":{"url":"https:\/\/www.rozvedcik-volejbal.cz\/previous\/2022-hobby\/","is_external":"","nofollow":"","custom_attributes":""},"align":"right","selected_icon":{"value":"fas fa-angle-right","library":"fa-solid"},"icon_align":"right","border_radius":{"unit":"px","top":"2","right":"2","bottom":"2","left":"2","isLinked":true},"_margin":{"unit":"px","top":"0","right":"0","bottom":"0","left":"0","isLinked":true},"__globals__":{"typography_typography":"globals\/typography?id=primary","button_text_color":"globals\/colors?id=primary","background_color":"globals\/colors?id=6e40ef7","border_color":"globals\/colors?id=6e40ef7","hover_color":"globals\/colors?id=primary","button_background_hover_color":"globals\/colors?id=secondary","button_hover_border_color":"globals\/colors?id=6e40ef7"},"align_mobile":"center","_padding":{"unit":"px","top":"13","right":"0","bottom":"0","left":"0","isLinked":false},"_padding_mobile":{"unit":"px","top":"0","right":"0","bottom":"0","left":"0","isLinked":true},"icon_indent":{"unit":"px","size":12,"sizes":[]}},"elements":[],"isInner":false,"widgetType":"button","elType":"widget"}],"isInner":true,"elType":"column"},{"id":"1658decf","settings":{"_column_size":50,"_inline_size":null},"elements":[{"id":"ca71f21","settings":{"carousel":[{"id":4164,"url":"https:\/\/www.rozvedcik-volejbal.cz\/wp-content\/uploads\/2022\/06\/IMG_5537-scaled.jpg"},{"id":4287,"url":"https:\/\/www.rozvedcik-volejbal.cz\/wp-content\/uploads\/2022\/06\/vitezove_bila-scaled.jpg"},{"id":4286,"url":"https:\/\/www.rozvedcik-volejbal.cz\/wp-content\/uploads\/2022\/06\/nancy_bila-scaled.jpg"}],"thumbnail_size":"large","slides_to_show":"1","navigation":"dots","link_to":"custom","link":{"url":"https:\/\/www.rozvedcik-volejbal.cz\/gallery\/2022-profi\/","is_external":"","nofollow":"","custom_attributes":""}},"elements":[],"isInner":false,"widgetType":"image-carousel","elType":"widget"}],"isInner":true,"elType":"column"}],"isInner":true,"elType":"section"},{"id":"510c7342","settings":{"hide_desktop":"hidden-desktop","hide_tablet":"hidden-tablet"},"elements":[{"id":"73b7cd5d","settings":{"_column_size":100,"_inline_size":null},"elements":[{"id":"14335450","settings":{"look":"line_icon","text":"Odd\u011blova\u010d","icon":{"value":"fas fa-volleyball-ball","library":"fa-solid"},"weight":{"unit":"px","size":2,"sizes":[]},"__globals__":{"color":"globals\/colors?id=7fcabb5","primary_color":"globals\/colors?id=7fcabb5"}},"elements":[],"isInner":false,"widgetType":"divider","elType":"widget"}],"isInner":true,"elType":"column"}],"isInner":true,"elType":"section"},{"id":"50ba10ba","settings":{"structure":"20","margin":{"unit":"px","top":"0","right":0,"bottom":"20","left":0,"isLinked":false},"margin_mobile":{"unit":"px","top":"0","right":0,"bottom":"21","left":0,"isLinked":false}},"elements":[{"id":"5f47f69a","settings":{"_column_size":50,"_inline_size":null},"elements":[{"id":"31b69255","settings":{"carousel":[{"id":3751,"url":"https:\/\/www.rozvedcik-volejbal.cz\/wp-content\/uploads\/2021\/12\/20211218_165149-scaled.jpg"},{"id":3911,"url":"https:\/\/www.rozvedcik-volejbal.cz\/wp-content\/uploads\/2021\/12\/zuzazeli-scaled.jpg"},{"id":3865,"url":"https:\/\/www.rozvedcik-volejbal.cz\/wp-content\/uploads\/2021\/12\/20211218_145350-scaled.jpg"}],"thumbnail_size":"large","slides_to_show":"1","navigation":"dots","link_to":"custom","link":{"url":"https:\/\/www.rozvedcik-volejbal.cz\/gallery\/2021-beach\/","is_external":"","nofollow":"","custom_attributes":""}},"elements":[],"isInner":false,"widgetType":"image-carousel","elType":"widget"}],"isInner":true,"elType":"column"},{"id":"69e473ef","settings":{"_column_size":50,"_inline_size":null,"content_position":"center","padding":{"unit":"px","top":"0","right":"0","bottom":"50","left":"25","isLinked":false},"padding_mobile":{"unit":"px","top":"0","right":"0","bottom":"0","left":"0","isLinked":true}},"elements":[{"id":"59dd24f4","settings":{"title":"2021 - BEACH","align":"left","__globals__":{"typography_typography":"globals\/typography?id=f704b06","title_color":"globals\/colors?id=7fcabb5"},"align_mobile":"center","_padding":{"unit":"px","top":"0","right":"0","bottom":"0","left":"0","isLinked":false},"_margin":{"unit":"px","top":"0","right":"0","bottom":"0","left":"0","isLinked":false}},"elements":[],"isInner":false,"widgetType":"heading","elType":"widget"},{"id":"e5ae5f4","settings":{"icon_list":[{"text":"18.&nbsp;12.&nbsp;2021","selected_icon":{"value":"far fa-calendar-alt","library":"fa-regular"},"_id":"7a469eb"},{"text":"18&nbsp;hr\u00e1\u010d\u016f","selected_icon":{"value":"fas fa-users","library":"fa-solid"},"_id":"d7dca6f"},{"text":"Losov\u00e1n\u00ed: N\u00e1hodn\u00e9","selected_icon":{"value":"fas fa-dice","library":"fa-solid"},"_id":"68ad138"},{"_id":"834d463","text":"Syst\u00e9m: Dv\u011b roz\u0159azovac\u00ed skupiny 5 kluk\u016f a 4 holek, play-out kluk\u016f, play-off fixn\u00edch p\u00e1r\u016f","selected_icon":{"value":"fas fa-table","library":"fa-solid"}}],"icon_align":"left","icon_self_align":"center","_padding":{"unit":"%","top":"0","right":"0","bottom":"0","left":"0","isLinked":false},"__globals__":{"icon_typography_typography":"","icon_color":"globals\/colors?id=7fcabb5","text_color":"globals\/colors?id=7fcabb5"},"icon_align_mobile":"left","_padding_mobile":{"unit":"px","top":"0","right":"0","bottom":"0","left":"0","isLinked":false},"view":"","space_between":{"unit":"px","size":4,"sizes":[]},"icon_color":"#003E53","icon_size":{"unit":"px","size":25,"sizes":[]},"text_color":"#003E53","text_indent":{"unit":"px","size":18,"sizes":[]},"icon_typography_typography":"custom","icon_typography_font_family":"Montserrat","icon_typography_font_size":{"unit":"px","size":21,"sizes":[]},"icon_typography_font_weight":"600"},"elements":[],"isInner":false,"widgetType":"icon-list","elType":"widget"},{"id":"392f39fd","settings":{"text":"V\u0161e o turnaji","link":{"url":"https:\/\/www.rozvedcik-volejbal.cz\/previous\/2021-beach\/","is_external":"","nofollow":"","custom_attributes":""},"align":"left","selected_icon":{"value":"fas fa-angle-right","library":"fa-solid"},"icon_align":"right","border_radius":{"unit":"px","top":"2","right":"2","bottom":"2","left":"2","isLinked":true},"_margin":{"unit":"px","top":"0","right":"0","bottom":"0","left":"0","isLinked":true},"__globals__":{"typography_typography":"globals\/typography?id=primary","button_text_color":"globals\/colors?id=primary","background_color":"globals\/colors?id=6e40ef7","border_color":"globals\/colors?id=6e40ef7","hover_color":"globals\/colors?id=primary","button_background_hover_color":"globals\/colors?id=secondary","button_hover_border_color":"globals\/colors?id=6e40ef7"},"align_mobile":"center","_padding":{"unit":"px","top":"13","right":"0","bottom":"0","left":"0","isLinked":false},"_padding_mobile":{"unit":"px","top":"0","right":"0","bottom":"0","left":"0","isLinked":true},"icon_indent":{"unit":"px","size":12,"sizes":[]}},"elements":[],"isInner":false,"widgetType":"button","elType":"widget"}],"isInner":true,"elType":"column"}],"isInner":true,"elType":"section"},{"id":"61e5e6b2","settings":{"hide_desktop":"hidden-desktop","hide_tablet":"hidden-tablet"},"elements":[{"id":"783a1248","settings":{"_column_size":100,"_inline_size":null},"elements":[{"id":"4a9233dd","settings":{"look":"line_icon","text":"Odd\u011blova\u010d","icon":{"value":"fas fa-volleyball-ball","library":"fa-solid"},"weight":{"unit":"px","size":2,"sizes":[]},"__globals__":{"color":"globals\/colors?id=7fcabb5","primary_color":"globals\/colors?id=7fcabb5"}},"elements":[],"isInner":false,"widgetType":"divider","elType":"widget"}],"isInner":true,"elType":"column"}],"isInner":true,"elType":"section"},{"id":"1236aca2","settings":{"structure":"20","margin":{"unit":"px","top":"0","right":0,"bottom":"20","left":0,"isLinked":false},"margin_mobile":{"unit":"px","top":"14","right":0,"bottom":"21","left":0,"isLinked":false},"css_classes":"flex-reversed-section"},"elements":[{"id":"324c561a","settings":{"_column_size":50,"_inline_size":null,"content_position":"center","padding":{"unit":"px","top":"0","right":"25","bottom":"50","left":"0","isLinked":false},"padding_mobile":{"unit":"px","top":"0","right":"0","bottom":"0","left":"0","isLinked":true}},"elements":[{"id":"7481044f","settings":{"title":"2021 - hobby","align":"right","__globals__":{"typography_typography":"globals\/typography?id=f704b06","title_color":"globals\/colors?id=7fcabb5"},"align_mobile":"center","_padding":{"unit":"px","top":"0","right":"0","bottom":"0","left":"0","isLinked":false},"_margin":{"unit":"px","top":"0","right":"0","bottom":"0","left":"0","isLinked":false}},"elements":[],"isInner":false,"widgetType":"heading","elType":"widget"},{"id":"b2df95e","settings":{"icon_list":[{"text":"7.&nbsp;8.&nbsp;2021","selected_icon":{"value":"far fa-calendar-alt","library":"fa-regular"},"_id":"7a469eb"},{"text":"30&nbsp;hr\u00e1\u010d\u016f","selected_icon":{"value":"fas fa-users","library":"fa-solid"},"_id":"d7dca6f"},{"text":"Losov\u00e1n\u00ed: Dobble-5","selected_icon":{"value":"fas fa-dice","library":"fa-solid"},"_id":"68ad138"},{"_id":"834d463","text":"Syst\u00e9m: 5&nbsp;\u010dlenn\u00e1&nbsp;skupina + fin\u00e1le, z\u00e1pas o&nbsp;3.&nbsp;m\u00edsto","selected_icon":{"value":"fas fa-table","library":"fa-solid"}}],"icon_align":"left","icon_self_align":"center","_padding":{"unit":"%","top":"0","right":"0","bottom":"0","left":"5","isLinked":false},"__globals__":{"icon_typography_typography":"","icon_color":"globals\/colors?id=7fcabb5","text_color":"globals\/colors?id=7fcabb5"},"icon_align_mobile":"left","_padding_mobile":{"unit":"px","top":"0","right":"0","bottom":"0","left":"0","isLinked":false},"view":"","space_between":{"unit":"px","size":4,"sizes":[]},"icon_color":"#003E53","icon_size":{"unit":"px","size":25,"sizes":[]},"text_color":"#003E53","text_indent":{"unit":"px","size":18,"sizes":[]},"icon_typography_typography":"custom","icon_typography_font_family":"Montserrat","icon_typography_font_size":{"unit":"px","size":21,"sizes":[]},"icon_typography_font_weight":"600","_css_classes":"flex-reversed"},"elements":[],"isInner":false,"widgetType":"icon-list","elType":"widget"},{"id":"289b170d","settings":{"text":"V\u0161e o turnaji","link":{"url":"https:\/\/www.rozvedcik-volejbal.cz\/previous\/2021-hobby\/","is_external":"","nofollow":"","custom_attributes":""},"align":"right","selected_icon":{"value":"fas fa-angle-right","library":"fa-solid"},"icon_align":"right","border_radius":{"unit":"px","top":"2","right":"2","bottom":"2","left":"2","isLinked":true},"_margin":{"unit":"px","top":"0","right":"0","bottom":"0","left":"0","isLinked":true},"__globals__":{"typography_typography":"globals\/typography?id=primary","button_text_color":"globals\/colors?id=primary","background_color":"globals\/colors?id=6e40ef7","border_color":"globals\/colors?id=6e40ef7","hover_color":"globals\/colors?id=primary","button_background_hover_color":"globals\/colors?id=secondary","button_hover_border_color":"globals\/colors?id=6e40ef7"},"align_mobile":"center","_padding":{"unit":"px","top":"13","right":"0","bottom":"0","left":"25","isLinked":false},"_padding_mobile":{"unit":"px","top":"0","right":"0","bottom":"0","left":"0","isLinked":true},"icon_indent":{"unit":"px","size":12,"sizes":[]}},"elements":[],"isInner":false,"widgetType":"button","elType":"widget"}],"isInner":true,"elType":"column"},{"id":"1f741d4","settings":{"_column_size":50,"_inline_size":null},"elements":[{"id":"7022bd52","settings":{"carousel":[{"id":3092,"url":"https:\/\/www.rozvedcik-volejbal.cz\/wp-content\/uploads\/2021\/08\/IMG_6128-scaled.jpg"},{"id":3036,"url":"https:\/\/www.rozvedcik-volejbal.cz\/wp-content\/uploads\/2021\/08\/IMG_5711-scaled.jpg"},{"id":3097,"url":"https:\/\/www.rozvedcik-volejbal.cz\/wp-content\/uploads\/2021\/08\/IMG_6144-scaled.jpg"}],"thumbnail_size":"large","slides_to_show":"1","navigation":"dots","link_to":"custom","link":{"url":"https:\/\/www.rozvedcik-volejbal.cz\/gallery\/2021-hobby\/","is_external":"","nofollow":"","custom_attributes":""}},"elements":[],"isInner":false,"widgetType":"image-carousel","elType":"widget"}],"isInner":true,"elType":"column"}],"isInner":true,"elType":"section"},{"id":"736f23d3","settings":{"hide_desktop":"hidden-desktop","hide_tablet":"hidden-tablet"},"elements":[{"id":"70802aa6","settings":{"_column_size":100,"_inline_size":null},"elements":[{"id":"36912611","settings":{"look":"line_icon","text":"Odd\u011blova\u010d","icon":{"value":"fas fa-volleyball-ball","library":"fa-solid"},"weight":{"unit":"px","size":2,"sizes":[]},"__globals__":{"color":"globals\/colors?id=7fcabb5","primary_color":"globals\/colors?id=7fcabb5"}},"elements":[],"isInner":false,"widgetType":"divider","elType":"widget"}],"isInner":true,"elType":"column"}],"isInner":true,"elType":"section"},{"id":"56de770c","settings":{"structure":"20","margin":{"unit":"px","top":"0","right":0,"bottom":"20","left":0,"isLinked":false},"margin_mobile":{"unit":"px","top":"0","right":0,"bottom":"21","left":0,"isLinked":false}},"elements":[{"id":"671d02ff","settings":{"_column_size":50,"_inline_size":null},"elements":[{"id":"52378d5d","settings":{"carousel":[{"id":1243,"url":"https:\/\/www.rozvedcik-volejbal.cz\/wp-content\/uploads\/2021\/07\/IMG_5353-scaled.jpg"},{"id":2680,"url":"https:\/\/www.rozvedcik-volejbal.cz\/wp-content\/uploads\/2021\/08\/IMG_5438-scaled.jpg"},{"id":2651,"url":"https:\/\/www.rozvedcik-volejbal.cz\/wp-content\/uploads\/2021\/08\/IMG_4877-scaled.jpg"}],"thumbnail_size":"large","slides_to_show":"1","navigation":"dots","link_to":"custom","link":{"url":"https:\/\/www.rozvedcik-volejbal.cz\/gallery\/2021-profi\/","is_external":"","nofollow":"","custom_attributes":""}},"elements":[],"isInner":false,"widgetType":"image-carousel","elType":"widget"}],"isInner":true,"elType":"column"},{"id":"382150fb","settings":{"_column_size":50,"_inline_size":null,"content_position":"center","padding":{"unit":"px","top":"0","right":"0","bottom":"50","left":"25","isLinked":false},"padding_mobile":{"unit":"px","top":"0","right":"0","bottom":"0","left":"0","isLinked":true}},"elements":[{"id":"446f7cee","settings":{"title":"2021 - profi","align":"left","__globals__":{"typography_typography":"globals\/typography?id=f704b06","title_color":"globals\/colors?id=7fcabb5"},"align_mobile":"center","_padding":{"unit":"px","top":"0","right":"0","bottom":"0","left":"0","isLinked":false},"_margin":{"unit":"px","top":"0","right":"0","bottom":"0","left":"0","isLinked":false}},"elements":[],"isInner":false,"widgetType":"heading","elType":"widget"},{"id":"671d4ba4","settings":{"icon_list":[{"text":"26.&nbsp;6.&nbsp;2021","selected_icon":{"value":"far fa-calendar-alt","library":"fa-regular"},"_id":"7a469eb"},{"text":"24&nbsp;hr\u00e1\u010d\u016f","selected_icon":{"value":"fas fa-users","library":"fa-solid"},"_id":"d7dca6f"},{"text":"Losov\u00e1n\u00ed: Grid-2x4","selected_icon":{"value":"fas fa-dice","library":"fa-solid"},"_id":"68ad138"},{"_id":"834d463","text":"Syst\u00e9m: 2&nbsp;podturnaje 4&nbsp;t\u00fdm\u016f","selected_icon":{"value":"fas fa-table","library":"fa-solid"}}],"icon_align":"left","icon_self_align":"center","_padding":{"unit":"%","top":"0","right":"0","bottom":"0","left":"0","isLinked":false},"__globals__":{"icon_typography_typography":"","icon_color":"globals\/colors?id=7fcabb5","text_color":"globals\/colors?id=7fcabb5"},"icon_align_mobile":"left","_padding_mobile":{"unit":"px","top":"0","right":"0","bottom":"0","left":"0","isLinked":false},"view":"","space_between":{"unit":"px","size":4,"sizes":[]},"icon_color":"#003E53","icon_size":{"unit":"px","size":25,"sizes":[]},"text_color":"#003E53","text_indent":{"unit":"px","size":18,"sizes":[]},"icon_typography_typography":"custom","icon_typography_font_family":"Montserrat","icon_typography_font_size":{"unit":"px","size":21,"sizes":[]},"icon_typography_font_weight":"600"},"elements":[],"isInner":false,"widgetType":"icon-list","elType":"widget"},{"id":"4fe083ab","settings":{"text":"V\u0161e o turnaji","link":{"url":"https:\/\/www.rozvedcik-volejbal.cz\/previous\/2021-profi\/","is_external":"","nofollow":"","custom_attributes":""},"align":"left","selected_icon":{"value":"fas fa-angle-right","library":"fa-solid"},"icon_align":"right","border_radius":{"unit":"px","top":"2","right":"2","bottom":"2","left":"2","isLinked":true},"_margin":{"unit":"px","top":"0","right":"0","bottom":"0","left":"0","isLinked":true},"__globals__":{"typography_typography":"globals\/typography?id=primary","button_text_color":"globals\/colors?id=primary","background_color":"globals\/colors?id=6e40ef7","border_color":"globals\/colors?id=6e40ef7","hover_color":"globals\/colors?id=primary","button_background_hover_color":"globals\/colors?id=secondary","button_hover_border_color":"globals\/colors?id=6e40ef7"},"align_mobile":"center","_padding":{"unit":"px","top":"13","right":"0","bottom":"0","left":"0","isLinked":false},"_padding_mobile":{"unit":"px","top":"0","right":"0","bottom":"0","left":"0","isLinked":true},"icon_indent":{"unit":"px","size":12,"sizes":[]}},"elements":[],"isInner":false,"widgetType":"button","elType":"widget"}],"isInner":true,"elType":"column"}],"isInner":true,"elType":"section"},{"id":"e20c551","settings":{"hide_desktop":"hidden-desktop","hide_tablet":"hidden-tablet"},"elements":[{"id":"7bf1e724","settings":{"_column_size":100,"_inline_size":null},"elements":[{"id":"522f09b4","settings":{"look":"line_icon","text":"Odd\u011blova\u010d","icon":{"value":"fas fa-volleyball-ball","library":"fa-solid"},"weight":{"unit":"px","size":2,"sizes":[]},"__globals__":{"color":"globals\/colors?id=7fcabb5","primary_color":"globals\/colors?id=7fcabb5"}},"elements":[],"isInner":false,"widgetType":"divider","elType":"widget"}],"isInner":true,"elType":"column"}],"isInner":true,"elType":"section"},{"id":"1ce146bb","settings":{"structure":"20","margin":{"unit":"px","top":"0","right":0,"bottom":"20","left":0,"isLinked":false},"margin_mobile":{"unit":"px","top":"14","right":0,"bottom":"21","left":0,"isLinked":false},"css_classes":"flex-reversed-section"},"elements":[{"id":"43b2e30f","settings":{"_column_size":50,"_inline_size":null,"content_position":"center","padding":{"unit":"px","top":"0","right":"25","bottom":"50","left":"0","isLinked":false},"padding_mobile":{"unit":"px","top":"0","right":"0","bottom":"0","left":"0","isLinked":true}},"elements":[{"id":"1c7c3b87","settings":{"title":"2020","align":"right","__globals__":{"typography_typography":"globals\/typography?id=f704b06","title_color":"globals\/colors?id=7fcabb5"},"align_mobile":"center","_padding":{"unit":"px","top":"0","right":"0","bottom":"0","left":"0","isLinked":false},"_margin":{"unit":"px","top":"0","right":"0","bottom":"0","left":"0","isLinked":false}},"elements":[],"isInner":false,"widgetType":"heading","elType":"widget"},{"id":"7a4f8b98","settings":{"icon_list":[{"text":"18.&nbsp;7.&nbsp;2021","selected_icon":{"value":"far fa-calendar-alt","library":"fa-regular"},"_id":"7a469eb"},{"text":"29&nbsp;hr\u00e1\u010d\u016f","selected_icon":{"value":"fas fa-users","library":"fa-solid"},"_id":"d7dca6f"},{"text":"Losov\u00e1n\u00ed: Dobble-5","selected_icon":{"value":"fas fa-dice","library":"fa-solid"},"_id":"68ad138"},{"_id":"834d463","text":"Syst\u00e9m: 5&nbsp;\u010dlenn\u00e1&nbsp;skupina + fin\u00e1le","selected_icon":{"value":"fas fa-table","library":"fa-solid"}}],"icon_align":"left","icon_self_align":"center","_padding":{"unit":"%","top":"0","right":"0","bottom":"0","left":"5","isLinked":false},"__globals__":{"icon_typography_typography":"","icon_color":"globals\/colors?id=7fcabb5","text_color":"globals\/colors?id=7fcabb5"},"icon_align_mobile":"left","_padding_mobile":{"unit":"px","top":"0","right":"0","bottom":"0","left":"0","isLinked":false},"view":"","space_between":{"unit":"px","size":4,"sizes":[]},"icon_color":"#003E53","icon_size":{"unit":"px","size":25,"sizes":[]},"text_color":"#003E53","text_indent":{"unit":"px","size":18,"sizes":[]},"icon_typography_typography":"custom","icon_typography_font_family":"Montserrat","icon_typography_font_size":{"unit":"px","size":21,"sizes":[]},"icon_typography_font_weight":"600","_css_classes":"flex-reversed"},"elements":[],"isInner":false,"widgetType":"icon-list","elType":"widget"},{"id":"3e67c766","settings":{"text":"V\u0161e o turnaji","link":{"url":"https:\/\/www.rozvedcik-volejbal.cz\/previous\/2020-all","is_external":"","nofollow":"","custom_attributes":""},"align":"right","selected_icon":{"value":"fas fa-angle-right","library":"fa-solid"},"icon_align":"right","border_radius":{"unit":"px","top":"2","right":"2","bottom":"2","left":"2","isLinked":true},"_margin":{"unit":"px","top":"0","right":"0","bottom":"0","left":"0","isLinked":true},"__globals__":{"typography_typography":"globals\/typography?id=primary","button_text_color":"globals\/colors?id=primary","background_color":"globals\/colors?id=6e40ef7","border_color":"globals\/colors?id=6e40ef7","hover_color":"globals\/colors?id=primary","button_background_hover_color":"globals\/colors?id=secondary","button_hover_border_color":"globals\/colors?id=6e40ef7"},"align_mobile":"center","_padding":{"unit":"px","top":"13","right":"0","bottom":"0","left":"25","isLinked":false},"_padding_mobile":{"unit":"px","top":"0","right":"0","bottom":"0","left":"0","isLinked":true},"icon_indent":{"unit":"px","size":12,"sizes":[]}},"elements":[],"isInner":false,"widgetType":"button","elType":"widget"}],"isInner":true,"elType":"column"},{"id":"7bc2bc90","settings":{"_column_size":50,"_inline_size":null},"elements":[{"id":"345d70a6","settings":{"carousel":[{"id":2565,"url":"https:\/\/www.rozvedcik-volejbal.cz\/wp-content\/uploads\/2021\/08\/20200718_184629-scaled.jpg"},{"id":2562,"url":"https:\/\/www.rozvedcik-volejbal.cz\/wp-content\/uploads\/2021\/08\/20200718_184341-scaled.jpg"},{"id":2591,"url":"https:\/\/www.rozvedcik-volejbal.cz\/wp-content\/uploads\/2021\/08\/20200718_201232-scaled.jpg"}],"thumbnail_size":"large","slides_to_show":"1","navigation":"dots","link_to":"custom","link":{"url":"https:\/\/www.rozvedcik-volejbal.cz\/gallery\/2020-all","is_external":"","nofollow":"","custom_attributes":""}},"elements":[],"isInner":false,"widgetType":"image-carousel","elType":"widget"}],"isInner":true,"elType":"column"}],"isInner":true,"elType":"section"},{"id":"709f2738","settings":{"hide_desktop":"hidden-desktop","hide_tablet":"hidden-tablet"},"elements":[{"id":"ad2ffbf","settings":{"_column_size":100,"_inline_size":null},"elements":[{"id":"63f0ce15","settings":{"look":"line_icon","text":"Odd\u011blova\u010d","icon":{"value":"fas fa-volleyball-ball","library":"fa-solid"},"weight":{"unit":"px","size":2,"sizes":[]},"__globals__":{"color":"globals\/colors?id=7fcabb5","primary_color":"globals\/colors?id=7fcabb5"}},"elements":[],"isInner":false,"widgetType":"divider","elType":"widget"}],"isInner":true,"elType":"column"}],"isInner":true,"elType":"section"},{"id":"27997ca9","settings":{"structure":"20","margin_mobile":{"unit":"px","top":"14","right":0,"bottom":"0","left":0,"isLinked":false}},"elements":[{"id":"45d4e642","settings":{"_column_size":50,"_inline_size":null},"elements":[{"id":"61b33006","settings":{"carousel":[{"id":2438,"url":"https:\/\/www.rozvedcik-volejbal.cz\/wp-content\/uploads\/2021\/08\/226592827_164500555772544_327427443796302630_n-1.jpg"},{"id":2479,"url":"https:\/\/www.rozvedcik-volejbal.cz\/wp-content\/uploads\/2021\/08\/230993665_312176407022101_3802477309267662291_n-2.jpg"},{"id":2422,"url":"https:\/\/www.rozvedcik-volejbal.cz\/wp-content\/uploads\/2021\/08\/231636915_155264863383927_6127427731790505586_n-1.jpg"}],"thumbnail_size":"large","slides_to_show":"1","navigation":"dots","link_to":"custom","link":{"url":"https:\/\/www.rozvedcik-volejbal.cz\/gallery\/2019-all","is_external":"","nofollow":"","custom_attributes":""}},"elements":[],"isInner":false,"widgetType":"image-carousel","elType":"widget"}],"isInner":true,"elType":"column"},{"id":"521ee62c","settings":{"_column_size":50,"_inline_size":null,"content_position":"center","padding":{"unit":"px","top":"0","right":"0","bottom":"50","left":"25","isLinked":false},"padding_mobile":{"unit":"px","top":"0","right":"0","bottom":"0","left":"0","isLinked":true}},"elements":[{"id":"297c2bfc","settings":{"title":"2019","align":"left","__globals__":{"typography_typography":"globals\/typography?id=f704b06","title_color":"globals\/colors?id=7fcabb5"},"align_mobile":"center","_padding":{"unit":"px","top":"0","right":"0","bottom":"0","left":"0","isLinked":false},"_margin":{"unit":"px","top":"0","right":"0","bottom":"0","left":"0","isLinked":false}},"elements":[],"isInner":false,"widgetType":"heading","elType":"widget"},{"id":"23b26e3e","settings":{"icon_list":[{"text":"13.&nbsp;7.&nbsp;2021","selected_icon":{"value":"far fa-calendar-alt","library":"fa-regular"},"_id":"7a469eb"},{"text":"30&nbsp;hr\u00e1\u010d\u016f","selected_icon":{"value":"fas fa-users","library":"fa-solid"},"_id":"d7dca6f"},{"text":"Losov\u00e1n\u00ed: Dobble-5","selected_icon":{"value":"fas fa-dice","library":"fa-solid"},"_id":"68ad138"},{"_id":"834d463","text":"Syst\u00e9m: 5&nbsp;\u010dlenn\u00e1&nbsp;skupina","selected_icon":{"value":"fas fa-table","library":"fa-solid"}}],"icon_align":"left","icon_self_align":"center","_padding":{"unit":"%","top":"0","right":"0","bottom":"0","left":"0","isLinked":false},"__globals__":{"icon_typography_typography":"","icon_color":"globals\/colors?id=7fcabb5","text_color":"globals\/colors?id=7fcabb5"},"icon_align_mobile":"left","_padding_mobile":{"unit":"px","top":"0","right":"0","bottom":"0","left":"0","isLinked":false},"view":"","space_between":{"unit":"px","size":4,"sizes":[]},"icon_color":"#003E53","icon_size":{"unit":"px","size":25,"sizes":[]},"text_color":"#003E53","text_indent":{"unit":"px","size":18,"sizes":[]},"icon_typography_typography":"custom","icon_typography_font_family":"Montserrat","icon_typography_font_size":{"unit":"px","size":21,"sizes":[]},"icon_typography_font_weight":"600"},"elements":[],"isInner":false,"widgetType":"icon-list","elType":"widget"},{"id":"1151ade8","settings":{"text":"V\u0161e o turnaji","link":{"url":"https:\/\/www.rozvedcik-volejbal.cz\/previous\/2019-all","is_external":"","nofollow":"","custom_attributes":""},"align":"left","selected_icon":{"value":"fas fa-angle-right","library":"fa-solid"},"icon_align":"right","border_radius":{"unit":"px","top":"2","right":"2","bottom":"2","left":"2","isLinked":true},"_margin":{"unit":"px","top":"0","right":"0","bottom":"0","left":"0","isLinked":true},"__globals__":{"typography_typography":"globals\/typography?id=primary","button_text_color":"globals\/colors?id=primary","background_color":"globals\/colors?id=6e40ef7","border_color":"globals\/colors?id=6e40ef7","hover_color":"globals\/colors?id=primary","button_background_hover_color":"globals\/colors?id=secondary","button_hover_border_color":"globals\/colors?id=6e40ef7"},"align_mobile":"center","_padding":{"unit":"px","top":"13","right":"0","bottom":"0","left":"0","isLinked":false},"_padding_mobile":{"unit":"px","top":"0","right":"0","bottom":"0","left":"0","isLinked":true},"icon_indent":{"unit":"px","size":12,"sizes":[]}},"elements":[],"isInner":false,"widgetType":"button","elType":"widget"}],"isInner":true,"elType":"column"}],"isInner":true,"elType":"section"}],"isInner":false,"elType":"column"}],"isInner":false,"elType":"section"},{"id":"68ff4dcc","settings":{"layout":"full_width","margin":{"unit":"px","top":"0","right":0,"bottom":"0","left":0,"isLinked":false},"padding":{"unit":"px","top":"0","right":"0","bottom":"0","left":"0","isLinked":false}},"elements":[{"id":"4661a221","settings":{"_column_size":100,"_inline_size":null,"margin":{"unit":"px","top":"0","right":"0","bottom":"0","left":"0","isLinked":false},"padding":{"unit":"px","top":"0","right":"0","bottom":"0","left":"0","isLinked":false}},"elements":[{"id":"3c8dd974","settings":{"selected_icon":{"value":{"url":"https:\/\/www.rozvedcik-volejbal.cz\/wp-content\/uploads\/2022\/06\/chevron-up-circle-outline.svg","id":4402},"library":"svg"},"link":{"url":"#page-top","is_external":"","nofollow":"","custom_attributes":""},"align":"right","size":{"unit":"px","size":55,"sizes":[]},"_margin":{"unit":"px","top":"-20","right":"20","bottom":"0","left":"0","isLinked":false},"_padding":{"unit":"px","top":"0","right":"0","bottom":"0","left":"0","isLinked":true},"motion_fx_motion_fx_scrolling":"yes","motion_fx_translateY_effect":"yes","motion_fx_translateY_speed":{"unit":"px","size":2.5,"sizes":[]},"motion_fx_translateY_affectedRange":{"unit":"%","size":"","sizes":{"start":50,"end":100}},"motion_fx_opacity_range":{"unit":"%","size":"","sizes":{"start":0,"end":57}},"sticky":"bottom","sticky_offset":10,"__globals__":{"hover_primary_color":"globals\/colors?id=6e40ef7","primary_color":"globals\/colors?id=7fcabb5"},"motion_fx_transform_origin_x":"left","motion_fx_transform_origin_y":"top"},"elements":[],"isInner":false,"widgetType":"icon","elType":"widget"}],"isInner":false,"elType":"column"}],"isInner":false,"elType":"section"}],"settings":{"template":"default","eael_ext_toc_title":"Table of Contents","custom_css":"@media(max-width: 767px){\n    .flex-reversed-section > div{\n        flex-direction: column-reverse;\n    }\n}"},"metadata":[]}