{"content":[{"id":"29a787f0","settings":{"content_width":{"unit":"px","size":1024,"sizes":[]},"background_background":"classic","__globals__":{"background_color":"globals\/colors?id=7fcabb5"},"_element_id":"page-top","content_position":"middle","hide_mobile":"hidden-mobile"},"elements":[{"id":"63da4cb6","settings":{"_column_size":100,"_inline_size":null,"space_between_widgets":5},"elements":[{"id":"788078e4","settings":{"align_items":"center","dropdown":"mobile","text_align":"center","color_menu_item":"#FFFFFF","color_menu_item_hover":"#FFFFFF","pointer_color_menu_item_hover":"#FFFFFF","pointer_color_menu_item_active":"#003E53","dropdown_typography_typography":"custom","dropdown_typography_font_family":"Montserrat","dropdown_typography_font_size":{"unit":"px","size":16,"sizes":[]},"dropdown_typography_font_weight":"500","toggle_size":{"unit":"px","size":20,"sizes":[]},"toggle_border_width":{"unit":"px","size":3,"sizes":[]},"toggle_border_radius":{"unit":"px","size":2,"sizes":[]},"__globals__":{"color_menu_item":"globals\/colors?id=primary","color_menu_item_hover":"globals\/colors?id=primary","pointer_color_menu_item_hover":"globals\/colors?id=6e40ef7","pointer_color_menu_item_active":"globals\/colors?id=primary","dropdown_typography_typography":"","color_dropdown_item":"globals\/colors?id=primary","background_color_dropdown_item":"globals\/colors?id=7fcabb5","color_dropdown_item_hover":"globals\/colors?id=primary","background_color_dropdown_item_hover":"globals\/colors?id=6e40ef7","color_dropdown_item_active":"globals\/colors?id=6e40ef7","background_color_dropdown_item_active":"globals\/colors?id=7fcabb5","toggle_color":"globals\/colors?id=7fcabb5","toggle_background_color":"globals\/colors?id=primary","toggle_color_hover":"globals\/colors?id=6e40ef7","toggle_background_color_hover":"globals\/colors?id=primary"},"submenu_icon":{"value":"fas fa-angle-down","library":"fa-solid"},"animation_line":"grow"},"elements":[],"isInner":false,"widgetType":"nav-menu","elType":"widget"}],"isInner":false,"elType":"column"}],"isInner":false,"elType":"section"},{"id":"31617ea5","settings":{"content_width":{"unit":"px","size":1024},"custom_height":{"unit":"px","size":105},"content_position":"middle","structure":"20","padding_tablet":{"unit":"px","top":"0","right":"20","bottom":"0","left":"20","isLinked":""},"padding_mobile":{"unit":"px","top":"25","right":"25","bottom":"25","left":"25","isLinked":"1"},"_title":"Header","background_background":"classic","hide_desktop":"hidden-desktop","hide_tablet":"hidden-tablet","custom_css":"@media(max-width: 510px){\n    selector .to-be-even {\n        width: 100%;\n    }\n    \n    selector .elementor-menu-toggle {\n        margin: 0 auto;\n    }\n}","__globals__":{"background_color":"globals\/colors?id=7fcabb5"}},"elements":[{"id":"3faff06b","settings":{"_column_size":"50","_inline_size":24,"_inline_size_tablet":65,"_inline_size_mobile":50,"css_classes":"to-be-even"},"elements":[{"id":"4c4e2b38","settings":{"title":"Rozv\u011bd\u010d\u00edk","header_size":"p","align_mobile":"center","typography_typography":"custom","typography_font_family":"Montserrat","typography_font_weight":"600","__globals__":{"typography_typography":"","title_color":""},"typography_font_size":{"unit":"px","size":35,"sizes":[]},"typography_text_transform":"uppercase"},"elements":[],"isInner":false,"widgetType":"heading","elType":"widget"}],"isInner":"","elType":"column"},{"id":"2e4e166d","settings":{"_column_size":"50","space_between_widgets":5,"_inline_size":75.897999999999996134647517465054988861083984375,"_inline_size_tablet":35,"_inline_size_mobile":50,"css_classes":"to-be-even"},"elements":[{"id":"66a962ab","settings":{"align_items":"center","text_align":"center","color_menu_item":"#FFFFFF","color_menu_item_hover":"#FFFFFF","pointer_color_menu_item_hover":"#FFFFFF","pointer_color_menu_item_active":"#003E53","dropdown_typography_typography":"custom","dropdown_typography_font_family":"Montserrat","dropdown_typography_font_size":{"unit":"px","size":16,"sizes":[]},"dropdown_typography_font_weight":"500","toggle_size":{"unit":"px","size":20,"sizes":[]},"toggle_border_width":{"unit":"px","size":3,"sizes":[]},"toggle_border_radius":{"unit":"px","size":2,"sizes":[]},"__globals__":{"color_menu_item":"globals\/colors?id=primary","color_menu_item_hover":"globals\/colors?id=primary","pointer_color_menu_item_hover":"globals\/colors?id=6e40ef7","pointer_color_menu_item_active":"globals\/colors?id=primary","dropdown_typography_typography":"","color_dropdown_item":"globals\/colors?id=primary","background_color_dropdown_item":"globals\/colors?id=7fcabb5","color_dropdown_item_hover":"globals\/colors?id=primary","background_color_dropdown_item_hover":"globals\/colors?id=6e40ef7","color_dropdown_item_active":"globals\/colors?id=6e40ef7","background_color_dropdown_item_active":"globals\/colors?id=7fcabb5","toggle_color":"globals\/colors?id=7fcabb5","toggle_background_color":"globals\/colors?id=primary","toggle_color_hover":"globals\/colors?id=6e40ef7","toggle_background_color_hover":"globals\/colors?id=primary"},"submenu_icon":{"value":"fas fa-angle-down","library":"fa-solid"},"animation_line":"grow","toggle_align":"right"},"elements":[],"isInner":false,"widgetType":"nav-menu","elType":"widget"}],"isInner":"","elType":"column"}],"isInner":"","elType":"section"},{"id":"6d09e9fc","settings":{"content_width":{"unit":"px","size":1024,"sizes":[]},"padding":{"unit":"px","top":"30","right":"0","bottom":"0","left":"0","isLinked":false}},"elements":[{"id":"c7f394f","settings":{"_column_size":100,"_inline_size":null,"custom_css":"selector .flex-reversed li {\n    flex-direction: row-reverse;\n}\n\nselector .flex-reversed .elementor-icon-list-icon  {\n    margin-left: 15px;\n}\n\nselector .flex-reversed a {\n    flex-direction: row-reverse;\n}\n\nselector .flex-reversed .elementor-icon-list-text {\n    text-align: right;\n}\n\n@media(max-width: 767px){\n    selector .flex-reversed li {\n        flex-direction: row;\n    }\n    \n    selector .flex-reversed .elementor-icon-list-icon  {\n    margin-left: 0;\n}\n    \n    selector .flex-reversed a {\n        flex-direction: row;\n    }\n    \n    selector .flex-reversed-section > div{\n        flex-direction: column-reverse;\n    }\n    \n    selector .flex-reversed .elementor-icon-list-text{\n        text-align: left;\n    }\n}\n"},"elements":[{"id":"f16f950","settings":{"structure":"20","margin":{"unit":"px","top":"0","right":0,"bottom":"20","left":0,"isLinked":false},"margin_mobile":{"unit":"px","top":"0","right":0,"bottom":"21","left":0,"isLinked":false}},"elements":[{"id":"61c5ad45","settings":{"_column_size":50,"_inline_size":null},"elements":[{"id":"43bb6d09","settings":{"carousel":[{"id":4750,"url":"https:\/\/www.rozvedcik-volejbal.cz\/wp-content\/uploads\/2022\/08\/20220806_195728-scaled.jpg"},{"id":4744,"url":"https:\/\/www.rozvedcik-volejbal.cz\/wp-content\/uploads\/2022\/08\/20220806_183850-scaled.jpg"},{"id":4719,"url":"https:\/\/www.rozvedcik-volejbal.cz\/wp-content\/uploads\/2022\/08\/20220806_163724-scaled.jpg"}],"thumbnail_size":"large","slides_to_show":"1","navigation":"dots","link_to":"custom","link":{"url":"https:\/\/www.rozvedcik-volejbal.cz\/gallery\/galerie-2022-hobby\/","is_external":"","nofollow":"","custom_attributes":""}},"elements":[],"isInner":false,"widgetType":"image-carousel","elType":"widget"}],"isInner":true,"elType":"column"},{"id":"4c53f6de","settings":{"_column_size":50,"_inline_size":null,"content_position":"center","padding":{"unit":"px","top":"0","right":"0","bottom":"50","left":"25","isLinked":false},"padding_mobile":{"unit":"px","top":"0","right":"0","bottom":"0","left":"0","isLinked":true}},"elements":[{"id":"6151811","settings":{"title":"2022 - HOBBy","align":"left","__globals__":{"typography_typography":"globals\/typography?id=f704b06","title_color":"globals\/colors?id=7fcabb5"},"align_mobile":"center","_padding":{"unit":"px","top":"0","right":"0","bottom":"0","left":"0","isLinked":false},"_margin":{"unit":"px","top":"0","right":"0","bottom":"0","left":"0","isLinked":false}},"elements":[],"isInner":false,"widgetType":"heading","elType":"widget"},{"id":"70bfbf74","settings":{"icon_list":[{"text":"6.&nbsp;8.&nbsp;2022","selected_icon":{"value":"far fa-calendar-alt","library":"fa-regular"},"_id":"7a469eb"},{"text":"35&nbsp;hr\u00e1\u010d\u016f","selected_icon":{"value":"fas fa-users","library":"fa-solid"},"_id":"d7dca6f"},{"text":"Losov\u00e1n\u00ed: N\u00e1hodn\u00e9","selected_icon":{"value":"fas fa-dice","library":"fa-solid"},"_id":"68ad138"},{"_id":"834d463","text":"Syst\u00e9m: 2 skupiny po 3 t\u00fdmech a play-off","selected_icon":{"value":"fas fa-table","library":"fa-solid"}}],"icon_align":"left","icon_self_align":"center","_padding":{"unit":"%","top":"0","right":"0","bottom":"0","left":"0","isLinked":false},"__globals__":{"icon_typography_typography":"","icon_color":"globals\/colors?id=7fcabb5","text_color":"globals\/colors?id=7fcabb5"},"icon_align_mobile":"left","_padding_mobile":{"unit":"px","top":"0","right":"0","bottom":"0","left":"0","isLinked":false},"view":"","space_between":{"unit":"px","size":4,"sizes":[]},"icon_color":"#003E53","icon_size":{"unit":"px","size":25,"sizes":[]},"text_color":"#003E53","text_indent":{"unit":"px","size":18,"sizes":[]},"icon_typography_typography":"custom","icon_typography_font_family":"Montserrat","icon_typography_font_size":{"unit":"px","size":21,"sizes":[]},"icon_typography_font_weight":"600"},"elements":[],"isInner":false,"widgetType":"icon-list","elType":"widget"},{"id":"175b5a59","settings":{"text":"V\u0161e o turnaji","link":{"url":"https:\/\/www.rozvedcik-volejbal.cz\/previous\/2022-hobby\/","is_external":"","nofollow":"","custom_attributes":""},"align":"left","selected_icon":{"value":"fas fa-angle-right","library":"fa-solid"},"icon_align":"right","border_radius":{"unit":"px","top":"2","right":"2","bottom":"2","left":"2","isLinked":true},"_margin":{"unit":"px","top":"0","right":"0","bottom":"0","left":"0","isLinked":true},"__globals__":{"typography_typography":"globals\/typography?id=primary","button_text_color":"globals\/colors?id=primary","background_color":"globals\/colors?id=6e40ef7","border_color":"globals\/colors?id=6e40ef7","hover_color":"globals\/colors?id=primary","button_background_hover_color":"globals\/colors?id=secondary","button_hover_border_color":"globals\/colors?id=6e40ef7"},"align_mobile":"center","_padding":{"unit":"px","top":"13","right":"0","bottom":"0","left":"0","isLinked":false},"_padding_mobile":{"unit":"px","top":"0","right":"0","bottom":"0","left":"0","isLinked":true},"icon_indent":{"unit":"px","size":12,"sizes":[]}},"elements":[],"isInner":false,"widgetType":"button","elType":"widget"}],"isInner":true,"elType":"column"}],"isInner":true,"elType":"section"},{"id":"12c5e422","settings":{"hide_desktop":"hidden-desktop","hide_tablet":"hidden-tablet"},"elements":[{"id":"5e2a085c","settings":{"_column_size":100,"_inline_size":null},"elements":[{"id":"75f57f05","settings":{"look":"line_icon","text":"Odd\u011blova\u010d","icon":{"value":"fas fa-volleyball-ball","library":"fa-solid"},"weight":{"unit":"px","size":2,"sizes":[]},"__globals__":{"color":"globals\/colors?id=7fcabb5","primary_color":"globals\/colors?id=7fcabb5"}},"elements":[],"isInner":false,"widgetType":"divider","elType":"widget"}],"isInner":true,"elType":"column"}],"isInner":true,"elType":"section"},{"id":"3d8989d2","settings":{"structure":"20","margin":{"unit":"px","top":"0","right":0,"bottom":"20","left":0,"isLinked":false},"margin_mobile":{"unit":"px","top":"14","right":0,"bottom":"21","left":0,"isLinked":false},"css_classes":"flex-reversed-section"},"elements":[{"id":"65b81b80","settings":{"_column_size":50,"_inline_size":null,"content_position":"center","padding":{"unit":"px","top":"0","right":"25","bottom":"50","left":"0","isLinked":false},"padding_mobile":{"unit":"px","top":"0","right":"0","bottom":"0","left":"0","isLinked":true}},"elements":[{"id":"34fb98e7","settings":{"title":"2022 - PROFI","align":"right","__globals__":{"typography_typography":"globals\/typography?id=f704b06","title_color":"globals\/colors?id=7fcabb5"},"align_mobile":"center","_padding":{"unit":"px","top":"0","right":"0","bottom":"0","left":"0","isLinked":false},"_margin":{"unit":"px","top":"0","right":"0","bottom":"0","left":"0","isLinked":false}},"elements":[],"isInner":false,"widgetType":"heading","elType":"widget"},{"id":"fe1cab7","settings":{"icon_list":[{"text":"11.&nbsp;6.&nbsp;2022","selected_icon":{"value":"far fa-calendar-alt","library":"fa-regular"},"_id":"7a469eb"},{"text":"25&nbsp;hr\u00e1\u010d\u016f","selected_icon":{"value":"fas fa-users","library":"fa-solid"},"_id":"d7dca6f"},{"text":"Losov\u00e1n\u00ed: N\u00e1hodn\u00e9","selected_icon":{"value":"fas fa-dice","library":"fa-solid"},"_id":"68ad138"},{"_id":"834d463","text":"Syst\u00e9m: 2&nbsp;podturnaje 4&nbsp;t\u00fdm\u016f&nbsp;+&nbsp;fin\u00e1le","selected_icon":{"value":"fas fa-table","library":"fa-solid"}}],"icon_align":"left","icon_self_align":"center","_padding":{"unit":"%","top":"0","right":"0","bottom":"0","left":"5","isLinked":false},"__globals__":{"icon_typography_typography":"","icon_color":"globals\/colors?id=7fcabb5","text_color":"globals\/colors?id=7fcabb5"},"icon_align_mobile":"left","_padding_mobile":{"unit":"px","top":"0","right":"0","bottom":"0","left":"0","isLinked":false},"view":"","space_between":{"unit":"px","size":4,"sizes":[]},"icon_color":"#003E53","icon_size":{"unit":"px","size":25,"sizes":[]},"text_color":"#003E53","text_indent":{"unit":"px","size":18,"sizes":[]},"icon_typography_typography":"custom","icon_typography_font_family":"Montserrat","icon_typography_font_size":{"unit":"px","size":21,"sizes":[]},"icon_typography_font_weight":"600","_css_classes":"flex-reversed"},"elements":[],"isInner":false,"widgetType":"icon-list","elType":"widget"},{"id":"2b33a16c","settings":{"text":"V\u0161e o turnaji","link":{"url":"https:\/\/www.rozvedcik-volejbal.cz\/previous\/2022-hobby\/","is_external":"","nofollow":"","custom_attributes":""},"align":"right","selected_icon":{"value":"fas fa-angle-right","library":"fa-solid"},"icon_align":"right","border_radius":{"unit":"px","top":"2","right":"2","bottom":"2","left":"2","isLinked":true},"_margin":{"unit":"px","top":"0","right":"0","bottom":"0","left":"0","isLinked":true},"__globals__":{"typography_typography":"globals\/typography?id=primary","button_text_color":"globals\/colors?id=primary","background_color":"globals\/colors?id=6e40ef7","border_color":"globals\/colors?id=6e40ef7","hover_color":"globals\/colors?id=primary","button_background_hover_color":"globals\/colors?id=secondary","button_hover_border_color":"globals\/colors?id=6e40ef7"},"align_mobile":"center","_padding":{"unit":"px","top":"13","right":"0","bottom":"0","left":"0","isLinked":false},"_padding_mobile":{"unit":"px","top":"0","right":"0","bottom":"0","left":"0","isLinked":true},"icon_indent":{"unit":"px","size":12,"sizes":[]}},"elements":[],"isInner":false,"widgetType":"button","elType":"widget"}],"isInner":true,"elType":"column"},{"id":"7a1e076e","settings":{"_column_size":50,"_inline_size":null},"elements":[{"id":"6104c123","settings":{"carousel":[{"id":4164,"url":"https:\/\/www.rozvedcik-volejbal.cz\/wp-content\/uploads\/2022\/06\/IMG_5537-scaled.jpg"},{"id":4287,"url":"https:\/\/www.rozvedcik-volejbal.cz\/wp-content\/uploads\/2022\/06\/vitezove_bila-scaled.jpg"},{"id":4286,"url":"https:\/\/www.rozvedcik-volejbal.cz\/wp-content\/uploads\/2022\/06\/nancy_bila-scaled.jpg"}],"thumbnail_size":"large","slides_to_show":"1","navigation":"dots","link_to":"custom","link":{"url":"https:\/\/www.rozvedcik-volejbal.cz\/gallery\/2022-profi\/","is_external":"","nofollow":"","custom_attributes":""}},"elements":[],"isInner":false,"widgetType":"image-carousel","elType":"widget"}],"isInner":true,"elType":"column"}],"isInner":true,"elType":"section"},{"id":"45025359","settings":{"hide_desktop":"hidden-desktop","hide_tablet":"hidden-tablet"},"elements":[{"id":"16d070b1","settings":{"_column_size":100,"_inline_size":null},"elements":[{"id":"7f314c13","settings":{"look":"line_icon","text":"Odd\u011blova\u010d","icon":{"value":"fas fa-volleyball-ball","library":"fa-solid"},"weight":{"unit":"px","size":2,"sizes":[]},"__globals__":{"color":"globals\/colors?id=7fcabb5","primary_color":"globals\/colors?id=7fcabb5"}},"elements":[],"isInner":false,"widgetType":"divider","elType":"widget"}],"isInner":true,"elType":"column"}],"isInner":true,"elType":"section"},{"id":"4f3c2771","settings":{"structure":"20","margin":{"unit":"px","top":"0","right":0,"bottom":"20","left":0,"isLinked":false},"margin_mobile":{"unit":"px","top":"0","right":0,"bottom":"21","left":0,"isLinked":false}},"elements":[{"id":"9279788","settings":{"_column_size":50,"_inline_size":null},"elements":[{"id":"53080b8d","settings":{"carousel":[{"id":3751,"url":"https:\/\/www.rozvedcik-volejbal.cz\/wp-content\/uploads\/2021\/12\/20211218_165149-scaled.jpg"},{"id":3911,"url":"https:\/\/www.rozvedcik-volejbal.cz\/wp-content\/uploads\/2021\/12\/zuzazeli-scaled.jpg"},{"id":3865,"url":"https:\/\/www.rozvedcik-volejbal.cz\/wp-content\/uploads\/2021\/12\/20211218_145350-scaled.jpg"}],"thumbnail_size":"large","slides_to_show":"1","navigation":"dots","link_to":"custom","link":{"url":"https:\/\/www.rozvedcik-volejbal.cz\/gallery\/2021-beach\/","is_external":"","nofollow":"","custom_attributes":""}},"elements":[],"isInner":false,"widgetType":"image-carousel","elType":"widget"}],"isInner":true,"elType":"column"},{"id":"107797cf","settings":{"_column_size":50,"_inline_size":null,"content_position":"center","padding":{"unit":"px","top":"0","right":"0","bottom":"50","left":"25","isLinked":false},"padding_mobile":{"unit":"px","top":"0","right":"0","bottom":"0","left":"0","isLinked":true}},"elements":[{"id":"776474ac","settings":{"title":"2021 - BEACH","align":"left","__globals__":{"typography_typography":"globals\/typography?id=f704b06","title_color":"globals\/colors?id=7fcabb5"},"align_mobile":"center","_padding":{"unit":"px","top":"0","right":"0","bottom":"0","left":"0","isLinked":false},"_margin":{"unit":"px","top":"0","right":"0","bottom":"0","left":"0","isLinked":false}},"elements":[],"isInner":false,"widgetType":"heading","elType":"widget"},{"id":"3f2d2b51","settings":{"icon_list":[{"text":"18.&nbsp;12.&nbsp;2021","selected_icon":{"value":"far fa-calendar-alt","library":"fa-regular"},"_id":"7a469eb"},{"text":"18&nbsp;hr\u00e1\u010d\u016f","selected_icon":{"value":"fas fa-users","library":"fa-solid"},"_id":"d7dca6f"},{"text":"Losov\u00e1n\u00ed: N\u00e1hodn\u00e9","selected_icon":{"value":"fas fa-dice","library":"fa-solid"},"_id":"68ad138"},{"_id":"834d463","text":"Syst\u00e9m: Dv\u011b roz\u0159azovac\u00ed skupiny 5 kluk\u016f a 4 holek, play-out kluk\u016f, play-off fixn\u00edch p\u00e1r\u016f","selected_icon":{"value":"fas fa-table","library":"fa-solid"}}],"icon_align":"left","icon_self_align":"center","_padding":{"unit":"%","top":"0","right":"0","bottom":"0","left":"0","isLinked":false},"__globals__":{"icon_typography_typography":"","icon_color":"globals\/colors?id=7fcabb5","text_color":"globals\/colors?id=7fcabb5"},"icon_align_mobile":"left","_padding_mobile":{"unit":"px","top":"0","right":"0","bottom":"0","left":"0","isLinked":false},"view":"","space_between":{"unit":"px","size":4,"sizes":[]},"icon_color":"#003E53","icon_size":{"unit":"px","size":25,"sizes":[]},"text_color":"#003E53","text_indent":{"unit":"px","size":18,"sizes":[]},"icon_typography_typography":"custom","icon_typography_font_family":"Montserrat","icon_typography_font_size":{"unit":"px","size":21,"sizes":[]},"icon_typography_font_weight":"600"},"elements":[],"isInner":false,"widgetType":"icon-list","elType":"widget"},{"id":"fb2903d","settings":{"text":"V\u0161e o turnaji","link":{"url":"https:\/\/www.rozvedcik-volejbal.cz\/previous\/2021-beach\/","is_external":"","nofollow":"","custom_attributes":""},"align":"left","selected_icon":{"value":"fas fa-angle-right","library":"fa-solid"},"icon_align":"right","border_radius":{"unit":"px","top":"2","right":"2","bottom":"2","left":"2","isLinked":true},"_margin":{"unit":"px","top":"0","right":"0","bottom":"0","left":"0","isLinked":true},"__globals__":{"typography_typography":"globals\/typography?id=primary","button_text_color":"globals\/colors?id=primary","background_color":"globals\/colors?id=6e40ef7","border_color":"globals\/colors?id=6e40ef7","hover_color":"globals\/colors?id=primary","button_background_hover_color":"globals\/colors?id=secondary","button_hover_border_color":"globals\/colors?id=6e40ef7"},"align_mobile":"center","_padding":{"unit":"px","top":"13","right":"0","bottom":"0","left":"0","isLinked":false},"_padding_mobile":{"unit":"px","top":"0","right":"0","bottom":"0","left":"0","isLinked":true},"icon_indent":{"unit":"px","size":12,"sizes":[]}},"elements":[],"isInner":false,"widgetType":"button","elType":"widget"}],"isInner":true,"elType":"column"}],"isInner":true,"elType":"section"},{"id":"50ad38d4","settings":{"hide_desktop":"hidden-desktop","hide_tablet":"hidden-tablet"},"elements":[{"id":"41ba17ad","settings":{"_column_size":100,"_inline_size":null},"elements":[{"id":"8c471fe","settings":{"look":"line_icon","text":"Odd\u011blova\u010d","icon":{"value":"fas fa-volleyball-ball","library":"fa-solid"},"weight":{"unit":"px","size":2,"sizes":[]},"__globals__":{"color":"globals\/colors?id=7fcabb5","primary_color":"globals\/colors?id=7fcabb5"}},"elements":[],"isInner":false,"widgetType":"divider","elType":"widget"}],"isInner":true,"elType":"column"}],"isInner":true,"elType":"section"},{"id":"a80b9fb","settings":{"structure":"20","margin":{"unit":"px","top":"0","right":0,"bottom":"20","left":0,"isLinked":false},"margin_mobile":{"unit":"px","top":"14","right":0,"bottom":"21","left":0,"isLinked":false},"css_classes":"flex-reversed-section"},"elements":[{"id":"46dd48e1","settings":{"_column_size":50,"_inline_size":null,"content_position":"center","padding":{"unit":"px","top":"0","right":"25","bottom":"50","left":"0","isLinked":false},"padding_mobile":{"unit":"px","top":"0","right":"0","bottom":"0","left":"0","isLinked":true}},"elements":[{"id":"50a5346e","settings":{"title":"2021 - hobby","align":"right","__globals__":{"typography_typography":"globals\/typography?id=f704b06","title_color":"globals\/colors?id=7fcabb5"},"align_mobile":"center","_padding":{"unit":"px","top":"0","right":"0","bottom":"0","left":"0","isLinked":false},"_margin":{"unit":"px","top":"0","right":"0","bottom":"0","left":"0","isLinked":false}},"elements":[],"isInner":false,"widgetType":"heading","elType":"widget"},{"id":"12699827","settings":{"icon_list":[{"text":"7.&nbsp;8.&nbsp;2021","selected_icon":{"value":"far fa-calendar-alt","library":"fa-regular"},"_id":"7a469eb"},{"text":"30&nbsp;hr\u00e1\u010d\u016f","selected_icon":{"value":"fas fa-users","library":"fa-solid"},"_id":"d7dca6f"},{"text":"Losov\u00e1n\u00ed: Dobble-5","selected_icon":{"value":"fas fa-dice","library":"fa-solid"},"_id":"68ad138"},{"_id":"834d463","text":"Syst\u00e9m: 5&nbsp;\u010dlenn\u00e1&nbsp;skupina + fin\u00e1le, z\u00e1pas o&nbsp;3.&nbsp;m\u00edsto","selected_icon":{"value":"fas fa-table","library":"fa-solid"}}],"icon_align":"left","icon_self_align":"center","_padding":{"unit":"%","top":"0","right":"0","bottom":"0","left":"5","isLinked":false},"__globals__":{"icon_typography_typography":"","icon_color":"globals\/colors?id=7fcabb5","text_color":"globals\/colors?id=7fcabb5"},"icon_align_mobile":"left","_padding_mobile":{"unit":"px","top":"0","right":"0","bottom":"0","left":"0","isLinked":false},"view":"","space_between":{"unit":"px","size":4,"sizes":[]},"icon_color":"#003E53","icon_size":{"unit":"px","size":25,"sizes":[]},"text_color":"#003E53","text_indent":{"unit":"px","size":18,"sizes":[]},"icon_typography_typography":"custom","icon_typography_font_family":"Montserrat","icon_typography_font_size":{"unit":"px","size":21,"sizes":[]},"icon_typography_font_weight":"600","_css_classes":"flex-reversed"},"elements":[],"isInner":false,"widgetType":"icon-list","elType":"widget"},{"id":"dd458b2","settings":{"text":"V\u0161e o turnaji","link":{"url":"https:\/\/www.rozvedcik-volejbal.cz\/previous\/2021-hobby\/","is_external":"","nofollow":"","custom_attributes":""},"align":"right","selected_icon":{"value":"fas fa-angle-right","library":"fa-solid"},"icon_align":"right","border_radius":{"unit":"px","top":"2","right":"2","bottom":"2","left":"2","isLinked":true},"_margin":{"unit":"px","top":"0","right":"0","bottom":"0","left":"0","isLinked":true},"__globals__":{"typography_typography":"globals\/typography?id=primary","button_text_color":"globals\/colors?id=primary","background_color":"globals\/colors?id=6e40ef7","border_color":"globals\/colors?id=6e40ef7","hover_color":"globals\/colors?id=primary","button_background_hover_color":"globals\/colors?id=secondary","button_hover_border_color":"globals\/colors?id=6e40ef7"},"align_mobile":"center","_padding":{"unit":"px","top":"13","right":"0","bottom":"0","left":"25","isLinked":false},"_padding_mobile":{"unit":"px","top":"0","right":"0","bottom":"0","left":"0","isLinked":true},"icon_indent":{"unit":"px","size":12,"sizes":[]}},"elements":[],"isInner":false,"widgetType":"button","elType":"widget"}],"isInner":true,"elType":"column"},{"id":"7cafadb8","settings":{"_column_size":50,"_inline_size":null},"elements":[{"id":"328b70ca","settings":{"carousel":[{"id":3092,"url":"https:\/\/www.rozvedcik-volejbal.cz\/wp-content\/uploads\/2021\/08\/IMG_6128-scaled.jpg"},{"id":3036,"url":"https:\/\/www.rozvedcik-volejbal.cz\/wp-content\/uploads\/2021\/08\/IMG_5711-scaled.jpg"},{"id":3097,"url":"https:\/\/www.rozvedcik-volejbal.cz\/wp-content\/uploads\/2021\/08\/IMG_6144-scaled.jpg"}],"thumbnail_size":"large","slides_to_show":"1","navigation":"dots","link_to":"custom","link":{"url":"https:\/\/www.rozvedcik-volejbal.cz\/gallery\/2021-hobby\/","is_external":"","nofollow":"","custom_attributes":""}},"elements":[],"isInner":false,"widgetType":"image-carousel","elType":"widget"}],"isInner":true,"elType":"column"}],"isInner":true,"elType":"section"},{"id":"41ea2b83","settings":{"hide_desktop":"hidden-desktop","hide_tablet":"hidden-tablet"},"elements":[{"id":"674181e5","settings":{"_column_size":100,"_inline_size":null},"elements":[{"id":"799dbf03","settings":{"look":"line_icon","text":"Odd\u011blova\u010d","icon":{"value":"fas fa-volleyball-ball","library":"fa-solid"},"weight":{"unit":"px","size":2,"sizes":[]},"__globals__":{"color":"globals\/colors?id=7fcabb5","primary_color":"globals\/colors?id=7fcabb5"}},"elements":[],"isInner":false,"widgetType":"divider","elType":"widget"}],"isInner":true,"elType":"column"}],"isInner":true,"elType":"section"},{"id":"34be9e4d","settings":{"structure":"20","margin":{"unit":"px","top":"0","right":0,"bottom":"20","left":0,"isLinked":false},"margin_mobile":{"unit":"px","top":"0","right":0,"bottom":"21","left":0,"isLinked":false}},"elements":[{"id":"bba77d6","settings":{"_column_size":50,"_inline_size":null},"elements":[{"id":"67ec94cb","settings":{"carousel":[{"id":1243,"url":"https:\/\/www.rozvedcik-volejbal.cz\/wp-content\/uploads\/2021\/07\/IMG_5353-scaled.jpg"},{"id":2680,"url":"https:\/\/www.rozvedcik-volejbal.cz\/wp-content\/uploads\/2021\/08\/IMG_5438-scaled.jpg"},{"id":2651,"url":"https:\/\/www.rozvedcik-volejbal.cz\/wp-content\/uploads\/2021\/08\/IMG_4877-scaled.jpg"}],"thumbnail_size":"large","slides_to_show":"1","navigation":"dots","link_to":"custom","link":{"url":"https:\/\/www.rozvedcik-volejbal.cz\/gallery\/2021-profi\/","is_external":"","nofollow":"","custom_attributes":""}},"elements":[],"isInner":false,"widgetType":"image-carousel","elType":"widget"}],"isInner":true,"elType":"column"},{"id":"7f93fc2d","settings":{"_column_size":50,"_inline_size":null,"content_position":"center","padding":{"unit":"px","top":"0","right":"0","bottom":"50","left":"25","isLinked":false},"padding_mobile":{"unit":"px","top":"0","right":"0","bottom":"0","left":"0","isLinked":true}},"elements":[{"id":"5cc5cc97","settings":{"title":"2021 - profi","align":"left","__globals__":{"typography_typography":"globals\/typography?id=f704b06","title_color":"globals\/colors?id=7fcabb5"},"align_mobile":"center","_padding":{"unit":"px","top":"0","right":"0","bottom":"0","left":"0","isLinked":false},"_margin":{"unit":"px","top":"0","right":"0","bottom":"0","left":"0","isLinked":false}},"elements":[],"isInner":false,"widgetType":"heading","elType":"widget"},{"id":"156d2a77","settings":{"icon_list":[{"text":"26.&nbsp;6.&nbsp;2021","selected_icon":{"value":"far fa-calendar-alt","library":"fa-regular"},"_id":"7a469eb"},{"text":"24&nbsp;hr\u00e1\u010d\u016f","selected_icon":{"value":"fas fa-users","library":"fa-solid"},"_id":"d7dca6f"},{"text":"Losov\u00e1n\u00ed: Grid-2x4","selected_icon":{"value":"fas fa-dice","library":"fa-solid"},"_id":"68ad138"},{"_id":"834d463","text":"Syst\u00e9m: 2&nbsp;podturnaje 4&nbsp;t\u00fdm\u016f","selected_icon":{"value":"fas fa-table","library":"fa-solid"}}],"icon_align":"left","icon_self_align":"center","_padding":{"unit":"%","top":"0","right":"0","bottom":"0","left":"0","isLinked":false},"__globals__":{"icon_typography_typography":"","icon_color":"globals\/colors?id=7fcabb5","text_color":"globals\/colors?id=7fcabb5"},"icon_align_mobile":"left","_padding_mobile":{"unit":"px","top":"0","right":"0","bottom":"0","left":"0","isLinked":false},"view":"","space_between":{"unit":"px","size":4,"sizes":[]},"icon_color":"#003E53","icon_size":{"unit":"px","size":25,"sizes":[]},"text_color":"#003E53","text_indent":{"unit":"px","size":18,"sizes":[]},"icon_typography_typography":"custom","icon_typography_font_family":"Montserrat","icon_typography_font_size":{"unit":"px","size":21,"sizes":[]},"icon_typography_font_weight":"600"},"elements":[],"isInner":false,"widgetType":"icon-list","elType":"widget"},{"id":"54298b7e","settings":{"text":"V\u0161e o turnaji","link":{"url":"https:\/\/www.rozvedcik-volejbal.cz\/previous\/2021-profi\/","is_external":"","nofollow":"","custom_attributes":""},"align":"left","selected_icon":{"value":"fas fa-angle-right","library":"fa-solid"},"icon_align":"right","border_radius":{"unit":"px","top":"2","right":"2","bottom":"2","left":"2","isLinked":true},"_margin":{"unit":"px","top":"0","right":"0","bottom":"0","left":"0","isLinked":true},"__globals__":{"typography_typography":"globals\/typography?id=primary","button_text_color":"globals\/colors?id=primary","background_color":"globals\/colors?id=6e40ef7","border_color":"globals\/colors?id=6e40ef7","hover_color":"globals\/colors?id=primary","button_background_hover_color":"globals\/colors?id=secondary","button_hover_border_color":"globals\/colors?id=6e40ef7"},"align_mobile":"center","_padding":{"unit":"px","top":"13","right":"0","bottom":"0","left":"0","isLinked":false},"_padding_mobile":{"unit":"px","top":"0","right":"0","bottom":"0","left":"0","isLinked":true},"icon_indent":{"unit":"px","size":12,"sizes":[]}},"elements":[],"isInner":false,"widgetType":"button","elType":"widget"}],"isInner":true,"elType":"column"}],"isInner":true,"elType":"section"},{"id":"67944413","settings":{"hide_desktop":"hidden-desktop","hide_tablet":"hidden-tablet"},"elements":[{"id":"6d213df","settings":{"_column_size":100,"_inline_size":null},"elements":[{"id":"5f61ff55","settings":{"look":"line_icon","text":"Odd\u011blova\u010d","icon":{"value":"fas fa-volleyball-ball","library":"fa-solid"},"weight":{"unit":"px","size":2,"sizes":[]},"__globals__":{"color":"globals\/colors?id=7fcabb5","primary_color":"globals\/colors?id=7fcabb5"}},"elements":[],"isInner":false,"widgetType":"divider","elType":"widget"}],"isInner":true,"elType":"column"}],"isInner":true,"elType":"section"},{"id":"11d6ccd","settings":{"structure":"20","margin":{"unit":"px","top":"0","right":0,"bottom":"20","left":0,"isLinked":false},"margin_mobile":{"unit":"px","top":"14","right":0,"bottom":"21","left":0,"isLinked":false},"css_classes":"flex-reversed-section"},"elements":[{"id":"215a92c5","settings":{"_column_size":50,"_inline_size":null,"content_position":"center","padding":{"unit":"px","top":"0","right":"25","bottom":"50","left":"0","isLinked":false},"padding_mobile":{"unit":"px","top":"0","right":"0","bottom":"0","left":"0","isLinked":true}},"elements":[{"id":"21e2d56f","settings":{"title":"2020","align":"right","__globals__":{"typography_typography":"globals\/typography?id=f704b06","title_color":"globals\/colors?id=7fcabb5"},"align_mobile":"center","_padding":{"unit":"px","top":"0","right":"0","bottom":"0","left":"0","isLinked":false},"_margin":{"unit":"px","top":"0","right":"0","bottom":"0","left":"0","isLinked":false}},"elements":[],"isInner":false,"widgetType":"heading","elType":"widget"},{"id":"67253c19","settings":{"icon_list":[{"text":"18.&nbsp;7.&nbsp;2020","selected_icon":{"value":"far fa-calendar-alt","library":"fa-regular"},"_id":"7a469eb"},{"text":"29&nbsp;hr\u00e1\u010d\u016f","selected_icon":{"value":"fas fa-users","library":"fa-solid"},"_id":"d7dca6f"},{"text":"Losov\u00e1n\u00ed: Dobble-5","selected_icon":{"value":"fas fa-dice","library":"fa-solid"},"_id":"68ad138"},{"_id":"834d463","text":"Syst\u00e9m: 5&nbsp;\u010dlenn\u00e1&nbsp;skupina + fin\u00e1le","selected_icon":{"value":"fas fa-table","library":"fa-solid"}}],"icon_align":"left","icon_self_align":"center","_padding":{"unit":"%","top":"0","right":"0","bottom":"0","left":"5","isLinked":false},"__globals__":{"icon_typography_typography":"","icon_color":"globals\/colors?id=7fcabb5","text_color":"globals\/colors?id=7fcabb5"},"icon_align_mobile":"left","_padding_mobile":{"unit":"px","top":"0","right":"0","bottom":"0","left":"0","isLinked":false},"view":"","space_between":{"unit":"px","size":4,"sizes":[]},"icon_color":"#003E53","icon_size":{"unit":"px","size":25,"sizes":[]},"text_color":"#003E53","text_indent":{"unit":"px","size":18,"sizes":[]},"icon_typography_typography":"custom","icon_typography_font_family":"Montserrat","icon_typography_font_size":{"unit":"px","size":21,"sizes":[]},"icon_typography_font_weight":"600","_css_classes":"flex-reversed"},"elements":[],"isInner":false,"widgetType":"icon-list","elType":"widget"},{"id":"70e82e4a","settings":{"text":"V\u0161e o turnaji","link":{"url":"https:\/\/www.rozvedcik-volejbal.cz\/previous\/2020-all","is_external":"","nofollow":"","custom_attributes":""},"align":"right","selected_icon":{"value":"fas fa-angle-right","library":"fa-solid"},"icon_align":"right","border_radius":{"unit":"px","top":"2","right":"2","bottom":"2","left":"2","isLinked":true},"_margin":{"unit":"px","top":"0","right":"0","bottom":"0","left":"0","isLinked":true},"__globals__":{"typography_typography":"globals\/typography?id=primary","button_text_color":"globals\/colors?id=primary","background_color":"globals\/colors?id=6e40ef7","border_color":"globals\/colors?id=6e40ef7","hover_color":"globals\/colors?id=primary","button_background_hover_color":"globals\/colors?id=secondary","button_hover_border_color":"globals\/colors?id=6e40ef7"},"align_mobile":"center","_padding":{"unit":"px","top":"13","right":"0","bottom":"0","left":"25","isLinked":false},"_padding_mobile":{"unit":"px","top":"0","right":"0","bottom":"0","left":"0","isLinked":true},"icon_indent":{"unit":"px","size":12,"sizes":[]}},"elements":[],"isInner":false,"widgetType":"button","elType":"widget"}],"isInner":true,"elType":"column"},{"id":"275ade53","settings":{"_column_size":50,"_inline_size":null},"elements":[{"id":"7000d6be","settings":{"carousel":[{"id":2565,"url":"https:\/\/www.rozvedcik-volejbal.cz\/wp-content\/uploads\/2021\/08\/20200718_184629-scaled.jpg"},{"id":2562,"url":"https:\/\/www.rozvedcik-volejbal.cz\/wp-content\/uploads\/2021\/08\/20200718_184341-scaled.jpg"},{"id":2591,"url":"https:\/\/www.rozvedcik-volejbal.cz\/wp-content\/uploads\/2021\/08\/20200718_201232-scaled.jpg"}],"thumbnail_size":"large","slides_to_show":"1","navigation":"dots","link_to":"custom","link":{"url":"https:\/\/www.rozvedcik-volejbal.cz\/gallery\/2020-all","is_external":"","nofollow":"","custom_attributes":""}},"elements":[],"isInner":false,"widgetType":"image-carousel","elType":"widget"}],"isInner":true,"elType":"column"}],"isInner":true,"elType":"section"},{"id":"149aad78","settings":{"hide_desktop":"hidden-desktop","hide_tablet":"hidden-tablet"},"elements":[{"id":"7631f536","settings":{"_column_size":100,"_inline_size":null},"elements":[{"id":"39c2877e","settings":{"look":"line_icon","text":"Odd\u011blova\u010d","icon":{"value":"fas fa-volleyball-ball","library":"fa-solid"},"weight":{"unit":"px","size":2,"sizes":[]},"__globals__":{"color":"globals\/colors?id=7fcabb5","primary_color":"globals\/colors?id=7fcabb5"}},"elements":[],"isInner":false,"widgetType":"divider","elType":"widget"}],"isInner":true,"elType":"column"}],"isInner":true,"elType":"section"},{"id":"602093e7","settings":{"structure":"20","margin_mobile":{"unit":"px","top":"14","right":0,"bottom":"0","left":0,"isLinked":false}},"elements":[{"id":"571c8516","settings":{"_column_size":50,"_inline_size":null},"elements":[{"id":"5bdf10b1","settings":{"carousel":[{"id":2438,"url":"https:\/\/www.rozvedcik-volejbal.cz\/wp-content\/uploads\/2021\/08\/226592827_164500555772544_327427443796302630_n-1.jpg"},{"id":2479,"url":"https:\/\/www.rozvedcik-volejbal.cz\/wp-content\/uploads\/2021\/08\/230993665_312176407022101_3802477309267662291_n-2.jpg"},{"id":2422,"url":"https:\/\/www.rozvedcik-volejbal.cz\/wp-content\/uploads\/2021\/08\/231636915_155264863383927_6127427731790505586_n-1.jpg"}],"thumbnail_size":"large","slides_to_show":"1","navigation":"dots","link_to":"custom","link":{"url":"https:\/\/www.rozvedcik-volejbal.cz\/gallery\/2019-all","is_external":"","nofollow":"","custom_attributes":""}},"elements":[],"isInner":false,"widgetType":"image-carousel","elType":"widget"}],"isInner":true,"elType":"column"},{"id":"564c10ae","settings":{"_column_size":50,"_inline_size":null,"content_position":"center","padding":{"unit":"px","top":"0","right":"0","bottom":"50","left":"25","isLinked":false},"padding_mobile":{"unit":"px","top":"0","right":"0","bottom":"0","left":"0","isLinked":true}},"elements":[{"id":"1a51acca","settings":{"title":"2019","align":"left","__globals__":{"typography_typography":"globals\/typography?id=f704b06","title_color":"globals\/colors?id=7fcabb5"},"align_mobile":"center","_padding":{"unit":"px","top":"0","right":"0","bottom":"0","left":"0","isLinked":false},"_margin":{"unit":"px","top":"0","right":"0","bottom":"0","left":"0","isLinked":false}},"elements":[],"isInner":false,"widgetType":"heading","elType":"widget"},{"id":"1a19eb41","settings":{"icon_list":[{"text":"13.&nbsp;7.&nbsp;2019","selected_icon":{"value":"far fa-calendar-alt","library":"fa-regular"},"_id":"7a469eb"},{"text":"30&nbsp;hr\u00e1\u010d\u016f","selected_icon":{"value":"fas fa-users","library":"fa-solid"},"_id":"d7dca6f"},{"text":"Losov\u00e1n\u00ed: Dobble-5","selected_icon":{"value":"fas fa-dice","library":"fa-solid"},"_id":"68ad138"},{"_id":"834d463","text":"Syst\u00e9m: 5&nbsp;\u010dlenn\u00e1&nbsp;skupina","selected_icon":{"value":"fas fa-table","library":"fa-solid"}}],"icon_align":"left","icon_self_align":"center","_padding":{"unit":"%","top":"0","right":"0","bottom":"0","left":"0","isLinked":false},"__globals__":{"icon_typography_typography":"","icon_color":"globals\/colors?id=7fcabb5","text_color":"globals\/colors?id=7fcabb5"},"icon_align_mobile":"left","_padding_mobile":{"unit":"px","top":"0","right":"0","bottom":"0","left":"0","isLinked":false},"view":"","space_between":{"unit":"px","size":4,"sizes":[]},"icon_color":"#003E53","icon_size":{"unit":"px","size":25,"sizes":[]},"text_color":"#003E53","text_indent":{"unit":"px","size":18,"sizes":[]},"icon_typography_typography":"custom","icon_typography_font_family":"Montserrat","icon_typography_font_size":{"unit":"px","size":21,"sizes":[]},"icon_typography_font_weight":"600"},"elements":[],"isInner":false,"widgetType":"icon-list","elType":"widget"},{"id":"43a522c7","settings":{"text":"V\u0161e o turnaji","link":{"url":"https:\/\/www.rozvedcik-volejbal.cz\/previous\/2019-all","is_external":"","nofollow":"","custom_attributes":""},"align":"left","selected_icon":{"value":"fas fa-angle-right","library":"fa-solid"},"icon_align":"right","border_radius":{"unit":"px","top":"2","right":"2","bottom":"2","left":"2","isLinked":true},"_margin":{"unit":"px","top":"0","right":"0","bottom":"0","left":"0","isLinked":true},"__globals__":{"typography_typography":"globals\/typography?id=primary","button_text_color":"globals\/colors?id=primary","background_color":"globals\/colors?id=6e40ef7","border_color":"globals\/colors?id=6e40ef7","hover_color":"globals\/colors?id=primary","button_background_hover_color":"globals\/colors?id=secondary","button_hover_border_color":"globals\/colors?id=6e40ef7"},"align_mobile":"center","_padding":{"unit":"px","top":"13","right":"0","bottom":"0","left":"0","isLinked":false},"_padding_mobile":{"unit":"px","top":"0","right":"0","bottom":"0","left":"0","isLinked":true},"icon_indent":{"unit":"px","size":12,"sizes":[]}},"elements":[],"isInner":false,"widgetType":"button","elType":"widget"}],"isInner":true,"elType":"column"}],"isInner":true,"elType":"section"}],"isInner":false,"elType":"column"}],"isInner":false,"elType":"section"},{"id":"17dc7a50","settings":{"layout":"full_width","margin":{"unit":"px","top":"0","right":0,"bottom":"0","left":0,"isLinked":false},"padding":{"unit":"px","top":"0","right":"0","bottom":"0","left":"0","isLinked":false}},"elements":[{"id":"7aa76195","settings":{"_column_size":100,"_inline_size":null,"margin":{"unit":"px","top":"0","right":"0","bottom":"0","left":"0","isLinked":false},"padding":{"unit":"px","top":"0","right":"0","bottom":"0","left":"0","isLinked":false}},"elements":[{"id":"14c18ecd","settings":{"selected_icon":{"value":{"url":"https:\/\/www.rozvedcik-volejbal.cz\/wp-content\/uploads\/2022\/06\/chevron-up-circle-outline.svg","id":4402},"library":"svg"},"link":{"url":"#page-top","is_external":"","nofollow":"","custom_attributes":""},"align":"right","size":{"unit":"px","size":55,"sizes":[]},"_margin":{"unit":"px","top":"-20","right":"20","bottom":"0","left":"0","isLinked":false},"_padding":{"unit":"px","top":"0","right":"0","bottom":"0","left":"0","isLinked":true},"motion_fx_motion_fx_scrolling":"yes","motion_fx_translateY_effect":"yes","motion_fx_translateY_speed":{"unit":"px","size":2.5,"sizes":[]},"motion_fx_translateY_affectedRange":{"unit":"%","size":"","sizes":{"start":50,"end":100}},"motion_fx_opacity_range":{"unit":"%","size":"","sizes":{"start":0,"end":57}},"sticky":"bottom","sticky_offset":10,"__globals__":{"hover_primary_color":"globals\/colors?id=6e40ef7","primary_color":"globals\/colors?id=7fcabb5"},"motion_fx_transform_origin_x":"left","motion_fx_transform_origin_y":"top"},"elements":[],"isInner":false,"widgetType":"icon","elType":"widget"}],"isInner":false,"elType":"column"}],"isInner":false,"elType":"section"}],"settings":{"template":"default","eael_ext_toc_title":"Table of Contents","custom_css":"@media(max-width: 767px){\n    .flex-reversed-section > div{\n        flex-direction: column-reverse;\n    }\n}"},"metadata":[]}