{"content":[{"id":"6a502be1","settings":{"background_background":"classic","__globals__":{"background_color":"globals\/colors?id=7fcabb5"},"content_width":{"unit":"px","size":1024,"sizes":[]},"_element_id":"page-top","hide_mobile":"hidden-mobile"},"elements":[{"id":"51a900ad","settings":{"_column_size":100,"_inline_size":null},"elements":[{"id":"5e88e002","settings":{"align_items":"center","submenu_icon":{"value":"fas fa-angle-down","library":"fa-solid"},"dropdown":"mobile","text_align":"center","menu_typography_typography":"custom","menu_typography_font_family":"Montserrat","menu_typography_font_weight":"600","color_menu_item":"#8DACA6","color_menu_item_hover":"#8DACA6","pointer_color_menu_item_hover":"#8DACA6","color_menu_item_active":"#8DACA6","pointer_color_menu_item_active":"#FFFFFF","dropdown_typography_typography":"custom","dropdown_typography_font_family":"Montserrat","dropdown_typography_font_size":{"unit":"px","size":16,"sizes":[]},"dropdown_typography_font_weight":"500","__globals__":{"menu_typography_typography":"globals\/typography?id=primary","color_menu_item":"globals\/colors?id=primary","color_menu_item_hover":"globals\/colors?id=primary","pointer_color_menu_item_hover":"globals\/colors?id=6e40ef7","color_menu_item_active":"globals\/colors?id=primary","pointer_color_menu_item_active":"globals\/colors?id=primary","dropdown_typography_typography":"","color_dropdown_item":"globals\/colors?id=7fcabb5","color_dropdown_item_hover":"globals\/colors?id=primary","background_color_dropdown_item_hover":"globals\/colors?id=6e40ef7","color_dropdown_item_active":"globals\/colors?id=6e40ef7","background_color_dropdown_item_active":"globals\/colors?id=primary","toggle_color":"globals\/colors?id=7fcabb5","toggle_background_color":"globals\/colors?id=secondary","toggle_color_hover":"globals\/colors?id=primary","toggle_background_color_hover":"globals\/colors?id=secondary","background_color_dropdown_item":"globals\/colors?id=primary"},"_z_index_mobile":1,"animation_line":"grow","toggle_size_mobile":{"unit":"px","size":20,"sizes":[]},"toggle_border_width_mobile":{"unit":"px","size":3,"sizes":[]},"toggle_border_radius_mobile":{"unit":"px","size":2,"sizes":[]}},"elements":[],"isInner":false,"widgetType":"nav-menu","elType":"widget"}],"isInner":false,"elType":"column"}],"isInner":false,"elType":"section"},{"id":"4e722ee","settings":{"background_background":"classic","__globals__":{"background_color":"globals\/colors?id=7fcabb5"},"content_width":{"unit":"px","size":1024,"sizes":[]}},"elements":[{"id":"369fa6ad","settings":{"_column_size":100,"_inline_size":null},"elements":[{"id":"368c501b","settings":{"title":"2021 - profi","align":"center","__globals__":{"title_color":"globals\/colors?id=primary","typography_typography":""},"title_color":"#FFFFFF","typography_typography":"custom","typography_font_family":"Montserrat","typography_font_weight":"400","typography_text_transform":"uppercase"},"elements":[],"isInner":false,"widgetType":"heading","elType":"widget"}],"isInner":false,"elType":"column"}],"isInner":false,"elType":"section"},{"id":"3c49d695","settings":{"background_background":"classic","__globals__":{"background_color":"globals\/colors?id=7fcabb5"},"content_width":{"unit":"px","size":1024,"sizes":[]},"hide_desktop":"hidden-desktop","hide_tablet":"hidden-tablet"},"elements":[{"id":"2c6a2ff2","settings":{"_column_size":100,"_inline_size":null},"elements":[{"id":"38c4a497","settings":{"align_items":"center","submenu_icon":{"value":"fas fa-angle-down","library":"fa-solid"},"dropdown":"mobile","text_align":"center","menu_typography_typography":"custom","menu_typography_font_family":"Montserrat","menu_typography_font_weight":"600","color_menu_item":"#8DACA6","color_menu_item_hover":"#8DACA6","pointer_color_menu_item_hover":"#8DACA6","color_menu_item_active":"#8DACA6","pointer_color_menu_item_active":"#FFFFFF","dropdown_typography_typography":"custom","dropdown_typography_font_family":"Montserrat","dropdown_typography_font_size":{"unit":"px","size":16,"sizes":[]},"dropdown_typography_font_weight":"500","__globals__":{"menu_typography_typography":"globals\/typography?id=primary","color_menu_item":"globals\/colors?id=primary","color_menu_item_hover":"globals\/colors?id=primary","pointer_color_menu_item_hover":"globals\/colors?id=6e40ef7","color_menu_item_active":"globals\/colors?id=primary","pointer_color_menu_item_active":"globals\/colors?id=primary","dropdown_typography_typography":"","color_dropdown_item":"globals\/colors?id=7fcabb5","color_dropdown_item_hover":"globals\/colors?id=primary","background_color_dropdown_item_hover":"globals\/colors?id=6e40ef7","color_dropdown_item_active":"globals\/colors?id=6e40ef7","background_color_dropdown_item_active":"globals\/colors?id=primary","toggle_color":"globals\/colors?id=7fcabb5","toggle_background_color":"globals\/colors?id=secondary","toggle_color_hover":"globals\/colors?id=primary","toggle_background_color_hover":"globals\/colors?id=secondary","background_color_dropdown_item":"globals\/colors?id=primary"},"_z_index_mobile":1,"animation_line":"grow","toggle_size_mobile":{"unit":"px","size":20,"sizes":[]},"toggle_border_width_mobile":{"unit":"px","size":3,"sizes":[]},"toggle_border_radius_mobile":{"unit":"px","size":2,"sizes":[]}},"elements":[],"isInner":false,"widgetType":"nav-menu","elType":"widget"}],"isInner":false,"elType":"column"}],"isInner":false,"elType":"section"},{"id":"1665de52","settings":{"structure":"20","background_background":"classic","__globals__":{"background_color_b":"globals\/colors?id=primary","background_color":"globals\/colors?id=secondary"},"content_width":{"unit":"px","size":1024,"sizes":[]}},"elements":[{"id":"3534477d","settings":{"_column_size":50,"_inline_size":null,"content_position":"top","padding":{"unit":"px","top":"15","right":"0","bottom":"15","left":"0","isLinked":false},"custom_css":"selector .elementor-widget-wrap {\r\n        flex-direction: column;\r\n}\r\n\r\nselector .elementor-widget-wrap .align-to-bottom {\r\n        margin-top: auto;\r\n}"},"elements":[{"id":"787ad957","settings":{"icon_list":[{"text":"26.&nbsp;6.&nbsp;2021","selected_icon":{"value":"far fa-calendar-alt","library":"fa-regular"},"_id":"7a469eb"},{"text":"24&nbsp;hr\u00e1\u010d\u016f","selected_icon":{"value":"fas fa-users","library":"fa-solid"},"_id":"d7dca6f"},{"text":"Losov\u00e1n\u00ed: Grid-2x4","selected_icon":{"value":"fas fa-dice","library":"fa-solid"},"_id":"68ad138"},{"_id":"834d463","text":"Syst\u00e9m: 2&nbsp;podturnaje 4&nbsp;t\u00fdm\u016f","selected_icon":{"value":"fas fa-table","library":"fa-solid"}}],"icon_align":"left","icon_self_align":"center","_padding":{"unit":"%","top":"0","right":"5","bottom":"0","left":"5","isLinked":false},"__globals__":{"icon_typography_typography":"","icon_color":"globals\/colors?id=7fcabb5","text_color":"globals\/colors?id=7fcabb5"},"icon_align_mobile":"left","_padding_mobile":{"unit":"px","top":"0","right":"0","bottom":"0","left":"15","isLinked":false},"view":"","space_between":{"unit":"px","size":4,"sizes":[]},"icon_color":"#003E53","icon_size":{"unit":"px","size":25,"sizes":[]},"text_color":"#003E53","text_indent":{"unit":"px","size":18,"sizes":[]},"icon_typography_typography":"custom","icon_typography_font_family":"Montserrat","icon_typography_font_size":{"unit":"px","size":21,"sizes":[]},"icon_typography_font_weight":"600"},"elements":[],"isInner":false,"widgetType":"icon-list","elType":"widget"},{"id":"6ddc054a","settings":{"content_width":{"unit":"px","size":500,"sizes":[]},"structure":"20","custom_css":"@media(max-width: 767px){\n    selector .elementor-button-wrapper {\n        padding: 0 20%;\n    }\n}\n\n@media(max-width: 450px){\n    selector .elementor-button-wrapper {\n        padding: 0 10%;\n    }\n}","css_classes":"align-to-bottom"},"elements":[{"id":"3c2f5e43","settings":{"_column_size":50,"_inline_size":null},"elements":[{"id":"5da8699f","settings":{"text":"Turnaj 2020","link":{"url":"https:\/\/www.rozvedcik-volejbal.cz\/previous\/2020-all\/","is_external":"","nofollow":"","custom_attributes":""},"align":"justify","selected_icon":{"value":"fas fa-angle-double-left","library":"fa-solid"},"border_radius":{"unit":"px","top":"2","right":"2","bottom":"2","left":"2","isLinked":true},"__globals__":{"typography_typography":"globals\/typography?id=primary","button_text_color":"globals\/colors?id=7fcabb5","background_color":"globals\/colors?id=a2c7b92","hover_color":"globals\/colors?id=primary"},"align_mobile":"justify","_z_index":1,"icon_indent":{"unit":"px","size":6,"sizes":[]},"_element_vertical_align":"flex-end"},"elements":[],"isInner":false,"widgetType":"button","elType":"widget"}],"isInner":true,"elType":"column"},{"id":"462bd49f","settings":{"_column_size":50,"_inline_size":null},"elements":[{"id":"540d975f","settings":{"text":"Turnaj 2021 - HOBBY","link":{"url":"https:\/\/www.rozvedcik-volejbal.cz\/previous\/2021-hobby\/","is_external":"","nofollow":"","custom_attributes":""},"align":"justify","selected_icon":{"value":"fas fa-angle-double-right","library":"fa-solid"},"icon_align":"right","border_radius":{"unit":"px","top":"2","right":"2","bottom":"2","left":"2","isLinked":true},"__globals__":{"typography_typography":"globals\/typography?id=primary","button_text_color":"globals\/colors?id=7fcabb5","background_color":"globals\/colors?id=a2c7b92","hover_color":"globals\/colors?id=primary"},"align_mobile":"justify","icon_indent":{"unit":"px","size":6,"sizes":[]},"_element_custom_width":{"unit":"px","size":235,"sizes":[]},"_element_vertical_align":"flex-start"},"elements":[],"isInner":false,"widgetType":"button","elType":"widget"}],"isInner":true,"elType":"column"}],"isInner":true,"elType":"section"}],"isInner":false,"elType":"column"},{"id":"771075ee","settings":{"_column_size":50,"_inline_size":null,"custom_css":"@media (max-width: 767px){\r\n.eael-data-table-wrap {\r\n    overflow-x: scroll !important;\r\n    padding-bottom: 5px;\r\n}\r\n}","content_position":"space-between","padding":{"unit":"px","top":"15","right":"0","bottom":"15","left":"0","isLinked":false}},"elements":[{"id":"506a74a7","settings":{"carousel":[{"id":1243,"url":"https:\/\/www.rozvedcik-volejbal.cz\/wp-content\/uploads\/2021\/07\/IMG_5353-scaled.jpg"},{"id":2680,"url":"https:\/\/www.rozvedcik-volejbal.cz\/wp-content\/uploads\/2021\/08\/IMG_5438-scaled.jpg"},{"id":2651,"url":"https:\/\/www.rozvedcik-volejbal.cz\/wp-content\/uploads\/2021\/08\/IMG_4877-scaled.jpg"}],"thumbnail_size":"large","slides_to_show":"1"},"elements":[],"isInner":false,"widgetType":"image-carousel","elType":"widget"},{"id":"7ca388a2","settings":[],"elements":[{"id":"1173b093","settings":{"_column_size":100,"_inline_size":null},"elements":[{"id":"414c8020","settings":{"text":"V\u0161echny fotky","align":"center","selected_icon":{"value":"fas fa-angle-right","library":"fa-solid"},"icon_align":"right","border_radius":{"unit":"px","top":"2","right":"2","bottom":"2","left":"2","isLinked":true},"__globals__":{"typography_typography":"globals\/typography?id=primary","button_text_color":"globals\/colors?id=7fcabb5","background_color":"globals\/colors?id=a2c7b92","hover_color":"globals\/colors?id=primary"},"icon_indent":{"unit":"px","size":8,"sizes":[]},"link":{"url":"https:\/\/www.rozvedcik-volejbal.cz\/gallery\/2021-profi","is_external":"","nofollow":"","custom_attributes":""}},"elements":[],"isInner":false,"widgetType":"button","elType":"widget"}],"isInner":true,"elType":"column"}],"isInner":true,"elType":"section"}],"isInner":false,"elType":"column"}],"isInner":false,"elType":"section"},{"id":"3347c937","settings":{"custom_height":{"unit":"px","size":200,"sizes":[]},"column_position":"top","background_background":"classic","__globals__":{"background_color":"globals\/colors?id=secondary"},"content_width":{"unit":"px","size":1024,"sizes":[]}},"elements":[{"id":"7162cede","settings":{"_column_size":100,"_inline_size":null},"elements":[{"id":"3ec40d20","settings":{"look":"line_icon","text":"Odd\u011blova\u010d","icon":{"value":"fas fa-volleyball-ball","library":"fa-solid"},"weight":{"unit":"px","size":3,"sizes":[]},"gap":{"unit":"px","size":10,"sizes":[]},"icon_size":{"unit":"px","size":60,"sizes":[]},"icon_spacing":{"unit":"px","size":25,"sizes":[]},"rotate":{"unit":"deg","size":"","sizes":[]},"__globals__":{"color":"globals\/colors?id=7fcabb5","primary_color":"globals\/colors?id=7fcabb5"}},"elements":[],"isInner":false,"widgetType":"divider","elType":"widget"}],"isInner":false,"elType":"column"}],"isInner":false,"elType":"section"},{"id":"7e5bfe48","settings":{"content_width":{"unit":"px","size":1024,"sizes":[]}},"elements":[{"id":"723598dc","settings":{"_column_size":100,"_inline_size":null},"elements":[{"id":"db7dd0c","settings":{"editor":"Turnaje se \u00fa\u010dastnilo 12 nalosovan\u00fdch dvojic. Hr\u00e1ly se dva podturnaje - dopoledn\u00ed a odpoledn\u00ed. V&nbsp;ka\u017ed\u00e9m podturnaji se podle rozlosov\u00e1n\u00ed spojily v\u017edy t\u0159i dvojice do \u010dty\u0159 t\u00fdm\u016f tak, \u017ee ka\u017ed\u00e9 dvojici se mezi dopoledn\u00edm a odpoledn\u00edm podturnajem vym\u011bnili v\u0161ichni \u010dty\u0159i spoluhr\u00e1\u010di.\n<br><br>\nOba podturnaje se hr\u00e1ly formou skupiny syst\u00e9mem ka\u017ed\u00fd s&nbsp;ka\u017ed\u00fdm. Z\u00e1pasy se hr\u00e1ly na dva hran\u00e9 sety do&nbsp;25 (o&nbsp;2&nbsp;body) od stavu&nbsp;7:7. Bodovalo se setov\u00fdm syst\u00e9mem\u00a0-\u00a0za v\u00edt\u011bzstv\u00ed&nbsp;2:0&nbsp;dva body, za rem\u00edzu&nbsp;1:1&nbsp;jeden bod a za prohru&nbsp;0:2&nbsp;nula bod\u016f.\n<br><br>\nO po\u0159ad\u00ed ve skupin\u00e1ch rozhodovaly postupn\u011b: po\u010det bod\u016f, po\u010det v\u00fdher&nbsp;2:0, pom\u011br m\u00ed\u010d\u016f, po\u010det bod\u016f ze vz\u00e1jemn\u00e9ho z\u00e1pasu, pom\u011br m\u00ed\u010d\u016f ze vz\u00e1jemn\u00e9ho z\u00e1pasu, ni\u017e\u0161\u00ed sou\u010det v\u00fd\u0161ky v\u0161ech hr\u00e1\u010d\u016f, vy\u0161\u0161\u00ed sou\u010det v\u00e1hy v\u0161ech hr\u00e1\u010d\u016f, v\u00fd\u0161e nezi\u0161tn\u00e9ho daru organiz\u00e1tor\u016fm.\n<br><br>\nVyhodnocen\u00ed turnaje (mezi dvojicemi) prob\u00edhalo sou\u010dtem v\u00fdsledk\u016f z&nbsp;obou turnaj\u016f. O po\u0159ad\u00ed rozhodovaly postupn\u011b: po\u010det bod\u016f, po\u010det v\u00fdher&nbsp;2:0, pom\u011br m\u00ed\u010d\u016f, po\u0159ad\u00ed v&nbsp;druh\u00e9m turnaji, po\u0159ad\u00ed v&nbsp;prvn\u00edm turnaji.","text_color":"#003E53","typography_typography":"custom","typography_font_family":"Montserrat","typography_font_weight":"500","__globals__":{"text_color":"globals\/colors?id=7fcabb5","typography_typography":""},"align_mobile":"justify","align":"justify","custom_css":"@media(max-width: 600px){\n    selector .elementor-widget-container {\n        text-align: center;\n    }\n}"},"elements":[],"isInner":false,"widgetType":"text-editor","elType":"widget"}],"isInner":false,"elType":"column"}],"isInner":false,"elType":"section"},{"id":"4429807a","settings":{"content_width":{"unit":"px","size":1024,"sizes":[]},"padding":{"unit":"px","top":"20","right":"0","bottom":"25","left":"0","isLinked":false}},"elements":[{"id":"73e12a27","settings":{"_column_size":100,"_inline_size":null},"elements":[{"id":"bb1a838","settings":{"title":"Dopoledn\u00ed turnaj","align":"center","typography_typography":"custom","typography_font_family":"Montserrat","typography_font_size":{"unit":"px","size":42,"sizes":[]},"typography_font_weight":"400","typography_text_transform":"uppercase","__globals__":{"title_color":"globals\/colors?id=7fcabb5"}},"elements":[],"isInner":false,"widgetType":"heading","elType":"widget"},{"id":"42624db2","settings":{"image":{"url":"https:\/\/www.rozvedcik-volejbal.cz\/wp-content\/uploads\/2021\/08\/R21PW1-scaled.jpg","id":1776,"alt":"","source":"library"},"title_text":"\ud83e\udd47&nbsp;1. m\u00edsto - t\u00fdm Bruno&nbsp;\ud83e\udd47","description_text":"Zleva: <i>Vojta, Hanka&nbsp;V., Ziky, Terka&nbsp;B., M\u00e1ra&nbsp;Z., Michal&nbsp;H.<\/i>","image_size":{"unit":"%","size":60,"sizes":[]},"title_bottom_space":{"unit":"px","size":20,"sizes":[]},"title_color":"#003E53","description_color":"#003E53","description_typography_typography":"custom","description_typography_font_family":"Montserrat","description_typography_font_weight":"500","__globals__":{"title_color":"globals\/colors?id=7fcabb5","description_typography_typography":"","description_color":"globals\/colors?id=7fcabb5"},"image_size_mobile":{"unit":"%","size":100,"sizes":[]},"_padding":{"unit":"px","top":"0","right":"0","bottom":"20","left":"0","isLinked":false},"_margin":{"unit":"px","top":"0","right":"0","bottom":"20","left":"0","isLinked":false}},"elements":[],"isInner":false,"widgetType":"image-box","elType":"widget"},{"id":"1e252d8","settings":{"image":{"url":"https:\/\/www.rozvedcik-volejbal.cz\/wp-content\/uploads\/2021\/08\/R21P21-scaled.jpg","id":1784,"alt":"","source":"library"},"thumbnail_size":"2048x2048","title_text":"\ud83e\udd48&nbsp;2. m\u00edsto - t\u00fdm Atanasijevi\u0107&nbsp;\ud83e\udd48","description_text":"Zleva: <i>Luke&nbsp;S., B\u00e1ra, Kudla, He\u0159mi, Zel\u00ed, B\u00e1ra&nbsp;J.<\/i>","image_size":{"unit":"%","size":60,"sizes":[]},"title_bottom_space":{"unit":"px","size":20,"sizes":[]},"title_color":"#003E53","description_color":"#003E53","description_typography_typography":"custom","description_typography_font_family":"Montserrat","description_typography_font_weight":"500","__globals__":{"title_color":"globals\/colors?id=7fcabb5","description_typography_typography":"","description_color":"globals\/colors?id=7fcabb5"},"image_size_mobile":{"unit":"%","size":100,"sizes":[]},"_padding":{"unit":"px","top":"0","right":"0","bottom":"20","left":"0","isLinked":false},"_margin":{"unit":"px","top":"0","right":"0","bottom":"20","left":"0","isLinked":false}},"elements":[],"isInner":false,"widgetType":"image-box","elType":"widget"},{"id":"5bbf96a2","settings":{"image":{"url":"https:\/\/www.rozvedcik-volejbal.cz\/wp-content\/uploads\/2021\/08\/R21P31-scaled.jpg","id":2114,"alt":"","source":"library"},"thumbnail_size":"2048x2048","title_text":"\ud83e\udd49&nbsp;3. m\u00edsto - t\u00fdm D\u017eianelli&nbsp;\ud83e\udd49","description_text":"Zleva stoj\u00edc\u00ed: <i>Valda, Ondra&nbsp;H., Tito, Mazy<\/i><br>\nZleva kle\u010d\u00edc\u00ed: <i>Zuzka&nbsp;\u010c., Monika&nbsp;B.<\/i>","image_size":{"unit":"%","size":60,"sizes":[]},"title_bottom_space":{"unit":"px","size":20,"sizes":[]},"title_color":"#003E53","description_color":"#003E53","description_typography_typography":"custom","description_typography_font_family":"Montserrat","description_typography_font_weight":"500","__globals__":{"title_color":"globals\/colors?id=7fcabb5","description_typography_typography":"","description_color":"globals\/colors?id=7fcabb5"},"image_size_mobile":{"unit":"%","size":100,"sizes":[]},"_padding":{"unit":"px","top":"0","right":"0","bottom":"20","left":"0","isLinked":false},"_margin":{"unit":"px","top":"0","right":"0","bottom":"20","left":"0","isLinked":false}},"elements":[],"isInner":false,"widgetType":"image-box","elType":"widget"},{"id":"1c06b80b","settings":{"image":{"url":"https:\/\/www.rozvedcik-volejbal.cz\/wp-content\/uploads\/2021\/08\/R21P41-scaled.jpg","id":2115,"alt":"","source":"library"},"thumbnail_size":"2048x2048","title_text":"\ud83c\udfc5&nbsp;4. m\u00edsto - t\u00fdm Christenson&nbsp;\ud83c\udfc5","description_text":"Zleva: <i>Radim&nbsp;P., An\u010da, Pajmi\u010d, <\/i><i>Martina&nbsp;D., Kolouch,&nbsp;Ondra N.<\/i>","image_size":{"unit":"%","size":60,"sizes":[]},"title_bottom_space":{"unit":"px","size":20,"sizes":[]},"title_color":"#003E53","description_color":"#003E53","description_typography_typography":"custom","description_typography_font_family":"Montserrat","description_typography_font_weight":"500","__globals__":{"title_color":"globals\/colors?id=7fcabb5","description_typography_typography":"","description_color":"globals\/colors?id=7fcabb5"},"image_size_mobile":{"unit":"%","size":100,"sizes":[]},"_padding":{"unit":"px","top":"0","right":"0","bottom":"20","left":"0","isLinked":false},"_margin":{"unit":"px","top":"0","right":"0","bottom":"20","left":"0","isLinked":false}},"elements":[],"isInner":false,"widgetType":"image-box","elType":"widget"},{"id":"147bec7","settings":{"ea_adv_data_table_static_html":"<thead><tr><th>Dopoledn\u00ed turnaj<\/th><th>Atanasijevi\u0107<\/th><th>Bruno<\/th><th>Christenson<\/th><th>D\u017eiannelli<\/th><th>Body<\/th><th>M\u00ed\u010de<\/th><th>Po\u0159ad\u00ed<\/th><\/tr><\/thead><tbody><tr><td>Atanasijevi\u0107<\/td><td>-<\/td><td><b><span style=\"font-size: 1.1em;\">1:1<\/span><\/b><br><i>25:23<\/i><br><i>18:25<\/i><\/td><td><b><span style=\"font-size: 1.1em;\">2:0<\/span><\/b><br><i>26:24<\/i><br><i>25:12<\/i><\/td><td><b><span style=\"font-size: 1.1em;\">2:0<\/span><\/b><br><i>25:23<\/i><br><i>25:22<\/i><\/td><td>5<\/td><td>144:129<\/td><td>2.<\/td><\/tr><tr><td>Bruno<\/td><td><b><span style=\"font-size: 1.1em;\">1:1<\/span><\/b><br><i>23:25<\/i><br><i>25:18<\/i><\/td><td>-<\/td><td><b><span style=\"font-size: 1.1em;\">2:0<\/span><\/b><br><i>25:22<\/i><br><i>25:23<\/i><\/td><td><b><span style=\"font-size: 1.1em;\">2:0<\/span><\/b><br><i>25:13<\/i><br><i>25:23<\/i><\/td><td>5<\/td><td>148:124<\/td><td>1.<\/td><\/tr><tr><td>Christenson<\/td><td><b><span style=\"font-size: 1.1em;\">0:2<\/span><\/b><br><i>24:26<\/i><br><i>12:25<\/i><\/td><td><b><span style=\"font-size: 1.1em;\">0:2<\/span><\/b><br><i>22:25<\/i><br><i>23:25<\/i><\/td><td>-<\/td><td><b><span style=\"font-size: 1.1em;\">1:1<\/span><\/b><br><i>22:25<\/i><br><i>25:23<\/i><\/td><td>1<\/td><td>128:149<\/td><td>4.<\/td><\/tr><tr><td>D\u017eiannelli<\/td><td><b><span style=\"font-size: 1.1em;\">0:2<\/span><\/b><br><i>23:25<\/i><br><i>22:25<\/i><\/td><td><b><span style=\"font-size: 1.1em;\">0:2<\/span><\/b><br><i>13:25<\/i><br><i>23:25<\/i><\/td><td><b><span style=\"font-size: 1.1em;\">1:1<\/span><\/b><br><i>25:22<\/i><br><i>23:25<\/i><\/td><td>-<\/td><td>1<\/td><td>129:147<\/td><td>3.<\/td><\/tr><\/tbody>","ea_adv_data_table_sort":"","ea_adv_data_table_search":"","ea_adv_data_table_search_placeholder":"Search","ea_adv_data_table_pagination":"","ea_adv_data_table_head_typography_typography":"custom","ea_adv_data_table_head_typography_font_family":"Montserrat","ea_adv_data_table_head_typography_font_size":{"unit":"px","size":20,"sizes":[]},"ea_adv_data_table_head_typography_font_weight":"600","ea_adv_data_table_head_horizontal_alignment":"center","ea_adv_data_table_head_color":"#FFFFFF","ea_adv_data_table_body_typography_typography":"custom","ea_adv_data_table_body_typography_font_family":"Montserrat","ea_adv_data_table_body_typography_font_size":{"unit":"px","size":18,"sizes":[]},"ea_adv_data_table_body_typography_font_weight":"500","ea_adv_data_table_body_horizontal_alignment":"center","ea_adv_data_table_body_color":"#003E53","ea_adv_data_table_body_background":"#FFFFFF","custom_css":"selector td {\n    min-width: 100px;\n}\n\nselector th {\n    font-size: 18px;\n}\n\nselector td:first-child {\n    background-color: #003E53 !important;\n    color: #ffffff;\n    font-weight: 600;\n}\n\nselector td:last-child {\n    font-weight: bold;\n}\n\nselector td:nth-last-child(4) {\n    border-right-color: #003E53;\n}\n\nselector td:nth-last-child(-n+3){\n    min-width: 90px;\n    background-color: #F8F8F8\n        !important;\n}\n\nselector th:first-child {\n    background-color: #13627D !important;\n    font-weight: normal;\n}\n    ","__globals__":{"ea_adv_data_table_body_color":"","ea_adv_data_table_body_background":"globals\/colors?id=primary","ea_adv_data_table_body_typography_typography":"","ea_adv_data_table_head_color":"globals\/colors?id=primary","ea_adv_data_table_head_background":"globals\/colors?id=7fcabb5","ea_adv_data_table_head_typography_typography":"globals\/typography?id=primary"}},"elements":[],"isInner":false,"widgetType":"eael-advanced-data-table","elType":"widget"}],"isInner":false,"elType":"column"}],"isInner":false,"elType":"section"},{"id":"3b1ddd0f","settings":{"content_width":{"unit":"px","size":1024,"sizes":[]},"padding":{"unit":"px","top":"20","right":"0","bottom":"20","left":"0","isLinked":false}},"elements":[{"id":"7e87537","settings":{"_column_size":100,"_inline_size":null},"elements":[{"id":"64b28cce","settings":{"title":"Odpoledn\u00ed turnaj","align":"center","typography_typography":"custom","typography_font_family":"Montserrat","typography_font_size":{"unit":"px","size":42,"sizes":[]},"typography_font_weight":"400","typography_text_transform":"uppercase","__globals__":{"title_color":"globals\/colors?id=7fcabb5"}},"elements":[],"isInner":false,"widgetType":"heading","elType":"widget"},{"id":"3abaebec","settings":{"image":{"url":"https:\/\/www.rozvedcik-volejbal.cz\/wp-content\/uploads\/2021\/08\/R21P21-1-scaled.jpg","id":2120,"alt":"","source":"library"},"title_text":"\ud83e\udd47&nbsp;1. m\u00edsto - t\u00fdm Kurek&nbsp;\ud83e\udd47","description_text":"Zleva: <i>An\u010da, Hanka&nbsp;V., Ziky, Luke&nbsp;S., Ondra&nbsp;N., Zel\u00ed<\/i>","image_size":{"unit":"%","size":60,"sizes":[]},"title_bottom_space":{"unit":"px","size":20,"sizes":[]},"title_color":"#003E53","description_color":"#003E53","description_typography_typography":"custom","description_typography_font_family":"Montserrat","description_typography_font_weight":"500","__globals__":{"title_color":"globals\/colors?id=7fcabb5","description_typography_typography":"","description_color":"globals\/colors?id=7fcabb5"},"image_size_mobile":{"unit":"%","size":100,"sizes":[]},"_padding":{"unit":"px","top":"0","right":"0","bottom":"20","left":"0","isLinked":false},"_margin":{"unit":"px","top":"0","right":"0","bottom":"20","left":"0","isLinked":false}},"elements":[],"isInner":false,"widgetType":"image-box","elType":"widget"},{"id":"562c61f2","settings":{"image":{"url":"https:\/\/www.rozvedcik-volejbal.cz\/wp-content\/uploads\/2021\/08\/R21P22.jpg","id":2121,"alt":"","source":"library"},"thumbnail_size":"2048x2048","title_text":"\ud83e\udd48&nbsp;2. m\u00edsto - t\u00fdm Le\u00f3n&nbsp;\ud83e\udd48","description_text":"Zleva: <i>Mazy, Martina&nbsp;D., Pajmi\u010d, Zuzka&nbsp;\u010c., M\u00e1ra&nbsp;Z., Vojta<\/i>","image_size":{"unit":"%","size":60,"sizes":[]},"title_bottom_space":{"unit":"px","size":20,"sizes":[]},"title_color":"#003E53","description_color":"#003E53","description_typography_typography":"custom","description_typography_font_family":"Montserrat","description_typography_font_weight":"500","__globals__":{"title_color":"globals\/colors?id=7fcabb5","description_typography_typography":"","description_color":"globals\/colors?id=7fcabb5"},"image_size_mobile":{"unit":"%","size":100,"sizes":[]},"_padding":{"unit":"px","top":"0","right":"0","bottom":"20","left":"0","isLinked":false},"_margin":{"unit":"px","top":"0","right":"0","bottom":"20","left":"0","isLinked":false}},"elements":[],"isInner":false,"widgetType":"image-box","elType":"widget"},{"id":"dabbecb","settings":{"image":{"url":"https:\/\/www.rozvedcik-volejbal.cz\/wp-content\/uploads\/2021\/08\/R21P23-scaled.jpg","id":2122,"alt":"","source":"library"},"thumbnail_size":"2048x2048","title_text":"\ud83e\udd49&nbsp;3. m\u00edsto - t\u00fdm Ishikawa&nbsp;\ud83e\udd49","description_text":"Zleva: <i>B\u00e1ra, Monika&nbsp;B., He\u0159mi, Radim&nbsp;P., Tito, Kolouch<\/i>","image_size":{"unit":"%","size":60,"sizes":[]},"title_bottom_space":{"unit":"px","size":20,"sizes":[]},"title_color":"#003E53","description_color":"#003E53","description_typography_typography":"custom","description_typography_font_family":"Montserrat","description_typography_font_weight":"500","__globals__":{"title_color":"globals\/colors?id=7fcabb5","description_typography_typography":"","description_color":"globals\/colors?id=7fcabb5"},"image_size_mobile":{"unit":"%","size":100,"sizes":[]},"_padding":{"unit":"px","top":"0","right":"0","bottom":"20","left":"0","isLinked":false},"_margin":{"unit":"px","top":"0","right":"0","bottom":"20","left":"0","isLinked":false}},"elements":[],"isInner":false,"widgetType":"image-box","elType":"widget"},{"id":"610e9fff","settings":{"image":{"url":"https:\/\/www.rozvedcik-volejbal.cz\/wp-content\/uploads\/2021\/08\/R21P24.jpg","id":2123,"alt":"","source":"library"},"thumbnail_size":"2048x2048","title_text":"\ud83c\udfc5&nbsp;4. m\u00edsto - t\u00fdm Juantorena&nbsp;\ud83c\udfc5","description_text":"Zleva stoj\u00edc\u00ed: <i>Michal&nbsp;H., Ondra&nbsp;H., Kudla, Valda<\/i><br>Zleva kle\u010d\u00edc\u00ed: <i>B\u00e1ra&nbsp;J., Terka&nbsp;B.<\/i>","image_size":{"unit":"%","size":60,"sizes":[]},"title_bottom_space":{"unit":"px","size":20,"sizes":[]},"title_color":"#003E53","description_color":"#003E53","description_typography_typography":"custom","description_typography_font_family":"Montserrat","description_typography_font_weight":"500","__globals__":{"title_color":"globals\/colors?id=7fcabb5","description_typography_typography":"","description_color":"globals\/colors?id=7fcabb5"},"image_size_mobile":{"unit":"%","size":100,"sizes":[]},"_padding":{"unit":"px","top":"0","right":"0","bottom":"20","left":"0","isLinked":false},"_margin":{"unit":"px","top":"0","right":"0","bottom":"20","left":"0","isLinked":false}},"elements":[],"isInner":false,"widgetType":"image-box","elType":"widget"},{"id":"7a8caf38","settings":{"ea_adv_data_table_static_html":"<thead><tr><th>Odpoledn\u00ed turnaj<\/th><th>Ishikawa<\/th><th>Juantorena<\/th><th>Kurek<\/th><th>Le\u00f3n<\/th><th>Body<\/th><th>M\u00ed\u010de<\/th><th>Po\u0159ad\u00ed<\/th><\/tr><\/thead><tbody><tr><td>Ishikawa<\/td><td>-<\/td><td><b><span style=\"font-size: 1.1em;\">2:0<\/span><\/b><br><i>25:22<\/i><br><i>25:16<\/i><\/td><td><b><span style=\"font-size: 1.1em;\">0:2<\/span><\/b><br><i>19:25<\/i><br><i>21:25<\/i><\/td><td><b><span style=\"font-size: 1.1em;\">1:1<\/span><\/b><br><i>25:23<\/i><br><i>23:25<\/i><\/td><td>3<\/td><td>138:136<\/td><td>3.<\/td><\/tr><tr><td>Juantorena<\/td><td><b><span style=\"font-size: 1.1em;\">0:2<\/span><\/b><br><i>22:25<\/i><br><i>16:25<\/i><\/td><td>-<\/td><td><b><span style=\"font-size: 1.1em;\">0:2<\/span><\/b><br><i>18:25<\/i><br><i>22:25<\/i><\/td><td><b><span style=\"font-size: 1.1em;\">0:2<\/span><\/b><br><i>16:25<\/i><br><i>23:25<\/i><\/td><td>0<\/td><td>117:150<\/td><td>4.<\/td><\/tr><tr><td>Kurek<\/td><td><b><span style=\"font-size: 1.1em;\">2:0<\/span><\/b><br><i>25:19<\/i><br><i>25:21<\/i><\/td><td><b><span style=\"font-size: 1.1em;\">2:0<\/span><\/b><br><i>25:18<\/i><br><i>25:22<\/i><\/td><td>-<\/td><td><b><span style=\"font-size: 1.1em;\">1:1<\/span><\/b><br><i>18:25<\/i><br><i>25:22<\/i><\/td><td>5<\/td><td>143:127<\/td><td>1.<\/td><\/tr><tr><td>Le\u00f3n<\/td><td><b><span style=\"font-size: 1.1em;\">1:1<\/span><\/b><br><i>23:25<\/i><br><i>25:23<\/i><\/td><td><b><span style=\"font-size: 1.1em;\">2:0<\/span><\/b><br><i>25:16<\/i><br><i>25:23<\/i><\/td><td><b><span style=\"font-size: 1.1em;\">1:1<\/span><\/b><br><i>25:18<\/i><br><i>22:25<\/i><\/td><td>-<\/td><td>4<\/td><td>145:130<\/td><td>2.<\/td><\/tr><\/tbody>","ea_adv_data_table_sort":"","ea_adv_data_table_search":"","ea_adv_data_table_search_placeholder":"Search","ea_adv_data_table_pagination":"","ea_adv_data_table_head_typography_typography":"custom","ea_adv_data_table_head_typography_font_family":"Montserrat","ea_adv_data_table_head_typography_font_size":{"unit":"px","size":20,"sizes":[]},"ea_adv_data_table_head_typography_font_weight":"600","ea_adv_data_table_head_horizontal_alignment":"center","ea_adv_data_table_head_color":"#FFFFFF","ea_adv_data_table_body_typography_typography":"custom","ea_adv_data_table_body_typography_font_family":"Montserrat","ea_adv_data_table_body_typography_font_size":{"unit":"px","size":18,"sizes":[]},"ea_adv_data_table_body_typography_font_weight":"500","ea_adv_data_table_body_horizontal_alignment":"center","ea_adv_data_table_body_color":"#003E53","ea_adv_data_table_body_background":"#FFFFFF","custom_css":"selector td {\n    min-width: 124px;\n}\n\nselector th {\n    font-size: 18px;\n}\n\nselector td:first-child {\n    background-color: #003E53 !important;\n    color: #ffffff;\n    font-weight: 600;\n}\n\nselector td:nth-last-child(4) {\n    border-right-color: #003E53;\n}\n\nselector td:nth-last-child(-n+3){\n    min-width: 90px;\n    background-color: #F8F8F8\n        !important;\n}\n\nselector td:last-child {\n    font-weight: bold;\n}\n\nselector th:first-child {\n    background-color: #13627D !important;   \n}\n    ","__globals__":{"ea_adv_data_table_body_color":"","ea_adv_data_table_body_background":"globals\/colors?id=primary","ea_adv_data_table_body_typography_typography":"","ea_adv_data_table_head_color":"globals\/colors?id=primary","ea_adv_data_table_head_background":"globals\/colors?id=7fcabb5","ea_adv_data_table_head_typography_typography":"globals\/typography?id=primary"}},"elements":[],"isInner":false,"widgetType":"eael-advanced-data-table","elType":"widget"}],"isInner":false,"elType":"column"}],"isInner":false,"elType":"section"},{"id":"4b55fb1a","settings":{"content_width":{"unit":"px","size":1024,"sizes":[]},"padding":{"unit":"px","top":"30","right":"0","bottom":"10","left":"0","isLinked":false}},"elements":[{"id":"623cf411","settings":{"_column_size":100,"_inline_size":null},"elements":[{"id":"2c7a1257","settings":{"title":"Celkov\u00e9 v\u00fdsledky","align":"center","typography_typography":"custom","typography_font_family":"Montserrat","typography_font_size":{"unit":"px","size":42,"sizes":[]},"typography_font_weight":"400","typography_text_transform":"uppercase","__globals__":{"title_color":"globals\/colors?id=7fcabb5"}},"elements":[],"isInner":false,"widgetType":"heading","elType":"widget"},{"id":"14eb9b82","settings":{"image":{"url":"https:\/\/www.rozvedcik-volejbal.cz\/wp-content\/uploads\/2021\/08\/R21_ZikyHana-scaled.jpg","id":2333,"alt":"","source":"library"},"title_text":"\ud83e\udd47&nbsp;1. m\u00edsto - Ziky & Hanka&nbsp;V.&nbsp;\ud83e\udd47","description_text":"","image_size":{"unit":"%","size":55,"sizes":[]},"title_bottom_space":{"unit":"px","size":20,"sizes":[]},"title_color":"#003E53","description_color":"#003E53","description_typography_typography":"custom","description_typography_font_family":"Montserrat","description_typography_font_weight":"500","__globals__":{"title_color":"globals\/colors?id=7fcabb5","description_typography_typography":"","description_color":"globals\/colors?id=7fcabb5"},"image_size_mobile":{"unit":"%","size":100,"sizes":[]},"_padding":{"unit":"px","top":"0","right":"0","bottom":"20","left":"0","isLinked":false},"_margin":{"unit":"px","top":"0","right":"0","bottom":"10","left":"0","isLinked":false}},"elements":[],"isInner":false,"widgetType":"image-box","elType":"widget"},{"id":"29a87f12","settings":{"image":{"url":"https:\/\/www.rozvedcik-volejbal.cz\/wp-content\/uploads\/2021\/08\/R21_LukeZeli-scaled.jpg","id":2358,"alt":"","source":"library"},"thumbnail_size":"2048x2048","title_text":"<img draggable=\"false\" role=\"img\" class=\"emoji\" alt=\"\ud83e\udd48\" src=\"https:\/\/s.w.org\/images\/core\/emoji\/13.1.0\/svg\/1f948.svg\"> &nbsp;2. m\u00edsto - Zel\u00ed &amp; Luke&nbsp;S.&nbsp;<img draggable=\"false\" role=\"img\" class=\"emoji\" alt=\"\ud83e\udd48\" src=\"https:\/\/s.w.org\/images\/core\/emoji\/13.1.0\/svg\/1f948.svg\">","description_text":"","image_size":{"unit":"%","size":55,"sizes":[]},"title_bottom_space":{"unit":"px","size":20,"sizes":[]},"title_color":"#003E53","description_color":"#003E53","description_typography_typography":"custom","description_typography_font_family":"Montserrat","description_typography_font_weight":"500","__globals__":{"title_color":"globals\/colors?id=7fcabb5","description_typography_typography":"","description_color":"globals\/colors?id=7fcabb5"},"image_size_mobile":{"unit":"%","size":100,"sizes":[]},"_padding":{"unit":"px","top":"0","right":"0","bottom":"20","left":"0","isLinked":false},"_margin":{"unit":"px","top":"0","right":"0","bottom":"10","left":"0","isLinked":false}},"elements":[],"isInner":false,"widgetType":"image-box","elType":"widget"},{"id":"2bd7b826","settings":{"image":{"url":"https:\/\/www.rozvedcik-volejbal.cz\/wp-content\/uploads\/2021\/08\/R21_VojtaMara-scaled.jpg","id":2359,"alt":"","source":"library"},"thumbnail_size":"2048x2048","title_text":"\ud83e\udd49&nbsp;3. m\u00edsto - M\u00e1ra&nbsp;Z. & Vojta&nbsp;\ud83e\udd49","description_text":"","image_size":{"unit":"%","size":55,"sizes":[]},"title_bottom_space":{"unit":"px","size":20,"sizes":[]},"title_color":"#003E53","description_color":"#003E53","description_typography_typography":"custom","description_typography_font_family":"Montserrat","description_typography_font_weight":"500","__globals__":{"title_color":"globals\/colors?id=7fcabb5","description_typography_typography":"","description_color":"globals\/colors?id=7fcabb5"},"image_size_mobile":{"unit":"%","size":100,"sizes":[]},"_padding":{"unit":"px","top":"0","right":"0","bottom":"20","left":"0","isLinked":false},"_margin":{"unit":"px","top":"0","right":"0","bottom":"20","left":"0","isLinked":false}},"elements":[],"isInner":false,"widgetType":"image-box","elType":"widget"},{"id":"15fcebf","settings":{"image":{"url":"https:\/\/www.rozvedcik-volejbal.cz\/wp-content\/uploads\/2021\/08\/R21_HermiBara-scaled.jpg","id":2360,"alt":"","source":"library"},"thumbnail_size":"2048x2048","title_text":"<img draggable=\"false\" role=\"img\" class=\"emoji\" alt=\"\ud83c\udfc5\" src=\"https:\/\/s.w.org\/images\/core\/emoji\/13.1.0\/svg\/1f3c5.svg\">&nbsp;4. m\u00edsto - He\u0159mi &amp; B\u00e1ra&nbsp;<img draggable=\"false\" role=\"img\" class=\"emoji\" alt=\"\ud83c\udfc5\" src=\"https:\/\/s.w.org\/images\/core\/emoji\/13.1.0\/svg\/1f3c5.svg\">","description_text":"","image_size":{"unit":"%","size":55,"sizes":[]},"title_bottom_space":{"unit":"px","size":20,"sizes":[]},"title_color":"#003E53","description_color":"#003E53","description_typography_typography":"custom","description_typography_font_family":"Montserrat","description_typography_font_weight":"500","__globals__":{"title_color":"globals\/colors?id=7fcabb5","description_typography_typography":"","description_color":"globals\/colors?id=7fcabb5"},"image_size_mobile":{"unit":"%","size":100,"sizes":[]},"_padding":{"unit":"px","top":"0","right":"0","bottom":"20","left":"0","isLinked":false},"_margin":{"unit":"px","top":"0","right":"0","bottom":"20","left":"0","isLinked":false}},"elements":[],"isInner":false,"widgetType":"image-box","elType":"widget"},{"id":"504e850e","settings":{"image":{"url":"https:\/\/www.rozvedcik-volejbal.cz\/wp-content\/uploads\/2021\/08\/20210626_183854_2-scaled.jpg","id":3178,"alt":"","source":"library"},"thumbnail_size":"2048x2048","title_text":"<img draggable=\"false\" role=\"img\" class=\"emoji\" alt=\"\ud83c\udfc5\" src=\"https:\/\/s.w.org\/images\/core\/emoji\/13.1.0\/svg\/1f3c5.svg\">&nbsp;5. m\u00edsto - An\u010da &amp; Ondra&nbsp;N.&nbsp;<img draggable=\"false\" role=\"img\" class=\"emoji\" alt=\"\ud83c\udfc5\" src=\"https:\/\/s.w.org\/images\/core\/emoji\/13.1.0\/svg\/1f3c5.svg\">","description_text":"","image_size":{"unit":"%","size":55,"sizes":[]},"title_bottom_space":{"unit":"px","size":20,"sizes":[]},"title_color":"#003E53","description_color":"#003E53","description_typography_typography":"custom","description_typography_font_family":"Montserrat","description_typography_font_weight":"500","__globals__":{"title_color":"globals\/colors?id=7fcabb5","description_typography_typography":"","description_color":"globals\/colors?id=7fcabb5"},"image_size_mobile":{"unit":"%","size":100,"sizes":[]},"_padding":{"unit":"px","top":"0","right":"0","bottom":"20","left":"0","isLinked":false},"_margin":{"unit":"px","top":"0","right":"0","bottom":"20","left":"0","isLinked":false}},"elements":[],"isInner":false,"widgetType":"image-box","elType":"widget"},{"id":"4b4c10b0","settings":{"image":{"url":"https:\/\/www.rozvedcik-volejbal.cz\/wp-content\/uploads\/2021\/08\/R21_MazyZuzka-scaled.jpg","id":2371,"alt":"","source":"library"},"thumbnail_size":"2048x2048","title_text":"\ud83c\udfc5&nbsp;6. m\u00edsto - Zuzka & Mazy&nbsp;\ud83c\udfc5","description_text":"","image_size":{"unit":"%","size":55,"sizes":[]},"title_bottom_space":{"unit":"px","size":20,"sizes":[]},"title_color":"#003E53","description_color":"#003E53","description_typography_typography":"custom","description_typography_font_family":"Montserrat","description_typography_font_weight":"500","__globals__":{"title_color":"globals\/colors?id=7fcabb5","description_typography_typography":"","description_color":"globals\/colors?id=7fcabb5"},"image_size_mobile":{"unit":"%","size":100,"sizes":[]},"_padding":{"unit":"px","top":"0","right":"0","bottom":"20","left":"0","isLinked":false},"_margin":{"unit":"px","top":"0","right":"0","bottom":"20","left":"0","isLinked":false}},"elements":[],"isInner":false,"widgetType":"image-box","elType":"widget"},{"id":"38367b46","settings":{"image":{"url":"https:\/\/www.rozvedcik-volejbal.cz\/wp-content\/uploads\/2021\/08\/R21_PajmicMartina-scaled.jpg","id":2770,"alt":"","source":"library"},"thumbnail_size":"2048x2048","title_text":"<img draggable=\"false\" role=\"img\" class=\"emoji\" alt=\"\ud83c\udfc5\" src=\"https:\/\/s.w.org\/images\/core\/emoji\/13.1.0\/svg\/1f3c5.svg\"> 7. m\u00edsto - Martina&nbsp;D. &amp; Pajmi\u010d <img draggable=\"false\" role=\"img\" class=\"emoji\" alt=\"\ud83c\udfc5\" src=\"https:\/\/s.w.org\/images\/core\/emoji\/13.1.0\/svg\/1f3c5.svg\">","description_text":"","image_size":{"unit":"%","size":55,"sizes":[]},"title_bottom_space":{"unit":"px","size":20,"sizes":[]},"title_color":"#003E53","description_color":"#003E53","description_typography_typography":"custom","description_typography_font_family":"Montserrat","description_typography_font_weight":"500","__globals__":{"title_color":"globals\/colors?id=7fcabb5","description_typography_typography":"","description_color":"globals\/colors?id=7fcabb5"},"image_size_mobile":{"unit":"%","size":100,"sizes":[]},"_padding":{"unit":"px","top":"0","right":"0","bottom":"20","left":"0","isLinked":false},"_margin":{"unit":"px","top":"0","right":"0","bottom":"20","left":"0","isLinked":false}},"elements":[],"isInner":false,"widgetType":"image-box","elType":"widget"},{"id":"3f069449","settings":{"image":{"url":"https:\/\/www.rozvedcik-volejbal.cz\/wp-content\/uploads\/2021\/08\/R21_MichalTerka-scaled.jpg","id":2769,"alt":"","source":"library"},"thumbnail_size":"2048x2048","title_text":"<img draggable=\"false\" role=\"img\" class=\"emoji\" alt=\"\ud83c\udfc5\" src=\"https:\/\/s.w.org\/images\/core\/emoji\/13.1.0\/svg\/1f3c5.svg\">&nbsp;8. m\u00edsto - Michal&nbsp;H. &amp; Terka&nbsp;B.&nbsp;<img draggable=\"false\" role=\"img\" class=\"emoji\" alt=\"\ud83c\udfc5\" src=\"https:\/\/s.w.org\/images\/core\/emoji\/13.1.0\/svg\/1f3c5.svg\">","description_text":"","image_size":{"unit":"%","size":55,"sizes":[]},"title_bottom_space":{"unit":"px","size":20,"sizes":[]},"title_color":"#003E53","description_color":"#003E53","description_typography_typography":"custom","description_typography_font_family":"Montserrat","description_typography_font_weight":"500","__globals__":{"title_color":"globals\/colors?id=7fcabb5","description_typography_typography":"","description_color":"globals\/colors?id=7fcabb5"},"image_size_mobile":{"unit":"%","size":100,"sizes":[]},"_padding":{"unit":"px","top":"0","right":"0","bottom":"20","left":"0","isLinked":false},"_margin":{"unit":"px","top":"0","right":"0","bottom":"20","left":"0","isLinked":false}},"elements":[],"isInner":false,"widgetType":"image-box","elType":"widget"},{"id":"610f8f89","settings":{"image":{"url":"https:\/\/www.rozvedcik-volejbal.cz\/wp-content\/uploads\/2021\/08\/R21_KudlaBara-scaled.jpg","id":2771,"alt":"","source":"library"},"thumbnail_size":"2048x2048","title_text":"<img draggable=\"false\" role=\"img\" class=\"emoji\" alt=\"\ud83c\udfc5\" src=\"https:\/\/s.w.org\/images\/core\/emoji\/13.1.0\/svg\/1f3c5.svg\">&nbsp;9. m\u00edsto - B\u00e1ra&nbsp;J. &amp; Kudla&nbsp;<img draggable=\"false\" role=\"img\" class=\"emoji\" alt=\"\ud83c\udfc5\" src=\"https:\/\/s.w.org\/images\/core\/emoji\/13.1.0\/svg\/1f3c5.svg\">","description_text":"","image_size":{"unit":"%","size":55,"sizes":[]},"title_bottom_space":{"unit":"px","size":20,"sizes":[]},"title_color":"#003E53","description_color":"#003E53","description_typography_typography":"custom","description_typography_font_family":"Montserrat","description_typography_font_weight":"500","__globals__":{"title_color":"globals\/colors?id=7fcabb5","description_typography_typography":"","description_color":"globals\/colors?id=7fcabb5"},"image_size_mobile":{"unit":"%","size":100,"sizes":[]},"_padding":{"unit":"px","top":"0","right":"0","bottom":"20","left":"0","isLinked":false},"_margin":{"unit":"px","top":"0","right":"0","bottom":"20","left":"0","isLinked":false}},"elements":[],"isInner":false,"widgetType":"image-box","elType":"widget"},{"id":"3cd06a4c","settings":{"image":{"url":"https:\/\/www.rozvedcik-volejbal.cz\/wp-content\/uploads\/2021\/08\/R21_TitoMonika-scaled.jpg","id":2772,"alt":"","source":"library"},"thumbnail_size":"2048x2048","title_text":"<img draggable=\"false\" role=\"img\" class=\"emoji\" alt=\"\ud83c\udfc5\" src=\"https:\/\/s.w.org\/images\/core\/emoji\/13.1.0\/svg\/1f3c5.svg\">&nbsp;10. m\u00edsto - Tito &amp; Monika&nbsp;D.&nbsp;<img draggable=\"false\" role=\"img\" class=\"emoji\" alt=\"\ud83c\udfc5\" src=\"https:\/\/s.w.org\/images\/core\/emoji\/13.1.0\/svg\/1f3c5.svg\">","description_text":"","image_size":{"unit":"%","size":55,"sizes":[]},"title_bottom_space":{"unit":"px","size":20,"sizes":[]},"title_color":"#003E53","description_color":"#003E53","description_typography_typography":"custom","description_typography_font_family":"Montserrat","description_typography_font_weight":"500","__globals__":{"title_color":"globals\/colors?id=7fcabb5","description_typography_typography":"","description_color":"globals\/colors?id=7fcabb5"},"image_size_mobile":{"unit":"%","size":100,"sizes":[]},"_padding":{"unit":"px","top":"0","right":"0","bottom":"20","left":"0","isLinked":false},"_margin":{"unit":"px","top":"0","right":"0","bottom":"20","left":"0","isLinked":false}},"elements":[],"isInner":false,"widgetType":"image-box","elType":"widget"},{"id":"737003e8","settings":{"image":{"url":"https:\/\/www.rozvedcik-volejbal.cz\/wp-content\/uploads\/2021\/08\/R21_RadimKolouch-scaled.jpg","id":2773,"alt":"","source":"library"},"thumbnail_size":"2048x2048","title_text":"<img draggable=\"false\" role=\"img\" class=\"emoji\" alt=\"\ud83c\udfc5\" src=\"https:\/\/s.w.org\/images\/core\/emoji\/13.1.0\/svg\/1f3c5.svg\">&nbsp;11. m\u00edsto - Radim&nbsp;P. &amp; Kolouch&nbsp;<img draggable=\"false\" role=\"img\" class=\"emoji\" alt=\"\ud83c\udfc5\" src=\"https:\/\/s.w.org\/images\/core\/emoji\/13.1.0\/svg\/1f3c5.svg\">","description_text":"","image_size":{"unit":"%","size":55,"sizes":[]},"title_bottom_space":{"unit":"px","size":20,"sizes":[]},"title_color":"#003E53","description_color":"#003E53","description_typography_typography":"custom","description_typography_font_family":"Montserrat","description_typography_font_weight":"500","__globals__":{"title_color":"globals\/colors?id=7fcabb5","description_typography_typography":"","description_color":"globals\/colors?id=7fcabb5"},"image_size_mobile":{"unit":"%","size":100,"sizes":[]},"_padding":{"unit":"px","top":"0","right":"0","bottom":"20","left":"0","isLinked":false},"_margin":{"unit":"px","top":"0","right":"0","bottom":"20","left":"0","isLinked":false}},"elements":[],"isInner":false,"widgetType":"image-box","elType":"widget"},{"id":"34aaaa22","settings":{"image":{"url":"https:\/\/www.rozvedcik-volejbal.cz\/wp-content\/uploads\/2021\/08\/R21_ValdaOndra-scaled.jpg","id":2774,"alt":"","source":"library"},"thumbnail_size":"2048x2048","title_text":"\ud83c\udfc5&nbsp;12. m\u00edsto - Ondra&nbsp;H. &amp; Valda&nbsp;\ud83c\udfc5","description_text":"","image_size":{"unit":"%","size":55,"sizes":[]},"title_bottom_space":{"unit":"px","size":20,"sizes":[]},"title_color":"#003E53","description_color":"#003E53","description_typography_typography":"custom","description_typography_font_family":"Montserrat","description_typography_font_weight":"500","__globals__":{"title_color":"globals\/colors?id=7fcabb5","description_typography_typography":"","description_color":"globals\/colors?id=7fcabb5"},"image_size_mobile":{"unit":"%","size":100,"sizes":[]},"_padding":{"unit":"px","top":"0","right":"0","bottom":"20","left":"0","isLinked":false},"_margin":{"unit":"px","top":"0","right":"0","bottom":"20","left":"0","isLinked":false}},"elements":[],"isInner":false,"widgetType":"image-box","elType":"widget"},{"id":"179b8809","settings":{"ea_adv_data_table_static_html":"<thead><tr><th>Celkov\u00e9 v\u00fdsledky<\/th><th>Body<\/th><th>M\u00ed\u010de<\/th><th>Po\u0159ad\u00ed<\/th><\/tr><\/thead><tbody><tr><td>Ziky &amp; Hanka V.<\/td><td>10<\/td><td>291:251<\/td><td><b>1.<\/b><\/td><\/tr><tr><td>Luke S. &amp; Zel\u00ed<\/td><td>10<\/td><td>287:256<\/td><td><b>2.<\/b><\/td><\/tr><tr><td>M\u00e1ra Z. &amp; Vojta<\/td><td>9<\/td><td>293:254<\/td><td><b>3.<\/b><\/td><\/tr><tr><td>He\u0159m\u00ed &amp; B\u00e1ra<\/td><td>8<\/td><td>282:255<\/td><td><b>4.<\/b><\/td><\/tr><tr><td>Ondra N. &amp; An\u010da<\/td><td>6<\/td><td>271:276<\/td><td><b>5.<\/b><\/td><\/tr><tr><td>Mazy &amp; Zuzka \u010c.<\/td><td>5<\/td><td>274:277<\/td><td><b>6.<\/b><\/td><\/tr><tr><td>Pajmi\u010d &amp; Martina D.<\/td><td>5<\/td><td>273:279<\/td><td><b>7.<\/b><\/td><\/tr><tr><td>Michal H. &amp; Terka B.<\/td><td>5<\/td><td>265:274<\/td><td><b>8.<\/b><\/td><\/tr><tr><td>Kudla &amp; B\u00e1ra J.<\/td><td>5<\/td><td>261:279<\/td><td><b>9.<\/b><\/td><\/tr><tr><td>Tito &amp; Monika B.<\/td><td>4<\/td><td>267:283<\/td><td><b>10.<\/b><\/td><\/tr><tr><td>Kolouch &amp; Radim P.<\/td><td>4<\/td><td>266:285<\/td><td><b>11.<\/b><\/td><\/tr><tr><td>Valda &amp; Ondra H.<\/td><td>1<\/td><td>246:297<\/td><td><b>12.<\/b><\/td><\/tr><\/tbody>","ea_adv_data_table_sort":"","ea_adv_data_table_search":"","ea_adv_data_table_search_placeholder":"Search","ea_adv_data_table_pagination":"","ea_adv_data_table_head_typography_typography":"custom","ea_adv_data_table_head_typography_font_family":"Montserrat","ea_adv_data_table_head_typography_font_size":{"unit":"px","size":20,"sizes":[]},"ea_adv_data_table_head_typography_font_weight":"600","ea_adv_data_table_head_horizontal_alignment":"center","ea_adv_data_table_head_color":"#FFFFFF","ea_adv_data_table_body_typography_typography":"custom","ea_adv_data_table_body_typography_font_family":"Montserrat","ea_adv_data_table_body_typography_font_size":{"unit":"px","size":18,"sizes":[]},"ea_adv_data_table_body_typography_font_weight":"500","ea_adv_data_table_body_horizontal_alignment":"center","ea_adv_data_table_body_color":"#003E53","ea_adv_data_table_body_background":"#FFFFFF","custom_css":"selector td {\n    min-width: 124px;\n}\n\nselector th {\n    font-size: 18px;\n}\n\nselector th:first-child {\n    font-weight: normal;\n}\n\nselector td:nth-last-child(-n+3){\n    background-color: #F8F8F8 !important;\n}\n\nselector td:first-child {\n    background-color: #003E53 !important;\n    color: #ffffff;\n    font-weight: 600;\n}\n\nselector th:first-child {\n    background-color: #13627D !important;   \n}\n    ","__globals__":{"ea_adv_data_table_body_color":"","ea_adv_data_table_body_background":"globals\/colors?id=primary","ea_adv_data_table_body_typography_typography":"","ea_adv_data_table_head_color":"globals\/colors?id=primary","ea_adv_data_table_head_background":"globals\/colors?id=7fcabb5","ea_adv_data_table_head_typography_typography":"globals\/typography?id=primary"},"_padding":{"unit":"%","top":"0","right":"10","bottom":"0","left":"10","isLinked":false}},"elements":[],"isInner":false,"widgetType":"eael-advanced-data-table","elType":"widget"}],"isInner":false,"elType":"column"}],"isInner":false,"elType":"section"},{"id":"5d352cf5","settings":{"layout":"full_width","margin":{"unit":"px","top":"0","right":0,"bottom":"0","left":0,"isLinked":false},"padding":{"unit":"px","top":"0","right":"0","bottom":"0","left":"0","isLinked":false}},"elements":[{"id":"34e04014","settings":{"_column_size":100,"_inline_size":null,"margin":{"unit":"px","top":"0","right":"0","bottom":"0","left":"0","isLinked":false},"padding":{"unit":"px","top":"0","right":"0","bottom":"0","left":"0","isLinked":false}},"elements":[{"id":"6720eea1","settings":{"selected_icon":{"value":{"url":"https:\/\/www.rozvedcik-volejbal.cz\/wp-content\/uploads\/2022\/06\/chevron-up-circle-outline.svg","id":4402},"library":"svg"},"link":{"url":"#page-top","is_external":"","nofollow":"","custom_attributes":""},"align":"right","size":{"unit":"px","size":55,"sizes":[]},"_margin":{"unit":"px","top":"-20","right":"20","bottom":"0","left":"0","isLinked":false},"_padding":{"unit":"px","top":"0","right":"0","bottom":"0","left":"0","isLinked":true},"motion_fx_motion_fx_scrolling":"yes","motion_fx_translateY_effect":"yes","motion_fx_translateY_speed":{"unit":"px","size":2.5,"sizes":[]},"motion_fx_translateY_affectedRange":{"unit":"%","size":"","sizes":{"start":50,"end":100}},"motion_fx_opacity_range":{"unit":"%","size":"","sizes":{"start":0,"end":57}},"sticky":"bottom","sticky_offset":10,"__globals__":{"hover_primary_color":"globals\/colors?id=primary","primary_color":"globals\/colors?id=7fcabb5"}},"elements":[],"isInner":false,"widgetType":"icon","elType":"widget"}],"isInner":false,"elType":"column"}],"isInner":false,"elType":"section"}],"settings":{"template":"default","eael_ext_toc_title":"Table of Contents","background_background":"classic","__globals__":{"background_color":"globals\/colors?id=secondary"},"custom_css":"@media(max-width: 767px){\n    .flex-reversed-section > div{\n        flex-direction: column-reverse;\n    }\n}"},"metadata":[]}