{"content":[{"id":"3085227d","settings":{"content_width":{"unit":"px","size":1024},"custom_height":{"unit":"px","size":105},"content_position":"middle","structure":"20","padding_tablet":{"unit":"px","top":"0","right":"20","bottom":"0","left":"20","isLinked":""},"padding_mobile":{"unit":"px","top":"25","right":"25","bottom":"25","left":"25","isLinked":"1"},"_title":"Header","custom_height_mobile":{"unit":"px","size":0,"sizes":[]},"custom_css":"@media(max-width: 510px){\n    selector .to-be-even {\n        width: 100%;\n    }\n    \n    selector .elementor-menu-toggle {\n        margin: 0 auto;\n    }\n}","height":"min-height","custom_height_tablet":{"unit":"px","size":105,"sizes":[]}},"elements":[{"id":"3d8cf2e2","settings":{"_column_size":"50","_inline_size":24,"_inline_size_tablet":65,"_inline_size_mobile":50,"css_classes":"to-be-even"},"elements":[{"id":"6643946d","settings":{"title":"Rozv\u011bd\u010d\u00edk","header_size":"p","align_mobile":"center","typography_typography":"custom","typography_font_family":"Montserrat","typography_font_weight":"600","title_color":"#003E53","__globals__":{"typography_typography":""},"typography_font_size":{"unit":"px","size":35,"sizes":[]},"typography_text_transform":"uppercase"},"elements":[],"isInner":false,"widgetType":"heading","elType":"widget"}],"isInner":"","elType":"column"},{"id":"1eb0a60","settings":{"_column_size":"50","space_between_widgets":5,"_inline_size":75.897999999999996134647517465054988861083984375,"_inline_size_tablet":35,"_inline_size_mobile":50,"css_classes":"to-be-even"},"elements":[{"id":"49ce79f3","settings":{"align_items":"right","submenu_icon":{"value":"fas fa-angle-down","library":"fa-solid"},"menu_typography_typography":"custom","menu_typography_font_family":"Montserrat","menu_typography_font_weight":"600","color_menu_item":"#003E53","color_menu_item_hover":"#003E53","_background_background":"classic","__globals__":{"pointer_color_menu_item_hover":"globals\/colors?id=6e40ef7","pointer_color_menu_item_active":"globals\/colors?id=6e40ef7","menu_typography_typography":"","toggle_color":"globals\/colors?id=primary","toggle_background_color":"globals\/colors?id=7fcabb5","color_dropdown_item_active":"","background_color_dropdown_item_active":"globals\/colors?id=6e40ef7","background_color_dropdown_item_hover":"globals\/colors?id=6e40ef7","color_dropdown_item":"globals\/colors?id=7fcabb5","background_color_dropdown_item":"globals\/colors?id=primary","color_dropdown_item_hover":"globals\/colors?id=primary","toggle_color_hover":"globals\/colors?id=6e40ef7","toggle_background_color_hover":"globals\/colors?id=primary","color_menu_item_active":"globals\/colors?id=7fcabb5"},"toggle_size":{"unit":"px","size":20,"sizes":[]},"pointer_color_menu_item_active":"#e4bc36","dropdown_typography_typography":"custom","dropdown_typography_font_family":"Montserrat","dropdown_typography_font_size":{"unit":"px","size":16,"sizes":[]},"dropdown_typography_font_weight":"500","menu_typography_font_size":{"unit":"px","size":18,"sizes":[]},"pointer_color_menu_item_hover":"#003E53","text_align":"center","toggle_size_tablet":{"unit":"px","size":20,"sizes":[]},"toggle_size_mobile":{"unit":"px","size":20,"sizes":[]},"toggle_border_width_tablet":{"unit":"px","size":3,"sizes":[]},"toggle_border_width_mobile":{"unit":"px","size":3,"sizes":[]},"toggle_border_radius_tablet":{"unit":"px","size":2,"sizes":[]},"toggle_border_radius_mobile":{"unit":"px","size":2,"sizes":[]},"animation_line":"grow","padding_horizontal_menu_item":{"unit":"px","size":13,"sizes":[]},"toggle_align":"right"},"elements":[],"isInner":false,"widgetType":"nav-menu","elType":"widget"}],"isInner":"","elType":"column"}],"isInner":"","elType":"section"},{"id":"7f4d39a2","settings":{"height":"min-height","custom_height":{"unit":"px","size":723},"background_background":"classic","background_image":{"id":568,"url":"https:\/\/www.rozvedcik-volejbal.cz\/wp-content\/uploads\/2021\/07\/pohar-scaled.jpg","alt":"","source":"library"},"background_position":"initial","background_size":"cover","background_overlay_background":"classic","background_overlay_color_b":"#003e53","background_overlay_gradient_angle":{"unit":"deg","size":"250"},"background_overlay_opacity":{"unit":"px","size":"0.25"},"shape_divider_bottom":"arrow","shape_divider_bottom_color":"#003e53","shape_divider_bottom_negative":"yes","custom_height_mobile":{"unit":"px","size":"279","sizes":[]},"background_image_mobile":{"id":"","url":"","alt":"","source":"library"},"_title":"Main","background_repeat":"no-repeat","layout":"full_width","overflow":"hidden","padding_mobile":{"unit":"px","top":"20","right":"0","bottom":"30","left":"0","isLinked":false},"padding_tablet":{"unit":"px","top":"10","right":"0","bottom":"20","left":"0","isLinked":false},"background_ypos":{"unit":"%","size":46,"sizes":[]}},"elements":[{"id":"45f6b42e","settings":{"_column_size":"100","margin_mobile":{"unit":"px","top":"0","right":"0","bottom":"0","left":"0","isLinked":false},"padding":{"unit":"%","top":"1","right":"1","bottom":"1","left":"40","isLinked":false},"padding_mobile":{"unit":"%","top":"1","right":"1","bottom":"0","left":"24","isLinked":false},"custom_css":"@media(max-width:600px){\n    .elementor-75 .elementor-element.elementor-element-6ee5ba6e > .elementor-element-populated {\n        padding: 5px\n    }\n}","background_background":"classic"},"elements":[{"id":"505a4c8a","settings":{"title":"Losovan\u00fd volejbalov\u00fd turnaj","align":"center","typography_typography":"custom","typography_font_family":"Montserrat","typography_font_size":{"unit":"px","size":58,"sizes":[]},"typography_font_size_tablet":{"unit":"px","size":40,"sizes":[]},"typography_font_weight":"700","text_shadow_text_shadow_type":"yes","text_shadow_text_shadow":{"horizontal":0,"vertical":0,"blur":10,"color":"rgba(0, 0, 0, 0.9)"},"_padding":{"unit":"px","top":"0","right":"0","bottom":"40","left":"0","isLinked":false}},"elements":[],"isInner":false,"widgetType":"heading","elType":"widget"},{"id":"e9b1c55","settings":{"space":{"unit":"px","size":10,"sizes":[]},"hide_tablet":"hidden-tablet","hide_mobile":"hidden-phone"},"elements":[],"isInner":false,"widgetType":"spacer","elType":"widget"},{"id":"77595ac4","settings":{"structure":"20","padding_mobile":{"unit":"px","top":"0","right":"0","bottom":"0","left":"0","isLinked":false},"layout":"full_width","hide_desktop":"hidden-desktop","custom_height_inner_mobile":{"unit":"px","size":10,"sizes":[]}},"elements":[{"id":"17c89aa6","settings":{"_column_size":50,"_inline_size":null,"_inline_size_tablet":50,"_inline_size_mobile":50,"padding_mobile":{"unit":"px","top":"0","right":"0","bottom":"0","left":"0","isLinked":true}},"elements":[{"id":"4c834f39","settings":{"title":"4","align":"center","title_color":"#FFFFFF","__globals__":{"typography_typography":""},"typography_typography":"custom","typography_font_family":"Montserrat","typography_font_size":{"unit":"px","size":45,"sizes":[]},"typography_font_size_tablet":{"unit":"px","size":53,"sizes":[]},"typography_font_weight":"600","text_shadow_text_shadow_type":"yes","text_shadow_text_shadow":{"horizontal":0,"vertical":0,"blur":20,"color":"#000000"},"_margin_tablet":{"unit":"px","top":"0","right":"0","bottom":"-15","left":"0","isLinked":false}},"elements":[],"isInner":false,"widgetType":"heading","elType":"widget"},{"id":"4e43f99","settings":{"title":"roky","align":"center","title_color":"#FFFFFF","__globals__":{"typography_typography":""},"typography_typography":"custom","typography_font_family":"Montserrat","typography_font_size":{"unit":"px","size":45,"sizes":[]},"typography_font_size_tablet":{"unit":"px","size":35,"sizes":[]},"typography_font_weight":"600","text_shadow_text_shadow_type":"yes","text_shadow_text_shadow":{"horizontal":0,"vertical":0,"blur":20,"color":"#000000"}},"elements":[],"isInner":false,"widgetType":"heading","elType":"widget"}],"isInner":true,"elType":"column"},{"id":"6fef9721","settings":{"_column_size":50,"_inline_size":null,"_inline_size_tablet":50,"_inline_size_mobile":50,"padding_mobile":{"unit":"px","top":"0","right":"0","bottom":"0","left":"0","isLinked":true},"margin_mobile":{"unit":"px","top":"0","right":"0","bottom":"0","left":"0","isLinked":true}},"elements":[{"id":"63dffaa7","settings":{"title":"7","align":"center","title_color":"#FFFFFF","typography_typography":"custom","typography_font_family":"Montserrat","typography_font_size":{"unit":"px","size":45,"sizes":[]},"typography_font_size_tablet":{"unit":"px","size":55,"sizes":[]},"typography_font_weight":"600","text_shadow_text_shadow_type":"yes","text_shadow_text_shadow":{"horizontal":0,"vertical":0,"blur":20,"color":"#000000"},"_margin_tablet":{"unit":"px","top":"0","right":"0","bottom":"-15","left":"0","isLinked":false}},"elements":[],"isInner":false,"widgetType":"heading","elType":"widget"},{"id":"6b5ca25b","settings":{"title":"turnaj\u016f","align":"center","title_color":"#FFFFFF","typography_typography":"custom","typography_font_family":"Montserrat","typography_font_size":{"unit":"px","size":45,"sizes":[]},"typography_font_size_tablet":{"unit":"px","size":35,"sizes":[]},"typography_font_weight":"600","text_shadow_text_shadow_type":"yes","text_shadow_text_shadow":{"horizontal":0,"vertical":0,"blur":20,"color":"#000000"}},"elements":[],"isInner":false,"widgetType":"heading","elType":"widget"}],"isInner":true,"elType":"column"}],"isInner":true,"elType":"section"},{"id":"2131b023","settings":{"structure":"30","hide_tablet":"hidden-tablet","hide_mobile":"hidden-phone"},"elements":[{"id":"32c7dc50","settings":{"_column_size":33,"_inline_size":null,"_inline_size_tablet":50,"_inline_size_mobile":50,"padding_mobile":{"unit":"px","top":"0","right":"0","bottom":"0","left":"0","isLinked":true}},"elements":[{"id":"2c695a80","settings":{"title":"4","align":"center","title_color":"#FFFFFF","__globals__":{"typography_typography":""},"typography_typography":"custom","typography_font_family":"Montserrat","typography_font_size":{"unit":"px","size":60,"sizes":[]},"typography_font_size_tablet":{"unit":"px","size":35,"sizes":[]},"typography_font_weight":"600","text_shadow_text_shadow_type":"yes","text_shadow_text_shadow":{"horizontal":0,"vertical":0,"blur":20,"color":"#000000"},"_margin":{"unit":"px","top":"0","right":"0","bottom":"-15","left":"0","isLinked":false}},"elements":[],"isInner":false,"widgetType":"heading","elType":"widget"},{"id":"6ce69665","settings":{"title":"roky","align":"center","title_color":"#FFFFFF","__globals__":{"typography_typography":""},"typography_typography":"custom","typography_font_family":"Montserrat","typography_font_size":{"unit":"px","size":45,"sizes":[]},"typography_font_size_tablet":{"unit":"px","size":35,"sizes":[]},"typography_font_weight":"600","text_shadow_text_shadow_type":"yes","text_shadow_text_shadow":{"horizontal":0,"vertical":0,"blur":20,"color":"#000000"}},"elements":[],"isInner":false,"widgetType":"heading","elType":"widget"}],"isInner":true,"elType":"column"},{"id":"4c536a6a","settings":{"_column_size":33,"_inline_size":null,"_inline_size_tablet":50,"_inline_size_mobile":50,"padding_mobile":{"unit":"px","top":"0","right":"0","bottom":"0","left":"0","isLinked":true},"margin_mobile":{"unit":"px","top":"0","right":"0","bottom":"0","left":"0","isLinked":true}},"elements":[{"id":"394c3a07","settings":{"title":"7","align":"center","title_color":"#FFFFFF","typography_typography":"custom","typography_font_family":"Montserrat","typography_font_size":{"unit":"px","size":60,"sizes":[]},"typography_font_size_tablet":{"unit":"px","size":35,"sizes":[]},"typography_font_weight":"600","text_shadow_text_shadow_type":"yes","text_shadow_text_shadow":{"horizontal":0,"vertical":0,"blur":20,"color":"#000000"},"_margin":{"unit":"px","top":"0","right":"0","bottom":"-15","left":"0","isLinked":false}},"elements":[],"isInner":false,"widgetType":"heading","elType":"widget"},{"id":"44b83a05","settings":{"title":"turnaj\u016f","align":"center","title_color":"#FFFFFF","typography_typography":"custom","typography_font_family":"Montserrat","typography_font_size":{"unit":"px","size":45,"sizes":[]},"typography_font_size_tablet":{"unit":"px","size":35,"sizes":[]},"typography_font_weight":"600","text_shadow_text_shadow_type":"yes","text_shadow_text_shadow":{"horizontal":0,"vertical":0,"blur":20,"color":"#000000"}},"elements":[],"isInner":false,"widgetType":"heading","elType":"widget"}],"isInner":true,"elType":"column"},{"id":"45063e4c","settings":{"_column_size":33,"_inline_size":null,"_inline_size_tablet":50,"_inline_size_mobile":50,"padding_mobile":{"unit":"px","top":"0","right":"0","bottom":"0","left":"0","isLinked":true}},"elements":[{"id":"80244d","settings":{"title":"106","align":"center","title_color":"#FFFFFF","typography_typography":"custom","typography_font_family":"Montserrat","typography_font_size":{"unit":"px","size":60,"sizes":[]},"typography_font_size_tablet":{"unit":"px","size":35,"sizes":[]},"typography_font_weight":"600","text_shadow_text_shadow_type":"yes","text_shadow_text_shadow":{"horizontal":0,"vertical":0,"blur":20,"color":"#000000"},"_margin":{"unit":"px","top":"0","right":"0","bottom":"-15","left":"0","isLinked":false}},"elements":[],"isInner":false,"widgetType":"heading","elType":"widget"},{"id":"4aa29743","settings":{"title":"z\u00e1pas\u016f","align":"center","title_color":"#FFFFFF","typography_typography":"custom","typography_font_family":"Montserrat","typography_font_size":{"unit":"px","size":45,"sizes":[]},"typography_font_size_tablet":{"unit":"px","size":35,"sizes":[]},"typography_font_weight":"600","text_shadow_text_shadow_type":"yes","text_shadow_text_shadow":{"horizontal":0,"vertical":0,"blur":20,"color":"#000000"}},"elements":[],"isInner":false,"widgetType":"heading","elType":"widget"}],"isInner":true,"elType":"column"}],"isInner":true,"elType":"section"},{"id":"744f450","settings":{"space":{"unit":"px","size":5,"sizes":[]},"space_mobile":{"unit":"px","size":5,"sizes":[]}},"elements":[],"isInner":false,"widgetType":"spacer","elType":"widget"},{"id":"5d208575","settings":{"structure":"30","hide_tablet":"hidden-tablet","hide_mobile":"hidden-phone"},"elements":[{"id":"c686c6c","settings":{"_column_size":33,"_inline_size":null,"_inline_size_tablet":50,"_inline_size_mobile":50,"padding_mobile":{"unit":"px","top":"0","right":"0","bottom":"0","left":"0","isLinked":true}},"elements":[{"id":"59941c84","settings":{"title":"224","align":"center","title_color":"#FFFFFF","typography_typography":"custom","typography_font_family":"Montserrat","typography_font_size":{"unit":"px","size":60,"sizes":[]},"typography_font_size_tablet":{"unit":"px","size":35,"sizes":[]},"typography_font_weight":"600","text_shadow_text_shadow_type":"yes","text_shadow_text_shadow":{"horizontal":0,"vertical":0,"blur":20,"color":"#000000"},"_margin":{"unit":"px","top":"0","right":"0","bottom":"-15","left":"0","isLinked":false}},"elements":[],"isInner":false,"widgetType":"heading","elType":"widget"},{"id":"52e9dc38","settings":{"title":"set\u016f","align":"center","title_color":"#FFFFFF","typography_typography":"custom","typography_font_family":"Montserrat","typography_font_size":{"unit":"px","size":45,"sizes":[]},"typography_font_size_tablet":{"unit":"px","size":35,"sizes":[]},"typography_font_weight":"600","text_shadow_text_shadow_type":"yes","text_shadow_text_shadow":{"horizontal":0,"vertical":0,"blur":20,"color":"#000000"}},"elements":[],"isInner":false,"widgetType":"heading","elType":"widget"}],"isInner":true,"elType":"column"},{"id":"ddc513c","settings":{"_column_size":33,"_inline_size":null,"_inline_size_tablet":50,"_inline_size_mobile":50,"padding_mobile":{"unit":"px","top":"0","right":"0","bottom":"0","left":"0","isLinked":true}},"elements":[{"id":"59d20d3f","settings":{"title":"6665","align":"center","title_color":"#FFFFFF","typography_typography":"custom","typography_font_family":"Montserrat","typography_font_size":{"unit":"px","size":60,"sizes":[]},"typography_font_size_tablet":{"unit":"px","size":35,"sizes":[]},"typography_font_weight":"600","text_shadow_text_shadow_type":"yes","text_shadow_text_shadow":{"horizontal":0,"vertical":0,"blur":20,"color":"#000000"},"_margin":{"unit":"px","top":"0","right":"0","bottom":"-15","left":"0","isLinked":false}},"elements":[],"isInner":false,"widgetType":"heading","elType":"widget"},{"id":"37a7a5b1","settings":{"title":"v\u00fdm\u011bn","align":"center","title_color":"#FFFFFF","text_shadow_text_shadow_type":"yes","typography_typography":"custom","typography_font_family":"Montserrat","typography_font_size":{"unit":"px","size":45,"sizes":[]},"typography_font_size_tablet":{"unit":"px","size":35,"sizes":[]},"typography_font_weight":"600","text_shadow_text_shadow":{"horizontal":0,"vertical":0,"blur":20,"color":"#000000"}},"elements":[],"isInner":false,"widgetType":"heading","elType":"widget"}],"isInner":true,"elType":"column"},{"id":"69d80e96","settings":{"_column_size":33,"_inline_size":null,"_inline_size_tablet":50,"_inline_size_mobile":50,"padding_mobile":{"unit":"px","top":"0","right":"0","bottom":"0","left":"0","isLinked":true}},"elements":[{"id":"7a13847e","settings":{"title":"89","align":"center","title_color":"#FFFFFF","typography_typography":"custom","typography_font_family":"Montserrat","typography_font_size":{"unit":"px","size":60,"sizes":[]},"typography_font_size_tablet":{"unit":"px","size":35,"sizes":[]},"typography_font_weight":"600","text_shadow_text_shadow_type":"yes","text_shadow_text_shadow":{"horizontal":0,"vertical":0,"blur":20,"color":"#000000"},"_margin":{"unit":"px","top":"0","right":"0","bottom":"-15","left":"0","isLinked":false}},"elements":[],"isInner":false,"widgetType":"heading","elType":"widget"},{"id":"5f84372c","settings":{"title":"hr\u00e1\u010d\u016f","align":"center","title_color":"#FFFFFF","typography_typography":"custom","typography_font_family":"Montserrat","typography_font_size_tablet":{"unit":"px","size":35,"sizes":[]},"typography_font_weight":"600","text_shadow_text_shadow_type":"yes","text_shadow_text_shadow":{"horizontal":0,"vertical":0,"blur":20,"color":"#000000"}},"elements":[],"isInner":false,"widgetType":"heading","elType":"widget"}],"isInner":true,"elType":"column"}],"isInner":true,"elType":"section"},{"id":"7b091867","settings":{"structure":"20","hide_desktop":"hidden-desktop"},"elements":[{"id":"31ebc19a","settings":{"_column_size":50,"_inline_size":null,"_inline_size_tablet":50,"_inline_size_mobile":50,"padding_mobile":{"unit":"px","top":"0","right":"0","bottom":"0","left":"0","isLinked":true}},"elements":[{"id":"3752cf97","settings":{"title":"106","align":"center","title_color":"#FFFFFF","typography_typography":"custom","typography_font_family":"Montserrat","typography_font_size":{"unit":"px","size":45,"sizes":[]},"typography_font_size_tablet":{"unit":"px","size":55,"sizes":[]},"typography_font_weight":"600","text_shadow_text_shadow_type":"yes","text_shadow_text_shadow":{"horizontal":0,"vertical":0,"blur":20,"color":"#000000"},"_margin_tablet":{"unit":"px","top":"0","right":"0","bottom":"-15","left":"0","isLinked":false}},"elements":[],"isInner":false,"widgetType":"heading","elType":"widget"},{"id":"50bc35f2","settings":{"title":"z\u00e1pas\u016f","align":"center","title_color":"#FFFFFF","typography_typography":"custom","typography_font_family":"Montserrat","typography_font_size":{"unit":"px","size":45,"sizes":[]},"typography_font_size_tablet":{"unit":"px","size":35,"sizes":[]},"typography_font_weight":"600","text_shadow_text_shadow_type":"yes","text_shadow_text_shadow":{"horizontal":0,"vertical":0,"blur":20,"color":"#000000"}},"elements":[],"isInner":false,"widgetType":"heading","elType":"widget"}],"isInner":true,"elType":"column"},{"id":"51adda64","settings":{"_column_size":50,"_inline_size":null,"_inline_size_tablet":50,"_inline_size_mobile":50,"padding_mobile":{"unit":"px","top":"0","right":"0","bottom":"0","left":"0","isLinked":true}},"elements":[{"id":"5860773b","settings":{"title":"224","align":"center","title_color":"#FFFFFF","typography_typography":"custom","typography_font_family":"Montserrat","typography_font_size":{"unit":"px","size":45,"sizes":[]},"typography_font_size_tablet":{"unit":"px","size":55,"sizes":[]},"typography_font_weight":"600","text_shadow_text_shadow_type":"yes","text_shadow_text_shadow":{"horizontal":0,"vertical":0,"blur":20,"color":"#000000"},"_margin_tablet":{"unit":"px","top":"0","right":"0","bottom":"-15","left":"0","isLinked":false}},"elements":[],"isInner":false,"widgetType":"heading","elType":"widget"},{"id":"fe78b","settings":{"title":"set\u016f","align":"center","title_color":"#FFFFFF","typography_typography":"custom","typography_font_family":"Montserrat","typography_font_size":{"unit":"px","size":45,"sizes":[]},"typography_font_size_tablet":{"unit":"px","size":35,"sizes":[]},"typography_font_weight":"600","text_shadow_text_shadow_type":"yes","text_shadow_text_shadow":{"horizontal":0,"vertical":0,"blur":20,"color":"#000000"}},"elements":[],"isInner":false,"widgetType":"heading","elType":"widget"}],"isInner":true,"elType":"column"}],"isInner":true,"elType":"section"},{"id":"5236214e","settings":{"space":{"unit":"px","size":5,"sizes":[]},"space_mobile":{"unit":"px","size":5,"sizes":[]},"hide_desktop":"hidden-desktop"},"elements":[],"isInner":false,"widgetType":"spacer","elType":"widget"},{"id":"2b92c39d","settings":{"structure":"20","hide_desktop":"hidden-desktop"},"elements":[{"id":"4a7fda9d","settings":{"_column_size":50,"_inline_size":null,"_inline_size_tablet":50,"_inline_size_mobile":50,"padding_mobile":{"unit":"px","top":"0","right":"0","bottom":"0","left":"0","isLinked":true}},"elements":[{"id":"16ce3cd4","settings":{"title":"6665","align":"center","title_color":"#FFFFFF","typography_typography":"custom","typography_font_family":"Montserrat","typography_font_size":{"unit":"px","size":45,"sizes":[]},"typography_font_size_tablet":{"unit":"px","size":55,"sizes":[]},"typography_font_weight":"600","text_shadow_text_shadow_type":"yes","text_shadow_text_shadow":{"horizontal":0,"vertical":0,"blur":20,"color":"#000000"},"_margin_tablet":{"unit":"px","top":"0","right":"0","bottom":"-15","left":"0","isLinked":false}},"elements":[],"isInner":false,"widgetType":"heading","elType":"widget"},{"id":"20d975d6","settings":{"title":"v\u00fdm\u011bn","align":"center","title_color":"#FFFFFF","text_shadow_text_shadow_type":"yes","typography_typography":"custom","typography_font_family":"Montserrat","typography_font_size":{"unit":"px","size":45,"sizes":[]},"typography_font_size_tablet":{"unit":"px","size":35,"sizes":[]},"typography_font_weight":"600","text_shadow_text_shadow":{"horizontal":0,"vertical":0,"blur":20,"color":"#000000"}},"elements":[],"isInner":false,"widgetType":"heading","elType":"widget"}],"isInner":true,"elType":"column"},{"id":"c8c21cd","settings":{"_column_size":50,"_inline_size":null,"_inline_size_tablet":50,"_inline_size_mobile":50,"padding_mobile":{"unit":"px","top":"0","right":"0","bottom":"0","left":"0","isLinked":true}},"elements":[{"id":"5501de82","settings":{"title":"89","align":"center","title_color":"#FFFFFF","typography_typography":"custom","typography_font_family":"Montserrat","typography_font_size":{"unit":"px","size":45,"sizes":[]},"typography_font_size_tablet":{"unit":"px","size":55,"sizes":[]},"typography_font_weight":"600","text_shadow_text_shadow_type":"yes","text_shadow_text_shadow":{"horizontal":0,"vertical":0,"blur":20,"color":"#000000"},"_margin_tablet":{"unit":"px","top":"0","right":"0","bottom":"-15","left":"0","isLinked":false}},"elements":[],"isInner":false,"widgetType":"heading","elType":"widget"},{"id":"3f7e62a6","settings":{"title":"hr\u00e1\u010d\u016f","align":"center","title_color":"#FFFFFF","typography_typography":"custom","typography_font_family":"Montserrat","typography_font_size_tablet":{"unit":"px","size":35,"sizes":[]},"typography_font_weight":"600","text_shadow_text_shadow_type":"yes","text_shadow_text_shadow":{"horizontal":0,"vertical":0,"blur":20,"color":"#000000"}},"elements":[],"isInner":false,"widgetType":"heading","elType":"widget"}],"isInner":true,"elType":"column"}],"isInner":true,"elType":"section"}],"isInner":"","elType":"column"}],"isInner":"","elType":"section"},{"id":"3d22692b","settings":{"content_width":{"unit":"px","size":1024},"custom_height":{"unit":"px","size":"120"},"content_position":"middle","background_background":"classic","background_color":"#003E53","padding":{"unit":"px","top":"0","right":"0","bottom":"30","left":"0","isLinked":""},"padding_tablet":{"unit":"px","top":"15","right":"20","bottom":"20","left":"20","isLinked":""},"padding_mobile":{"unit":"px","top":"30","right":"30","bottom":"30","left":"30","isLinked":"1"},"_title":"See stats","structure":"20","custom_css":"@media(max-width: 767px){\n    selector .elementor-button-wrapper {\n        padding: 0 20%;\n    }\n}\n\n@media(max-width: 490px){\n    selector .elementor-button-wrapper {\n        padding: 0 10%;\n    }\n}\n"},"elements":[{"id":"5d6e0361","settings":{"_column_size":50,"_inline_size":83,"padding":{"unit":"%","top":"0","right":"0","bottom":"0","left":"0","isLinked":true},"_inline_size_tablet":70,"align":"flex-end","align_tablet":"flex-end","align_mobile":"center","padding_tablet":{"unit":"%","top":"0","right":"0","bottom":"0","left":"0","isLinked":true},"padding_mobile":{"unit":"px","top":"5","right":"5","bottom":"5","left":"5","isLinked":true}},"elements":[{"id":"5450bc82","settings":{"text":"Historick\u00e1 tabulka","align":"right","align_mobile":"justify","size":"md","icon":"fa fa-angle-double-right","icon_align":"right","border_radius":{"unit":"px","top":"2","right":"2","bottom":"2","left":"2","isLinked":"1"},"selected_icon":{"value":"fas fa-angle-right","library":"fa-solid"},"__fa4_migrated":{"selected_icon":true},"link":{"url":"https:\/\/www.rozvedcik-volejbal.cz\/stats\/","is_external":"","nofollow":"","custom_attributes":""},"__globals__":{"background_color":"","typography_typography":"globals\/typography?id=primary","button_background_hover_color":"globals\/colors?id=secondary"},"background_color":"#E4BC36","icon_indent":{"unit":"px","size":8,"sizes":[]},"_element_width":"inherit","typography_typography":"custom","typography_font_family":"Montserrat","typography_font_weight":"600","button_background_hover_color":"#8DACA6"},"elements":[],"isInner":false,"widgetType":"button","elType":"widget"}],"isInner":"","elType":"column"},{"id":"46e2a215","settings":{"_column_size":50,"_inline_size":17,"_inline_size_tablet":25,"padding_mobile":{"unit":"px","top":"5","right":"5","bottom":"5","left":"5","isLinked":true}},"elements":[{"id":"726ae16a","settings":{"text":"Galerie","align":"right","align_mobile":"justify","size":"md","icon":"fa fa-angle-double-right","icon_align":"right","border_radius":{"unit":"px","top":"2","right":"2","bottom":"2","left":"2","isLinked":"1"},"selected_icon":{"value":"fas fa-angle-right","library":"fa-solid"},"__fa4_migrated":{"selected_icon":true},"link":{"url":"https:\/\/www.rozvedcik-volejbal.cz\/gallery","is_external":"","nofollow":"","custom_attributes":""},"__globals__":{"background_color":"globals\/colors?id=6e40ef7","typography_typography":"globals\/typography?id=primary","button_background_hover_color":"globals\/colors?id=secondary"},"background_color":"#e4bc36","icon_indent":{"unit":"px","size":8,"sizes":[]},"_margin":{"unit":"px","top":"0","right":"0","bottom":"0","left":"0","isLinked":false},"_element_width":"inherit"},"elements":[],"isInner":false,"widgetType":"button","elType":"widget"}],"isInner":false,"elType":"column"}],"isInner":"","elType":"section"},{"id":"20458d46","settings":{"hide_desktop":"hidden-desktop","hide_tablet":"hidden-tablet","hide_mobile":"hidden-mobile"},"elements":[{"id":"13aa8a18","settings":{"_column_size":100,"_inline_size":null},"elements":[{"id":"18f98599","settings":{"look":"line_icon","text":"Odd\u011blova\u010d","icon":{"value":"fas fa-volleyball-ball","library":"fa-solid"},"weight":{"unit":"px","size":2,"sizes":[]},"gap":{"unit":"px","size":2,"sizes":[]},"__globals__":{"color":"globals\/colors?id=secondary"}},"elements":[],"isInner":false,"widgetType":"divider","elType":"widget"}],"isInner":false,"elType":"column"}],"isInner":false,"elType":"section"},{"id":"68961f04","settings":{"content_width":{"unit":"px","size":1024},"content_position":"middle","structure":"20","padding":{"unit":"px","top":"70","right":"0","bottom":"50","left":"0","isLinked":""},"padding_tablet":{"unit":"px","top":"30","right":"30","bottom":"60","left":"30","isLinked":""},"reverse_order_mobile":"reverse-mobile","_title":"Coming soon","custom_css":"selector .eael-countdown-label{\n    padding-top: 7px;\n}","padding_mobile":{"unit":"px","top":"30","right":"0","bottom":"10","left":"0","isLinked":false}},"elements":[{"id":"67e2461f","settings":{"_column_size":"50"},"elements":[{"id":"399f11f6","settings":{"image":{"url":"https:\/\/www.rozvedcik-volejbal.cz\/wp-content\/uploads\/2021\/12\/20211218_145350-scaled.jpg","id":3865,"alt":"","source":"library"},"image_size":"medium_large"},"elements":[],"isInner":false,"widgetType":"image","elType":"widget"}],"isInner":false,"elType":"column"},{"id":"12830b5e","settings":{"_column_size":"50","padding":{"unit":"px","top":"0","right":"0","bottom":"0","left":"60","isLinked":""},"padding_mobile":{"unit":"px","top":"0","right":"0","bottom":"9","left":"0","isLinked":""}},"elements":[{"id":"5ceb2e7e","settings":{"title":"Rozv\u011bd\u010d\u00edk - BEACH 2023","header_size":"h3","align_mobile":"center","title_color":"#8daca6","__globals__":{"typography_typography":"globals\/typography?id=primary"},"_padding_mobile":{"unit":"px","top":"0","right":"3","bottom":"0","left":"3","isLinked":false}},"elements":[],"isInner":false,"widgetType":"heading","elType":"widget"},{"id":"7453bf9b","settings":{"editor":"Druh\u00fd ro\u010dn\u00edk losovan\u00e9ho beachov\u00e9ho (narozeninov\u00e9ho) turnaje se uskute\u010dn\u00ed 7.11.2023.","align_mobile":"center","__globals__":{"typography_typography":"globals\/typography?id=primary"},"_padding_mobile":{"unit":"px","top":"0","right":"3","bottom":"0","left":"3","isLinked":false}},"elements":[],"isInner":false,"widgetType":"text-editor","elType":"widget"}],"isInner":false,"elType":"column"}],"isInner":"","elType":"section"},{"id":"65465db2","settings":{"content_width":{"unit":"px","size":1024,"sizes":[]},"background_background":"classic","padding":{"unit":"px","top":"40","right":"0","bottom":"50","left":"0","isLinked":false},"__globals__":{"background_color":"globals\/colors?id=7fcabb5"},"padding_mobile":{"unit":"px","top":"20","right":"0","bottom":"0","left":"0","isLinked":false}},"elements":[{"id":"28faba9b","settings":{"_column_size":100,"_inline_size":null},"elements":[{"id":"c434789","settings":{"structure":"21"},"elements":[{"id":"34e0d577","settings":{"_column_size":33,"_inline_size":2.5480000000000000426325641456060111522674560546875},"elements":[{"id":"48cb9c70","settings":{"image":{"url":"","id":"","alt":"","source":"library"}},"elements":[],"isInner":false,"widgetType":"image","elType":"widget"}],"isInner":true,"elType":"column"},{"id":"6caf5100","settings":{"_column_size":66,"_inline_size":97.0529999999999972715158946812152862548828125},"elements":[{"id":"5b31ee1","settings":{"title":"Co je Rozv\u011bd\u010d\u00edk?","align":"center","typography_typography":"custom","typography_font_family":"Montserrat","typography_font_size":{"unit":"px","size":35,"sizes":[]},"typography_font_weight":"600","align_mobile":"center"},"elements":[],"isInner":false,"widgetType":"heading","elType":"widget"},{"id":"5c0964d5","settings":{"editor":"Rozv\u011bd\u010d\u00edk je kr\u00e1sn\u00e1 chatov\u00e1 osada u\u00a0\u0159eky Berounky mezi K\u0159ivokl\u00e1tsk\u00fdmi lesy. Volejbalov\u00e9 a nohejbalov\u00e9 turnaje se zde po\u0159\u00e1daly od\u00a0za\u010d\u00e1tku 90.&nbsp;let.\n<br><br>\nLosovan\u00fd sm\u00ed\u0161en\u00fd volejbalov\u00fd turnaj po\u0159\u00e1d\u00e1me na Rozv\u011bd\u010d\u00edku od roku&nbsp;2019. V roce&nbsp;2021 jsme se rozhodli turnaj rozd\u011blit na dv\u011b \u00farovn\u011b \u2013 Profi a Hobby. \u00darove\u0148 profi turnaje je mezi extraligou a krajsk\u00fdmi p\u0159ebory. \u00darove\u0148 hobby turnaje se pohybuje mezi vy\u0161\u0161\u00edmi ligami AVL a krajsk\u00fdmi p\u0159ebory. Nav\u00edc jsme v&nbsp;roce 2021 uspo\u0159\u00e1dali prvn\u00ed beachovou verzi turnaje (losov\u00e1n\u00ed z\u016fstalo zachov\u00e1no).\n<br><br>\nObvykle se na\u00a0volejbalov\u00e9m turnaji sejde 30\u00a0hr\u00e1\u010d\u016f, kte\u0159\u00ed se rozlosuj\u00ed do\u00a05&nbsp;t\u00fdm\u016f, ale u\u017e jsme si vyzkou\u0161eli i dvojturnajov\u00fd syst\u00e9m pro 24&nbsp;lid\u00ed.\n","__globals__":{"typography_typography":"globals\/typography?id=primary","text_color":"globals\/colors?id=primary"},"align_mobile":"justify","align":"justify","custom_css":"@media(max-width: 600px){\n    selector .elementor-widget-container {\n        text-align: center;\n    }\n}"},"elements":[],"isInner":false,"widgetType":"text-editor","elType":"widget"}],"isInner":true,"elType":"column"}],"isInner":true,"elType":"section"}],"isInner":false,"elType":"column"}],"isInner":false,"elType":"section"},{"id":"6fad7958","settings":{"content_width":{"unit":"px","size":1024},"background_background":"classic","shape_divider_bottom":"arrow","shape_divider_bottom_color":"#003e53","shape_divider_bottom_negative":"yes","padding":{"unit":"px","top":"40","right":"0","bottom":"60","left":"0","isLinked":""},"padding_tablet":{"unit":"px","top":"30","right":"30","bottom":"30","left":"30","isLinked":"1"},"background_color_b":"rgba(210,233,225,0.37)","background_gradient_angle":{"unit":"deg","size":"260"},"_title":"About","__globals__":{"background_color":"globals\/colors?id=accent"}},"elements":[{"id":"61f66ca3","settings":{"_column_size":100,"_inline_size":null},"elements":[{"id":"1e1954d1","settings":{"title":"Mezin\u00e1rodn\u00ed ohlasy","align":"center","title_color":"#003E53","typography_typography":"custom","typography_font_family":"Montserrat","typography_font_size":{"unit":"px","size":35,"sizes":[]},"typography_font_weight":"600","__globals__":{"title_color":"globals\/colors?id=7fcabb5","typography_typography":""}},"elements":[],"isInner":false,"widgetType":"heading","elType":"widget"},{"id":"c8d2b27","settings":{"slides":[{"content":"Rozv\u011bd\u010d\u00edk was the nicest tournament on clay I have ever attended. But to be honest, it was the only one...","name":"Luke Smith","title":"Australia National Team Player","image":{"url":"https:\/\/www.rozvedcik-volejbal.cz\/wp-content\/uploads\/2021\/08\/luke-e1628075291783.jpg","id":1969,"alt":"","source":"library"},"_id":"1e2c5d4"},{"content":"In 2020 I found my one true love there!","name":"Cabbage","title":"Happily married since 10.08.2024","image":{"url":"https:\/\/www.rozvedcik-volejbal.cz\/wp-content\/uploads\/2021\/07\/vojta_zuzka_final_hp.png","id":1277,"alt":"","source":"library"},"_id":"d253b8c"},{"content":"Some of the girls there were even hotter than me...","name":"Pork Shoulder Steak","title":"just taken off the grill","image":{"url":"https:\/\/www.rozvedcik-volejbal.cz\/wp-content\/uploads\/2021\/07\/steak-e1627683946493.jpg","id":1294,"alt":"","source":"library"},"_id":"183a9ee"},{"_id":"73be83a","content":"\u041f\u0438\u0445\u0430\u0442\u044c!","name":"\u0412\u0430\u043b\u0435\u0440\u0438\u0439 \u0422****","title":"4:15&nbsp;AM","image":{"url":"https:\/\/www.rozvedcik-volejbal.cz\/wp-content\/uploads\/2021\/07\/final.png","id":1269,"alt":"","source":"library"}},{"content":"Once,  they named a team after me and yet did not invite me...","name":"Bruno Rezende","title":"Brazil National Team Player","image":{"url":"https:\/\/www.rozvedcik-volejbal.cz\/wp-content\/uploads\/2021\/08\/bruno-e1628075251840.png","id":2054,"alt":"","source":"library"},"_id":"d2b083e"}],"content_typography_typography":"custom","content_typography_font_family":"Montserrat","content_typography_font_size":{"unit":"px","size":25,"sizes":[]},"content_typography_font_weight":"500","name_typography_typography":"custom","name_typography_font_family":"Montserrat","name_typography_font_size":{"unit":"px","size":22,"sizes":[]},"name_typography_font_weight":"700","title_typography_typography":"custom","title_typography_font_family":"Montserrat","title_typography_font_size":{"unit":"px","size":20,"sizes":[]},"title_typography_font_weight":"500","title_typography_text_transform":"uppercase","image_size":{"unit":"px","size":80,"sizes":[]},"arrows_size":{"unit":"px","size":30,"sizes":[]},"pagination_size":{"unit":"px","size":10,"sizes":[]},"slides_per_view":"1","image_gap":{"unit":"px","size":20,"sizes":[]},"__globals__":{"content_typography_typography":"","name_typography_typography":"","title_typography_typography":"","content_color":"globals\/colors?id=7fcabb5","name_color":"globals\/colors?id=7fcabb5","title_color":"globals\/colors?id=7fcabb5","arrows_color":"globals\/colors?id=7fcabb5","pagination_color":"globals\/colors?id=7fcabb5"},"slide_border_size":{"unit":"px","top":"0","right":"0","bottom":"0","left":"0","isLinked":false}},"elements":[],"isInner":false,"widgetType":"testimonial-carousel","elType":"widget"}],"isInner":false,"elType":"column"}],"isInner":"","elType":"section"},{"id":"4e3c91bb","settings":{"content_width":{"unit":"px","size":1024,"sizes":[]},"background_background":"classic","padding":{"unit":"px","top":"30","right":"0","bottom":"20","left":"0","isLinked":false},"__globals__":{"background_color":"globals\/colors?id=7fcabb5"},"_element_id":"contact"},"elements":[{"id":"2895be2f","settings":{"_column_size":100,"_inline_size":null},"elements":[{"id":"5d292fe0","settings":{"title":"Kontakt","align":"center","typography_typography":"custom","typography_font_family":"Montserrat","typography_font_size":{"unit":"px","size":35,"sizes":[]},"typography_font_weight":"500","__globals__":{"typography_typography":"","title_color":"globals\/colors?id=primary"}},"elements":[],"isInner":false,"widgetType":"heading","elType":"widget"},{"id":"7d7b4c92","settings":{"structure":"20","margin":{"unit":"px","top":"-15","right":0,"bottom":"0","left":0,"isLinked":false},"margin_mobile":{"unit":"px","top":"5","right":0,"bottom":"0","left":0,"isLinked":false}},"elements":[{"id":"54e29d85","settings":{"_column_size":50,"_inline_size":null,"content_position":"center"},"elements":[{"id":"58d16b88","settings":{"title":"B\u00e1ra Horn\u00edkov\u00e1","header_size":"h3","align_mobile":"center","typography_typography":"custom","typography_font_size":{"unit":"px","size":25,"sizes":[]},"typography_font_family":"Montserrat","typography_font_weight":"500","__globals__":{"typography_typography":"","title_color":""},"_padding":{"unit":"px","top":"0","right":"0","bottom":"0","left":"0","isLinked":true},"align":"left","title_color":"#FFFFFF"},"elements":[],"isInner":false,"widgetType":"heading","elType":"widget"}],"isInner":true,"elType":"column"},{"id":"4a678f98","settings":{"_column_size":50,"_inline_size":null},"elements":[{"id":"6899ac6","settings":{"social_icon_list":[{"_id":"645f9f1","social_icon":{"value":"fas fa-envelope","library":"fa-solid"},"link":{"url":"mailto:barbora.hornikova@outlook.com","is_external":"true","nofollow":"","custom_attributes":""},"item_icon_color":"custom","__globals__":{"item_icon_primary_color":"globals\/colors?id=primary","item_icon_secondary_color":"globals\/colors?id=7fcabb5"}},{"social_icon":{"value":"fab fa-facebook","library":"fa-brands"},"_id":"22080b2","item_icon_color":"custom","__globals__":{"item_icon_primary_color":"globals\/colors?id=primary","item_icon_secondary_color":"globals\/colors?id=7fcabb5"},"link":{"url":"https:\/\/www.facebook.com\/bara.hornikova.3","is_external":"true","nofollow":"","custom_attributes":""}}],"align":"right","align_mobile":"center","icon_size":{"unit":"px","size":20,"sizes":[]},"shape":"square","border_radius":{"unit":"px","top":"2","right":"2","bottom":"2","left":"2","isLinked":true},"hover_animation":"bounce-in"},"elements":[],"isInner":false,"widgetType":"social-icons","elType":"widget"}],"isInner":true,"elType":"column"}],"isInner":true,"elType":"section"},{"id":"131d98f4","settings":{"structure":"20","margin":{"unit":"px","top":"0","right":0,"bottom":"0","left":0,"isLinked":false}},"elements":[{"id":"50d2173a","settings":{"_column_size":50,"_inline_size":null,"content_position":"center"},"elements":[{"id":"20217a36","settings":{"title":"H\u0159i\u0161t\u011b Rozv\u011bd\u010d\u00edk","header_size":"h3","align_mobile":"center","typography_typography":"custom","typography_font_size":{"unit":"px","size":25,"sizes":[]},"typography_font_family":"Montserrat","typography_font_weight":"500","__globals__":{"typography_typography":"","title_color":""},"_padding":{"unit":"px","top":"0","right":"0","bottom":"0","left":"0","isLinked":true},"align":"left","title_color":"#FFFFFF"},"elements":[],"isInner":false,"widgetType":"heading","elType":"widget"}],"isInner":true,"elType":"column"},{"id":"66ec448c","settings":{"_column_size":50,"_inline_size":null},"elements":[{"id":"2fe1a421","settings":{"social_icon_list":[{"social_icon":{"value":"fab fa-facebook","library":"fa-brands"},"_id":"22080b2","item_icon_color":"custom","__globals__":{"item_icon_primary_color":"globals\/colors?id=primary","item_icon_secondary_color":"globals\/colors?id=7fcabb5"},"link":{"url":"https:\/\/www.facebook.com\/pages\/category\/Community\/Rozv%C4%9Bd%C4%8D%C3%ADk-h%C5%99i%C5%A1t%C4%9B-1616476648635396\/","is_external":"true","nofollow":"","custom_attributes":""}}],"align":"right","align_mobile":"center","icon_size":{"unit":"px","size":20,"sizes":[]},"shape":"square","border_radius":{"unit":"px","top":"2","right":"2","bottom":"2","left":"2","isLinked":true},"hover_animation":"bounce-in","_padding_mobile":{"unit":"px","top":"0","right":"0","bottom":"0","left":"3","isLinked":false}},"elements":[],"isInner":false,"widgetType":"social-icons","elType":"widget"}],"isInner":true,"elType":"column"}],"isInner":true,"elType":"section"},{"id":"14e75fd8","settings":{"padding":{"unit":"px","top":"20","right":"35","bottom":"0","left":"35","isLinked":false},"padding_mobile":{"unit":"px","top":"10","right":"0","bottom":"0","left":"0","isLinked":false}},"elements":[{"id":"59d1b32a","settings":{"_column_size":100,"_inline_size":null},"elements":[{"id":"4f4f1a40","settings":{"address":"50\u00b000'15.8\"N 13\u00b049'16.7\"E","height":{"unit":"px","size":373,"sizes":[]}},"elements":[],"isInner":false,"widgetType":"google_maps","elType":"widget"}],"isInner":true,"elType":"column"}],"isInner":true,"elType":"section"}],"isInner":false,"elType":"column"}],"isInner":false,"elType":"section"},{"id":"39e6c9d0","settings":{"background_background":"classic","__globals__":{"background_color":"globals\/colors?id=7fcabb5"},"content_width":{"unit":"px","size":1024,"sizes":[]},"padding":{"unit":"px","top":"20","right":"0","bottom":"20","left":"0","isLinked":false},"padding_mobile":{"unit":"px","top":"0","right":"0","bottom":"0","left":"0","isLinked":false}},"elements":[{"id":"29510ed1","settings":{"_column_size":100,"_inline_size":null,"align":"center"},"elements":[{"id":"3ccd977f","settings":{"title":"VAB \u00a9 2022 ","typography_typography":"custom","typography_font_family":"Montserrat","typography_font_size":{"unit":"px","size":15,"sizes":[]},"typography_font_weight":"300","_element_width":"auto","__globals__":{"typography_typography":"","title_color":"globals\/colors?id=primary"},"align":"center","align_tablet":"center","custom_css":"selector .elementor-heading-title {\n    line-height: 1.4;\n}"},"elements":[],"isInner":false,"widgetType":"heading","elType":"widget"}],"isInner":false,"elType":"column"}],"isInner":false,"elType":"section"}],"settings":{"template":"default","eael_ext_toc_title":"Table of Contents","custom_css":"@media(max-width: 767px){\n    .flex-reversed-section > div{\n        flex-direction: column-reverse;\n    }\n}"},"metadata":[]}