{"content":[{"id":"5458178f","settings":{"content_width":{"unit":"px","size":1024,"sizes":[]},"background_background":"classic","__globals__":{"background_color":"globals\/colors?id=7fcabb5"},"hide_mobile":"hidden-mobile"},"elements":[{"id":"30d180f3","settings":{"_column_size":100,"_inline_size":null},"elements":[{"id":"2462d475","settings":{"align_items":"center","dropdown":"mobile","text_align":"center","color_menu_item":"#FFFFFF","color_menu_item_hover":"#FFFFFF","pointer_color_menu_item_hover":"#FFFFFF","pointer_color_menu_item_active":"#003E53","dropdown_typography_typography":"custom","dropdown_typography_font_family":"Montserrat","dropdown_typography_font_size":{"unit":"px","size":16,"sizes":[]},"dropdown_typography_font_weight":"500","toggle_size":{"unit":"px","size":20,"sizes":[]},"toggle_border_width":{"unit":"px","size":3,"sizes":[]},"toggle_border_radius":{"unit":"px","size":2,"sizes":[]},"__globals__":{"color_menu_item":"globals\/colors?id=primary","color_menu_item_hover":"globals\/colors?id=primary","pointer_color_menu_item_hover":"globals\/colors?id=6e40ef7","pointer_color_menu_item_active":"globals\/colors?id=primary","dropdown_typography_typography":"","color_dropdown_item":"globals\/colors?id=primary","background_color_dropdown_item":"globals\/colors?id=7fcabb5","color_dropdown_item_hover":"globals\/colors?id=primary","background_color_dropdown_item_hover":"globals\/colors?id=6e40ef7","color_dropdown_item_active":"globals\/colors?id=6e40ef7","background_color_dropdown_item_active":"globals\/colors?id=7fcabb5","toggle_color":"globals\/colors?id=7fcabb5","toggle_background_color":"globals\/colors?id=primary","toggle_color_hover":"globals\/colors?id=6e40ef7","toggle_background_color_hover":"globals\/colors?id=primary"},"submenu_icon":{"value":"fas fa-angle-down","library":"fa-solid"},"animation_line":"grow"},"elements":[],"isInner":false,"widgetType":"nav-menu","elType":"widget"}],"isInner":false,"elType":"column"}],"isInner":false,"elType":"section"},{"id":"445c9320","settings":{"content_width":{"unit":"px","size":1024},"custom_height":{"unit":"px","size":105},"content_position":"middle","structure":"20","padding_tablet":{"unit":"px","top":"0","right":"20","bottom":"0","left":"20","isLinked":""},"padding_mobile":{"unit":"px","top":"25","right":"25","bottom":"25","left":"25","isLinked":"1"},"_title":"Header","background_background":"classic","hide_desktop":"hidden-desktop","hide_tablet":"hidden-tablet","custom_css":"@media(max-width: 510px){\n    selector .to-be-even {\n        width: 100%;\n    }\n    \n    selector .elementor-menu-toggle {\n        margin: 0 auto;\n    }\n}","__globals__":{"background_color":"globals\/colors?id=7fcabb5"}},"elements":[{"id":"347b4c77","settings":{"_column_size":"50","_inline_size":24,"_inline_size_tablet":65,"_inline_size_mobile":50,"css_classes":"to-be-even"},"elements":[{"id":"314ee952","settings":{"title":"Rozv\u011bd\u010d\u00edk","header_size":"p","align_mobile":"center","typography_typography":"custom","typography_font_family":"Montserrat","typography_font_weight":"600","__globals__":{"typography_typography":"","title_color":""},"typography_font_size":{"unit":"px","size":35,"sizes":[]},"typography_text_transform":"uppercase"},"elements":[],"isInner":false,"widgetType":"heading","elType":"widget"}],"isInner":"","elType":"column"},{"id":"57d22dd4","settings":{"_column_size":"50","space_between_widgets":5,"_inline_size":75.897999999999996134647517465054988861083984375,"_inline_size_tablet":35,"_inline_size_mobile":50,"css_classes":"to-be-even"},"elements":[{"id":"c869f27","settings":{"align_items":"center","dropdown":"mobile","text_align":"center","color_menu_item":"#FFFFFF","color_menu_item_hover":"#FFFFFF","pointer_color_menu_item_hover":"#FFFFFF","pointer_color_menu_item_active":"#003E53","dropdown_typography_typography":"custom","dropdown_typography_font_family":"Montserrat","dropdown_typography_font_size":{"unit":"px","size":16,"sizes":[]},"dropdown_typography_font_weight":"500","toggle_size":{"unit":"px","size":20,"sizes":[]},"toggle_border_width":{"unit":"px","size":3,"sizes":[]},"toggle_border_radius":{"unit":"px","size":2,"sizes":[]},"__globals__":{"color_menu_item":"globals\/colors?id=primary","color_menu_item_hover":"globals\/colors?id=primary","pointer_color_menu_item_hover":"globals\/colors?id=6e40ef7","pointer_color_menu_item_active":"globals\/colors?id=primary","dropdown_typography_typography":"","color_dropdown_item":"globals\/colors?id=primary","background_color_dropdown_item":"globals\/colors?id=7fcabb5","color_dropdown_item_hover":"globals\/colors?id=primary","background_color_dropdown_item_hover":"globals\/colors?id=6e40ef7","color_dropdown_item_active":"globals\/colors?id=6e40ef7","background_color_dropdown_item_active":"globals\/colors?id=7fcabb5","toggle_color":"globals\/colors?id=7fcabb5","toggle_background_color":"globals\/colors?id=primary","toggle_color_hover":"globals\/colors?id=6e40ef7","toggle_background_color_hover":"globals\/colors?id=primary"},"submenu_icon":{"value":"fas fa-angle-down","library":"fa-solid"},"animation_line":"grow","toggle_align":"right"},"elements":[],"isInner":false,"widgetType":"nav-menu","elType":"widget"}],"isInner":"","elType":"column"}],"isInner":"","elType":"section"},{"id":"1715edad","settings":{"content_width":{"unit":"px","size":1024,"sizes":[]},"background_background":"gradient","background_color":"#FFFFFF","background_color_b":"#FFFFFF40","__globals__":{"background_color":"globals\/colors?id=primary","background_color_b":""},"background_color_b_stop":{"unit":"%","size":40,"sizes":[]}},"elements":[{"id":"664647df","settings":{"_column_size":100,"_inline_size":null},"elements":[{"id":"50054faa","settings":{"structure":"20"},"elements":[{"id":"150993a4","settings":{"_column_size":50,"_inline_size":null,"border_border":"solid","border_width":{"unit":"px","top":"2","right":"2","bottom":"2","left":"2","isLinked":true},"border_radius":{"unit":"px","top":"2","right":"2","bottom":"2","left":"2","isLinked":true},"margin":{"unit":"px","top":"10","right":"10","bottom":"10","left":"10","isLinked":true},"padding":{"unit":"px","top":"10","right":"10","bottom":"10","left":"10","isLinked":true},"custom_css":"selector .elementor-widget-wrap {\r\n        flex-direction: column;\r\n}\r\n\r\nselector .align-to-bottom {\r\n        margin-top: auto;\r\n}","__globals__":{"border_color":"globals\/colors?id=secondary","background_overlay_color":"globals\/colors?id=primary"},"background_background":"classic","background_image":{"url":"","id":"","alt":"","source":"library"},"background_overlay_background":"classic","background_overlay_opacity":{"unit":"px","size":1,"sizes":[]}},"elements":[{"id":"26747643","settings":{"eael_show_dch_icon_content":"","eael_show_dch_separator":"yes","eael_dch_first_title":"Coming soon:","eael_dch_last_title":"Rozv\u011bd\u010d\u00edk 2023&nbsp;-&nbsp;BEACH","eael_dch_subtext":"","eael_dch_base_title_color":"#003E53","eael_dch_dual_title_color":"#8DACA6","eael_dch_first_title_typography_typography":"custom","eael_dch_first_title_typography_font_family":"Montserrat","eael_dch_first_title_typography_font_weight":"600","eael_dch_first_title_typography_text_transform":"uppercase","eael_dch_subtext_color":"#8DACA6","eael_dch_subtext_typography_typography":"custom","eael_dch_subtext_typography_font_family":"Montserrat","eael_dch_subtext_typography_font_weight":"600","eael_dch_separator_left_width":{"unit":"%","size":20,"sizes":[]},"eael_dch_separator_left_height":{"unit":"px","size":2,"sizes":[]},"eael_dch_separator_left_bg_background":"classic","eael_dch_separator_left_bg_color":"#003E53","eael_dch_separator_right_width":{"unit":"%","size":20,"sizes":[]},"eael_dch_separator_right_height":{"unit":"px","size":2,"sizes":[]},"eael_dch_separator_right_bg_background":"classic","eael_dch_separator_right_bg_color":"#8DACA6","__globals__":{"eael_dch_subtext_typography_typography":"","eael_dch_first_title_typography_typography":"globals\/typography?id=secondary","eael_dch_subtext_color":"globals\/colors?id=secondary","eael_dch_dual_title_color":"globals\/colors?id=secondary","eael_dch_base_title_color":"globals\/colors?id=7fcabb5","eael_dch_separator_left_bg_color":"globals\/colors?id=7fcabb5","eael_dch_separator_right_bg_color":"globals\/colors?id=secondary"},"eael_section_dch_separator_margin":{"unit":"px","top":"0","right":"0","bottom":"6","left":"0","isLinked":false},"_padding":{"unit":"px","top":"0","right":"0","bottom":"32","left":"0","isLinked":false}},"elements":[],"isInner":false,"widgetType":"eael-dual-color-header","elType":"widget"},{"id":"753c41f1","settings":{"icon_list":[{"text":"7.1.2023 (9:30)","selected_icon":{"value":"far fa-calendar-alt","library":"fa-regular"},"_id":"443a850"},{"text":"Hamr Bran\u00edk","selected_icon":{"value":"fas fa-map-marker-alt","library":"fa-solid"},"_id":"52b396b","link":{"url":"","is_external":"on","nofollow":"","custom_attributes":""}},{"_id":"d388d5a","text":"V pr\u016fb\u011bhu dne mo\u017enost ob\u010derstven\u00ed v restauraci are\u00e1lu","selected_icon":{"value":"fas fa-pizza-slice","library":"fa-solid"}},{"text":"Kapacita 24 (voln\u00fdch 15)","selected_icon":{"value":"fas fa-users","library":"fa-solid"},"_id":"7276231"}],"icon_size":{"unit":"px","size":20,"sizes":[]},"__globals__":{"icon_color":"globals\/colors?id=secondary","icon_typography_typography":""},"link_click":"inline","icon_align":"left","icon_self_align":"center","icon_color":"#8DACA6","icon_typography_typography":"custom","icon_typography_font_family":"Montserrat","icon_typography_font_weight":"600","text_indent":{"unit":"px","size":15,"sizes":[]},"_padding":{"unit":"px","top":"0","right":"0","bottom":"0","left":"5","isLinked":false}},"elements":[],"isInner":false,"widgetType":"icon-list","elType":"widget"},{"id":"57a0409a","settings":{"tabs":[{"tab_title":"S k\u00fdm si zahraje\u0161?","tab_content":"<p>Ji\u0159\u00edk Neuwirth<\/p><p>Karel Mad\u011bra<\/p><p>\u0160utr<\/p><p>Zel\u00ed<\/p><p>B\u00e1ra<\/p><p>Hanka Vytiskov\u00e1<\/p><p>Il\u010da Rejmanov\u00e1<\/p><p>Martina Deverov\u00e1<\/p><p>Zuzka \u010cernohousov\u00e1<\/p><p style=\"line-height: var(--wp--typography--line-height, var(--global--line-height-body)); letter-spacing: -0.4px;\">\u00a0<\/p>","_id":"adb21fb"}],"selected_icon":{"value":"fas fa-angle-down","library":"fa-solid"},"selected_active_icon":{"value":"fas fa-angle-up","library":"fa-solid"},"border_color":"#FFFFFF","title_color":"#8DACA6","tab_active_color":"#003E53","title_typography_typography":"custom","title_typography_font_family":"Montserrat","title_typography_font_size":{"unit":"px","size":20,"sizes":[]},"title_typography_font_weight":"600","content_color":"#8DACA6","content_typography_typography":"custom","content_typography_font_family":"Montserrat","content_typography_font_size":{"unit":"px","size":20,"sizes":[]},"content_typography_font_weight":"500","content_typography_line_height":{"unit":"em","size":1.100000000000000088817841970012523233890533447265625,"sizes":[]},"content_typography_letter_spacing":{"unit":"px","size":-0.40000000000000002220446049250313080847263336181640625,"sizes":[]},"__globals__":{"title_typography_typography":"","tab_active_color":"globals\/colors?id=7fcabb5","title_color":"globals\/colors?id=secondary","content_typography_typography":"","border_color":"globals\/colors?id=primary","content_color":"globals\/colors?id=secondary"},"_margin":{"unit":"px","top":"-25","right":"0","bottom":"0","left":"25","isLinked":false},"custom_css":"#elementor-tab-content-2401 {\n    padding-top: 0px;\n}\n\n#elementor-tab-title-2401 {\n    padding-bottom: 5px\n}","border_width":{"unit":"px","size":0,"sizes":[]},"space_between":{"unit":"px","size":0,"sizes":[]},"icon_space":{"unit":"px","size":3,"sizes":[]},"content_padding":{"unit":"px","top":"0","right":"0","bottom":"0","left":"39","isLinked":false}},"elements":[],"isInner":false,"widgetType":"toggle","elType":"widget"},{"id":"d695ec9","settings":{"css_classes":"align-to-bottom"},"elements":[{"id":"692ade15","settings":{"_column_size":100,"_inline_size":null},"elements":[{"id":"4fd62d74","settings":{"title":"Chce\u0161 se z\u00fa\u010dastnit? Napi\u0161 n\u00e1m:","typography_typography":"custom","typography_font_family":"Montserrat","typography_font_weight":"600","header_size":"h3","typography_font_size":{"unit":"px","size":20,"sizes":[]},"_padding":{"unit":"px","top":"0","right":"0","bottom":"5","left":"0","isLinked":""},"_margin":{"unit":"%","top":"5","right":"0","bottom":"0","left":"0","isLinked":""},"__globals__":{"typography_typography":"","title_color":"globals\/colors?id=secondary"}},"elements":[],"isInner":false,"widgetType":"heading","elType":"widget"},{"id":"7d9ef4a1","settings":{"social_icon_list":[{"social":"fa fa-facebook","_id":"486vy0g","social_icon":{"value":"fab fa-facebook-f","library":"fa-brands"},"__fa4_migrated":{"social_icon":"1"},"link":{"url":"https:\/\/www.facebook.com\/bara.hornikova.3","is_external":"true","nofollow":"","custom_attributes":""}},{"social":"fa fa-twitter","_id":"yp37zp8","social_icon":{"value":"fas fa-envelope","library":"fa-solid"},"__fa4_migrated":{"social_icon":"1"},"link":{"url":"mailto:barbora.hornikova@outlook.com","is_external":"","nofollow":"","custom_attributes":""}}],"align":"left","icon_color":"custom","icon_primary_color":"rgba(0,0,0,0)","icon_padding":{"unit":"em","size":"0"},"icon_spacing":{"unit":"px","size":"19"},"align_tablet":"left","align_mobile":"left","hover_animation":"bounce-in","__globals__":{"icon_secondary_color":"globals\/colors?id=secondary"}},"elements":[],"isInner":false,"widgetType":"social-icons","elType":"widget"}],"isInner":true,"elType":"column"}],"isInner":true,"elType":"section"}],"isInner":true,"elType":"column"},{"id":"7653dcb8","settings":{"_column_size":50,"_inline_size":null,"border_border":"solid","border_width":{"unit":"px","top":"2","right":"2","bottom":"2","left":"2","isLinked":true},"border_radius":{"unit":"px","top":"2","right":"2","bottom":"2","left":"2","isLinked":true},"margin":{"unit":"px","top":"10","right":"10","bottom":"10","left":"10","isLinked":true},"padding":{"unit":"px","top":"10","right":"10","bottom":"10","left":"10","isLinked":true},"custom_css":"selector .elementor-widget-wrap {\r\n        flex-direction: column;\r\n}\r\n\r\nselector .align-to-bottom {\r\n        margin-top: auto;\r\n}","__globals__":{"border_color":"globals\/colors?id=secondary","background_overlay_color":"globals\/colors?id=primary"},"background_background":"classic","background_image":{"url":"","id":"","alt":"","source":"library"},"background_overlay_background":"classic","background_overlay_opacity":{"unit":"px","size":1,"sizes":[]}},"elements":[{"id":"1e8519f8","settings":{"eael_show_dch_icon_content":"","eael_show_dch_separator":"yes","eael_dch_first_title":"Coming next year:","eael_dch_last_title":"Rozv\u011bd\u010d\u00edk 2023&nbsp;-&nbsp;profi","eael_dch_subtext":"<p>\u00darove\u0148 EX - KP<\/p>","eael_dch_base_title_color":"#003E53","eael_dch_dual_title_color":"#8DACA6","eael_dch_first_title_typography_typography":"custom","eael_dch_first_title_typography_font_family":"Montserrat","eael_dch_first_title_typography_font_weight":"600","eael_dch_first_title_typography_text_transform":"uppercase","eael_dch_subtext_color":"#8DACA6","eael_dch_subtext_typography_typography":"custom","eael_dch_subtext_typography_font_family":"Montserrat","eael_dch_subtext_typography_font_weight":"600","eael_dch_separator_left_width":{"unit":"%","size":20,"sizes":[]},"eael_dch_separator_left_height":{"unit":"px","size":2,"sizes":[]},"eael_dch_separator_left_bg_background":"classic","eael_dch_separator_left_bg_color":"#003E53","eael_dch_separator_right_width":{"unit":"%","size":20,"sizes":[]},"eael_dch_separator_right_height":{"unit":"px","size":2,"sizes":[]},"eael_dch_separator_right_bg_background":"classic","eael_dch_separator_right_bg_color":"#8DACA6","__globals__":{"eael_dch_subtext_typography_typography":"","eael_dch_first_title_typography_typography":"globals\/typography?id=secondary","eael_dch_subtext_color":"globals\/colors?id=secondary","eael_dch_dual_title_color":"globals\/colors?id=secondary","eael_dch_base_title_color":"globals\/colors?id=7fcabb5","eael_dch_separator_left_bg_color":"globals\/colors?id=7fcabb5","eael_dch_separator_right_bg_color":"globals\/colors?id=secondary"},"eael_section_dch_separator_margin":{"unit":"px","top":"0","right":"0","bottom":"6","left":"0","isLinked":false}},"elements":[],"isInner":false,"widgetType":"eael-dual-color-header","elType":"widget"},{"id":"72af4a67","settings":{"icon_list":[{"text":"10.6.2023 nebo 17.6.2023","selected_icon":{"value":"far fa-calendar-alt","library":"fa-regular"},"_id":"443a850"},{"text":"Osada Rozv\u011bd\u010d\u00edk","selected_icon":{"value":"fas fa-map-marker-alt","library":"fa-solid"},"_id":"52b396b","link":{"url":"https:\/\/www.google.com\/maps\/place\/50%C2%B000'15.8%22N+13%C2%B049'16.7%22E\/@50.0043511,13.8196706,17.04z\/data=!4m5!3m4!1s0x0:0x0!8m2!3d50.0043889!4d13.8213056","is_external":"on","nofollow":"","custom_attributes":""}},{"_id":"d388d5a","text":"Ob\u010derstven\u00ed zaji\u0161t\u011bno","selected_icon":{"value":"fas fa-pizza-slice","library":"fa-solid"}},{"text":"Kapacita 30 (voln\u00fdch 29)","selected_icon":{"value":"fas fa-users","library":"fa-solid"},"_id":"7276231"}],"icon_size":{"unit":"px","size":20,"sizes":[]},"__globals__":{"icon_color":"globals\/colors?id=secondary","icon_typography_typography":""},"link_click":"inline","icon_align":"left","icon_self_align":"center","icon_color":"#8DACA6","icon_typography_typography":"custom","icon_typography_font_family":"Montserrat","icon_typography_font_weight":"600","text_indent":{"unit":"px","size":15,"sizes":[]},"_padding":{"unit":"px","top":"0","right":"0","bottom":"0","left":"5","isLinked":false}},"elements":[],"isInner":false,"widgetType":"icon-list","elType":"widget"},{"id":"45810075","settings":{"tabs":[{"tab_title":"S k\u00fdm si zahraje\u0161?","tab_content":"<p>B\u00e1ra<\/p><p style=\"line-height: var(--wp--typography--line-height, var(--global--line-height-body)); letter-spacing: -0.4px;\">\u00a0<\/p>","_id":"adb21fb"}],"selected_icon":{"value":"fas fa-angle-down","library":"fa-solid"},"selected_active_icon":{"value":"fas fa-angle-up","library":"fa-solid"},"border_color":"#FFFFFF","title_color":"#8DACA6","tab_active_color":"#003E53","title_typography_typography":"custom","title_typography_font_family":"Montserrat","title_typography_font_size":{"unit":"px","size":20,"sizes":[]},"title_typography_font_weight":"600","content_color":"#8DACA6","content_typography_typography":"custom","content_typography_font_family":"Montserrat","content_typography_font_size":{"unit":"px","size":20,"sizes":[]},"content_typography_font_weight":"500","content_typography_line_height":{"unit":"em","size":1.100000000000000088817841970012523233890533447265625,"sizes":[]},"content_typography_letter_spacing":{"unit":"px","size":-0.40000000000000002220446049250313080847263336181640625,"sizes":[]},"__globals__":{"title_typography_typography":"","tab_active_color":"globals\/colors?id=7fcabb5","title_color":"globals\/colors?id=secondary","content_typography_typography":"","border_color":"globals\/colors?id=primary","content_color":"globals\/colors?id=secondary"},"_margin":{"unit":"px","top":"-25","right":"0","bottom":"0","left":"25","isLinked":false},"custom_css":"#elementor-tab-content-2401 {\n    padding-top: 0px;\n}\n\n#elementor-tab-title-2401 {\n    padding-bottom: 5px\n}","border_width":{"unit":"px","size":0,"sizes":[]},"space_between":{"unit":"px","size":0,"sizes":[]},"icon_space":{"unit":"px","size":3,"sizes":[]},"content_padding":{"unit":"px","top":"0","right":"0","bottom":"0","left":"39","isLinked":false}},"elements":[],"isInner":false,"widgetType":"toggle","elType":"widget"},{"id":"b2bf298","settings":{"css_classes":"align-to-bottom"},"elements":[{"id":"5f1974cc","settings":{"_column_size":100,"_inline_size":null},"elements":[{"id":"746b9f1b","settings":{"title":"Chce\u0161 se z\u00fa\u010dastnit? Napi\u0161 n\u00e1m:","typography_typography":"custom","typography_font_family":"Montserrat","typography_font_weight":"600","header_size":"h3","typography_font_size":{"unit":"px","size":20,"sizes":[]},"_padding":{"unit":"px","top":"0","right":"0","bottom":"5","left":"0","isLinked":""},"_margin":{"unit":"%","top":"5","right":"0","bottom":"0","left":"0","isLinked":""},"__globals__":{"typography_typography":"","title_color":"globals\/colors?id=secondary"}},"elements":[],"isInner":false,"widgetType":"heading","elType":"widget"},{"id":"7d26cf79","settings":{"social_icon_list":[{"social":"fa fa-facebook","_id":"486vy0g","social_icon":{"value":"fab fa-facebook-f","library":"fa-brands"},"__fa4_migrated":{"social_icon":"1"},"link":{"url":"https:\/\/www.facebook.com\/bara.hornikova.3","is_external":"true","nofollow":"","custom_attributes":""}},{"social":"fa fa-twitter","_id":"yp37zp8","social_icon":{"value":"fas fa-envelope","library":"fa-solid"},"__fa4_migrated":{"social_icon":"1"},"link":{"url":"mailto:barbora.hornikova@outlook.com","is_external":"","nofollow":"","custom_attributes":""}}],"align":"left","icon_color":"custom","icon_primary_color":"rgba(0,0,0,0)","icon_padding":{"unit":"em","size":"0"},"icon_spacing":{"unit":"px","size":"19"},"align_tablet":"left","align_mobile":"left","hover_animation":"bounce-in","__globals__":{"icon_secondary_color":"globals\/colors?id=secondary"}},"elements":[],"isInner":false,"widgetType":"social-icons","elType":"widget"}],"isInner":true,"elType":"column"}],"isInner":true,"elType":"section"}],"isInner":true,"elType":"column"}],"isInner":true,"elType":"section"},{"id":"4e87d554","settings":{"structure":"20"},"elements":[{"id":"74bf83de","settings":{"_column_size":50,"_inline_size":null,"border_border":"solid","border_width":{"unit":"px","top":"2","right":"2","bottom":"2","left":"2","isLinked":true},"border_radius":{"unit":"px","top":"2","right":"2","bottom":"2","left":"2","isLinked":true},"margin":{"unit":"px","top":"10","right":"10","bottom":"10","left":"10","isLinked":true},"padding":{"unit":"px","top":"10","right":"10","bottom":"10","left":"10","isLinked":true},"custom_css":"selector .elementor-widget-wrap {\r\n        flex-direction: column;\r\n}\r\n\r\nselector .align-to-bottom {\r\n        margin-top: auto;\r\n}","__globals__":{"border_color":"globals\/colors?id=secondary","background_overlay_color":"globals\/colors?id=primary"},"background_background":"classic","background_image":{"url":"","id":"","alt":"","source":"library"},"background_overlay_background":"classic","background_overlay_opacity":{"unit":"px","size":1,"sizes":[]}},"elements":[{"id":"333698c3","settings":{"eael_show_dch_icon_content":"","eael_show_dch_separator":"yes","eael_dch_first_title":"Coming next year:","eael_dch_last_title":"Rozv\u011bd\u010d\u00edk 2023&nbsp;-&nbsp;hobby","eael_dch_subtext":"<p>\u00darove\u0148 KP - AVL<\/p>","eael_dch_base_title_color":"#003E53","eael_dch_dual_title_color":"#8DACA6","eael_dch_first_title_typography_typography":"custom","eael_dch_first_title_typography_font_family":"Montserrat","eael_dch_first_title_typography_font_weight":"600","eael_dch_first_title_typography_text_transform":"uppercase","eael_dch_subtext_color":"#8DACA6","eael_dch_subtext_typography_typography":"custom","eael_dch_subtext_typography_font_family":"Montserrat","eael_dch_subtext_typography_font_weight":"600","eael_dch_separator_left_width":{"unit":"%","size":20,"sizes":[]},"eael_dch_separator_left_height":{"unit":"px","size":2,"sizes":[]},"eael_dch_separator_left_bg_background":"classic","eael_dch_separator_left_bg_color":"#003E53","eael_dch_separator_right_width":{"unit":"%","size":20,"sizes":[]},"eael_dch_separator_right_height":{"unit":"px","size":2,"sizes":[]},"eael_dch_separator_right_bg_background":"classic","eael_dch_separator_right_bg_color":"#8DACA6","__globals__":{"eael_dch_subtext_typography_typography":"","eael_dch_first_title_typography_typography":"globals\/typography?id=secondary","eael_dch_subtext_color":"globals\/colors?id=secondary","eael_dch_dual_title_color":"globals\/colors?id=secondary","eael_dch_base_title_color":"globals\/colors?id=7fcabb5","eael_dch_separator_left_bg_color":"globals\/colors?id=7fcabb5","eael_dch_separator_right_bg_color":"globals\/colors?id=secondary"},"eael_section_dch_separator_margin":{"unit":"px","top":"0","right":"0","bottom":"6","left":"0","isLinked":false}},"elements":[],"isInner":false,"widgetType":"eael-dual-color-header","elType":"widget"},{"id":"7430ec1e","settings":{"icon_list":[{"text":"5.8.2023","selected_icon":{"value":"far fa-calendar-alt","library":"fa-regular"},"_id":"443a850"},{"text":"Osada Rozv\u011bd\u010d\u00edk","selected_icon":{"value":"fas fa-map-marker-alt","library":"fa-solid"},"_id":"52b396b","link":{"url":"https:\/\/www.google.com\/maps\/place\/50%C2%B000'15.8%22N+13%C2%B049'16.7%22E\/@50.0043511,13.8196706,17.04z\/data=!4m5!3m4!1s0x0:0x0!8m2!3d50.0043889!4d13.8213056","is_external":"on","nofollow":"","custom_attributes":""}},{"_id":"d388d5a","text":"Ob\u010derstven\u00ed zaji\u0161t\u011bno","selected_icon":{"value":"fas fa-pizza-slice","library":"fa-solid"}},{"text":"Kapacita 36 (voln\u00fdch 35)","selected_icon":{"value":"fas fa-users","library":"fa-solid"},"_id":"7276231"}],"icon_size":{"unit":"px","size":20,"sizes":[]},"__globals__":{"icon_color":"globals\/colors?id=secondary","icon_typography_typography":""},"link_click":"inline","icon_align":"left","icon_self_align":"center","icon_color":"#8DACA6","icon_typography_typography":"custom","icon_typography_font_family":"Montserrat","icon_typography_font_weight":"600","text_indent":{"unit":"px","size":15,"sizes":[]},"_padding":{"unit":"px","top":"0","right":"0","bottom":"0","left":"5","isLinked":false}},"elements":[],"isInner":false,"widgetType":"icon-list","elType":"widget"},{"id":"22dcd332","settings":{"tabs":[{"tab_title":"S k\u00fdm si zahraje\u0161?","tab_content":"<p style=\"line-height: var(--wp--typography--line-height, var(--global--line-height-body)); letter-spacing: -0.4px;\">B\u00e1ra<\/p>","_id":"adb21fb"}],"selected_icon":{"value":"fas fa-angle-down","library":"fa-solid"},"selected_active_icon":{"value":"fas fa-angle-up","library":"fa-solid"},"border_color":"#FFFFFF","title_color":"#8DACA6","tab_active_color":"#003E53","title_typography_typography":"custom","title_typography_font_family":"Montserrat","title_typography_font_size":{"unit":"px","size":20,"sizes":[]},"title_typography_font_weight":"600","content_color":"#8DACA6","content_typography_typography":"custom","content_typography_font_family":"Montserrat","content_typography_font_size":{"unit":"px","size":20,"sizes":[]},"content_typography_font_weight":"500","content_typography_line_height":{"unit":"em","size":1.100000000000000088817841970012523233890533447265625,"sizes":[]},"content_typography_letter_spacing":{"unit":"px","size":-0.40000000000000002220446049250313080847263336181640625,"sizes":[]},"__globals__":{"title_typography_typography":"","tab_active_color":"globals\/colors?id=7fcabb5","title_color":"globals\/colors?id=secondary","content_typography_typography":"","border_color":"globals\/colors?id=primary","content_color":"globals\/colors?id=secondary"},"_margin":{"unit":"px","top":"-25","right":"0","bottom":"0","left":"25","isLinked":false},"custom_css":"#elementor-tab-content-2401 {\n    padding-top: 0px;\n}\n\n#elementor-tab-title-2401 {\n    padding-bottom: 5px\n}","border_width":{"unit":"px","size":0,"sizes":[]},"space_between":{"unit":"px","size":0,"sizes":[]},"icon_space":{"unit":"px","size":3,"sizes":[]},"content_padding":{"unit":"px","top":"0","right":"0","bottom":"0","left":"39","isLinked":false}},"elements":[],"isInner":false,"widgetType":"toggle","elType":"widget"},{"id":"65b7557f","settings":{"css_classes":"align-to-bottom"},"elements":[{"id":"5b348db0","settings":{"_column_size":100,"_inline_size":null},"elements":[{"id":"c968100","settings":{"title":"Chce\u0161 se z\u00fa\u010dastnit? Napi\u0161 n\u00e1m:","typography_typography":"custom","typography_font_family":"Montserrat","typography_font_weight":"600","header_size":"h3","typography_font_size":{"unit":"px","size":20,"sizes":[]},"_padding":{"unit":"px","top":"0","right":"0","bottom":"5","left":"0","isLinked":""},"_margin":{"unit":"%","top":"5","right":"0","bottom":"0","left":"0","isLinked":""},"__globals__":{"typography_typography":"","title_color":"globals\/colors?id=secondary"}},"elements":[],"isInner":false,"widgetType":"heading","elType":"widget"},{"id":"6fd67e99","settings":{"social_icon_list":[{"social":"fa fa-facebook","_id":"486vy0g","social_icon":{"value":"fab fa-facebook-f","library":"fa-brands"},"__fa4_migrated":{"social_icon":"1"},"link":{"url":"https:\/\/www.facebook.com\/bara.hornikova.3","is_external":"true","nofollow":"","custom_attributes":""}},{"social":"fa fa-twitter","_id":"yp37zp8","social_icon":{"value":"fas fa-envelope","library":"fa-solid"},"__fa4_migrated":{"social_icon":"1"},"link":{"url":"mailto:barbora.hornikova@outlook.com","is_external":"","nofollow":"","custom_attributes":""}}],"align":"left","icon_color":"custom","icon_primary_color":"rgba(0,0,0,0)","icon_padding":{"unit":"em","size":"0"},"icon_spacing":{"unit":"px","size":"19"},"align_tablet":"left","align_mobile":"left","hover_animation":"bounce-in","__globals__":{"icon_secondary_color":"globals\/colors?id=secondary"}},"elements":[],"isInner":false,"widgetType":"social-icons","elType":"widget"}],"isInner":true,"elType":"column"}],"isInner":true,"elType":"section"}],"isInner":true,"elType":"column"},{"id":"41c318cc","settings":{"_column_size":50,"_inline_size":null},"elements":[],"isInner":true,"elType":"column"}],"isInner":true,"elType":"section"}],"isInner":false,"elType":"column"}],"isInner":false,"elType":"section"},{"id":"59976f8d","settings":{"content_width":{"unit":"px","size":1024,"sizes":[]},"background_background":"gradient","background_color":"#FFFFFF","background_color_b":"#FFFFFF40","__globals__":{"background_color":"globals\/colors?id=primary","background_color_b":""},"background_color_b_stop":{"unit":"%","size":40,"sizes":[]}},"elements":[{"id":"10691107","settings":{"_column_size":100,"_inline_size":null},"elements":[{"id":"1d95eac8","settings":[],"elements":[{"id":"7ada293a","settings":{"_column_size":100,"_inline_size":null},"elements":[],"isInner":true,"elType":"column"}],"isInner":true,"elType":"section"}],"isInner":false,"elType":"column"}],"isInner":false,"elType":"section"}],"settings":{"template":"default","eael_ext_toc_title":"Table of Contents","background_background":"classic","__globals__":{"background_color":"globals\/colors?id=primary"},"background_image":{"url":"https:\/\/www.rozvedcik-volejbal.cz\/wp-content\/uploads\/2021\/07\/what-the-hex.png","id":822,"alt":"","source":"library"},"custom_css":"@media(max-width: 767px){\n    .flex-reversed-section > div{\n        flex-direction: column-reverse;\n    }\n}"},"metadata":[]}