{"content":[],"settings":{"template":"default","system_colors":[{"_id":"primary","title":"Prim\u00e1rn\u00ed","color":"#FFFFFF"},{"_id":"secondary","title":"Sekund\u00e1rn\u00ed","color":"#8DACA6"},{"_id":"text","title":"HTML","color":"#7A7A7A"},{"_id":"accent","title":"Akcent","color":"#D2E9E1"}],"custom_colors":[{"_id":"6e40ef7","title":"Button","color":"#e4bc36"},{"_id":"7fcabb5","title":"Background","color":"#003E53"},{"_id":"a2c7b92","title":"Sekund\u00e1rn\u00ed similar","color":"#789E97"}],"system_typography":[{"_id":"primary","title":"Prim\u00e1rn\u00ed","typography_typography":"custom","typography_font_family":"Montserrat","typography_font_weight":"600"},{"_id":"secondary","title":"Sekund\u00e1rn\u00ed","typography_typography":"custom","typography_font_family":"Montserrat","typography_font_weight":"400","typography_text_transform":"uppercase"},{"_id":"text","title":"HTML","typography_typography":"custom","typography_font_family":"Roboto","typography_font_weight":"400"},{"_id":"accent","title":"Akcent","typography_typography":"custom","typography_font_family":"Montserrat","typography_font_weight":"500"}],"custom_typography":[{"_id":"f704b06","title":"Verz\u00e1lky","typography_typography":"custom","typography_font_family":"Montserrat","typography_font_size":{"unit":"px","size":40,"sizes":[]},"typography_text_transform":"uppercase","typography_font_weight":"500"},{"typography_typography":"custom","typography_font_family":"Montserrat","typography_font_size":{"unit":"px","size":30,"sizes":[]},"typography_font_weight":"500","_id":"41de06e","title":"Normal"}],"default_generic_fonts":"Sans-serif","body_background_background":"gradient","page_title_selector":"h1.entry-title","lightbox_color":"#020101","activeItemIndex":1,"viewport_md":768,"viewport_lg":1025,"default_page_template":"elementor_canvas","image_border_radius":{"unit":"px","top":"0","right":"0","bottom":"0","left":"0","isLinked":true},"lightbox_title_src":"","lightbox_description_src":""},"metadata":[]}